solid ASCII
  facet normal 4.940940e-02 -1.303668e-01 -9.902339e-01
    outer loop
      vertex   2.350000e+01 3.705905e-01 -1.098296e+01
      vertex   2.350000e+01 5.000000e-01 -1.100000e+01
      vertex   2.359287e+01 4.230436e-01 -1.098523e+01
    endloop
  endfacet
  facet normal 1.304564e-01 -3.268886e-02 -9.909150e-01
    outer loop
      vertex   2.359287e+01 4.230436e-01 -1.098523e+01
      vertex   2.350000e+01 5.000000e-01 -1.100000e+01
      vertex   2.362941e+01 5.000000e-01 -1.098296e+01
    endloop
  endfacet
  facet normal 3.162140e-01 -1.223638e-01 -9.407634e-01
    outer loop
      vertex   2.359287e+01 4.230436e-01 -1.098523e+01
      vertex   2.362941e+01 5.000000e-01 -1.098296e+01
      vertex   2.369927e+01 3.898833e-01 -1.094516e+01
    endloop
  endfacet
  facet normal 3.816287e-01 -7.419375e-02 -9.213332e-01
    outer loop
      vertex   2.369927e+01 3.898833e-01 -1.094516e+01
      vertex   2.362941e+01 5.000000e-01 -1.098296e+01
      vertex   2.375000e+01 5.000000e-01 -1.093301e+01
    endloop
  endfacet
  facet normal 5.215192e-01 -1.475718e-01 -8.403810e-01
    outer loop
      vertex   2.369927e+01 3.898833e-01 -1.094516e+01
      vertex   2.375000e+01 5.000000e-01 -1.093301e+01
      vertex   2.379747e+01 3.727572e-01 -1.088121e+01
    endloop
  endfacet
  facet normal 6.059824e-01 -9.544300e-02 -7.897316e-01
    outer loop
      vertex   2.379747e+01 3.727572e-01 -1.088121e+01
      vertex   2.375000e+01 5.000000e-01 -1.093301e+01
      vertex   2.385355e+01 5.000000e-01 -1.085355e+01
    endloop
  endfacet
  facet normal 6.984452e-01 -1.560404e-01 -6.984452e-01
    outer loop
      vertex   2.379747e+01 3.727572e-01 -1.088121e+01
      vertex   2.385355e+01 5.000000e-01 -1.085355e+01
      vertex   2.388121e+01 3.727572e-01 -1.079747e+01
    endloop
  endfacet
  facet normal 7.897316e-01 -9.544300e-02 -6.059824e-01
    outer loop
      vertex   2.388121e+01 3.727572e-01 -1.079747e+01
      vertex   2.385355e+01 5.000000e-01 -1.085355e+01
      vertex   2.393301e+01 5.000000e-01 -1.075000e+01
    endloop
  endfacet
  facet normal 8.403810e-01 -1.475718e-01 -5.215192e-01
    outer loop
      vertex   2.388121e+01 3.727572e-01 -1.079747e+01
      vertex   2.393301e+01 5.000000e-01 -1.075000e+01
      vertex   2.394516e+01 3.898833e-01 -1.069927e+01
    endloop
  endfacet
  facet normal 9.213332e-01 -7.419375e-02 -3.816287e-01
    outer loop
      vertex   2.394516e+01 3.898833e-01 -1.069927e+01
      vertex   2.393301e+01 5.000000e-01 -1.075000e+01
      vertex   2.398296e+01 5.000000e-01 -1.062941e+01
    endloop
  endfacet
  facet normal 9.407634e-01 -1.223638e-01 -3.162140e-01
    outer loop
      vertex   2.394516e+01 3.898833e-01 -1.069927e+01
      vertex   2.398296e+01 5.000000e-01 -1.062941e+01
      vertex   2.398523e+01 4.230436e-01 -1.059287e+01
    endloop
  endfacet
  facet normal 9.909150e-01 -3.268886e-02 -1.304564e-01
    outer loop
      vertex   2.398523e+01 4.230436e-01 -1.059287e+01
      vertex   2.398296e+01 5.000000e-01 -1.062941e+01
      vertex   2.400000e+01 5.000000e-01 -1.050000e+01
    endloop
  endfacet
  facet normal 9.902339e-01 -1.303668e-01 -4.940940e-02
    outer loop
      vertex   2.398523e+01 4.230436e-01 -1.059287e+01
      vertex   2.400000e+01 5.000000e-01 -1.050000e+01
      vertex   2.398296e+01 3.705905e-01 -1.050000e+01
    endloop
  endfacet
  facet normal 9.537278e-01 -2.711922e-01 -1.298391e-01
    outer loop
      vertex   2.398523e+01 4.230436e-01 -1.059287e+01
      vertex   2.398296e+01 3.705905e-01 -1.050000e+01
      vertex   2.395875e+01 3.056781e-01 -1.054227e+01
    endloop
  endfacet
  facet normal 9.223031e-01 -3.820305e-01 5.839280e-02
    outer loop
      vertex   2.395875e+01 3.056781e-01 -1.054227e+01
      vertex   2.398296e+01 3.705905e-01 -1.050000e+01
      vertex   2.393301e+01 2.500000e-01 -1.050000e+01
    endloop
  endfacet
  facet normal 8.447130e-01 -5.110938e-01 -1.588805e-01
    outer loop
      vertex   2.395875e+01 3.056781e-01 -1.054227e+01
      vertex   2.393301e+01 2.500000e-01 -1.050000e+01
      vertex   2.391621e+01 2.704790e-01 -1.065520e+01
    endloop
  endfacet
  facet normal 8.257119e-01 -5.407082e-01 -1.607312e-01
    outer loop
      vertex   2.391621e+01 2.704790e-01 -1.065520e+01
      vertex   2.393301e+01 2.500000e-01 -1.050000e+01
      vertex   2.385890e+01 1.667161e-01 -1.060056e+01
    endloop
  endfacet
  facet normal 7.197061e-01 -5.901245e-01 -3.657544e-01
    outer loop
      vertex   2.391621e+01 2.704790e-01 -1.065520e+01
      vertex   2.385890e+01 1.667161e-01 -1.060056e+01
      vertex   2.384833e+01 2.522999e-01 -1.075944e+01
    endloop
  endfacet
  facet normal 7.197061e-01 -5.901245e-01 -3.657544e-01
    outer loop
      vertex   2.384833e+01 2.522999e-01 -1.075944e+01
      vertex   2.385890e+01 1.667161e-01 -1.060056e+01
      vertex   2.379172e+01 1.487230e-01 -1.070373e+01
    endloop
  endfacet
  facet normal 5.611197e-01 -6.085140e-01 -5.611197e-01
    outer loop
      vertex   2.384833e+01 2.522999e-01 -1.075944e+01
      vertex   2.379172e+01 1.487230e-01 -1.070373e+01
      vertex   2.375944e+01 2.522999e-01 -1.084833e+01
    endloop
  endfacet
  facet normal 5.611197e-01 -6.085140e-01 -5.611197e-01
    outer loop
      vertex   2.375944e+01 2.522999e-01 -1.084833e+01
      vertex   2.379172e+01 1.487230e-01 -1.070373e+01
      vertex   2.370373e+01 1.487230e-01 -1.079172e+01
    endloop
  endfacet
  facet normal 3.657544e-01 -5.901245e-01 -7.197061e-01
    outer loop
      vertex   2.375944e+01 2.522999e-01 -1.084833e+01
      vertex   2.370373e+01 1.487230e-01 -1.079172e+01
      vertex   2.365520e+01 2.704790e-01 -1.091621e+01
    endloop
  endfacet
  facet normal 3.657544e-01 -5.901245e-01 -7.197061e-01
    outer loop
      vertex   2.365520e+01 2.704790e-01 -1.091621e+01
      vertex   2.370373e+01 1.487230e-01 -1.079172e+01
      vertex   2.360056e+01 1.667161e-01 -1.085890e+01
    endloop
  endfacet
  facet normal 1.607312e-01 -5.407082e-01 -8.257119e-01
    outer loop
      vertex   2.365520e+01 2.704790e-01 -1.091621e+01
      vertex   2.360056e+01 1.667161e-01 -1.085890e+01
      vertex   2.350000e+01 2.500000e-01 -1.093301e+01
    endloop
  endfacet
  facet normal 8.026201e-02 -6.067974e-01 -7.907938e-01
    outer loop
      vertex   2.350000e+01 2.500000e-01 -1.093301e+01
      vertex   2.360056e+01 1.667161e-01 -1.085890e+01
      vertex   2.350000e+01 1.464466e-01 -1.085355e+01
    endloop
  endfacet
  facet normal 1.159338e-01 -7.476569e-01 -6.538873e-01
    outer loop
      vertex   2.350000e+01 1.464466e-01 -1.085355e+01
      vertex   2.360056e+01 1.667161e-01 -1.085890e+01
      vertex   2.353907e+01 8.566606e-02 -1.077713e+01
    endloop
  endfacet
  facet normal -4.340169e-02 -7.926058e-01 -6.081878e-01
    outer loop
      vertex   2.350000e+01 1.464466e-01 -1.085355e+01
      vertex   2.353907e+01 8.566606e-02 -1.077713e+01
      vertex   2.350000e+01 6.698730e-02 -1.075000e+01
    endloop
  endfacet
  facet normal 1.261909e-01 -8.925984e-01 -4.328324e-01
    outer loop
      vertex   2.350000e+01 6.698730e-02 -1.075000e+01
      vertex   2.353907e+01 8.566606e-02 -1.077713e+01
      vertex   2.363414e+01 6.908503e-02 -1.071522e+01
    endloop
  endfacet
  facet normal 1.178222e-01 -9.091026e-01 -3.995626e-01
    outer loop
      vertex   2.350000e+01 6.698730e-02 -1.075000e+01
      vertex   2.363414e+01 6.908503e-02 -1.071522e+01
      vertex   2.355541e+01 1.881321e-02 -1.062405e+01
    endloop
  endfacet
  facet normal 2.729599e-01 -9.224889e-01 -2.729599e-01
    outer loop
      vertex   2.355541e+01 1.881321e-02 -1.062405e+01
      vertex   2.363414e+01 6.908503e-02 -1.071522e+01
      vertex   2.362405e+01 1.881321e-02 -1.055541e+01
    endloop
  endfacet
  facet normal 1.036987e-01 -9.891881e-01 -1.036987e-01
    outer loop
      vertex   2.355541e+01 1.881321e-02 -1.062405e+01
      vertex   2.362405e+01 1.881321e-02 -1.055541e+01
      vertex   2.350000e+01 0.000000e+00 -1.050000e+01
    endloop
  endfacet
  facet normal 1.303977e-01 -9.904691e-01 -4.435481e-02
    outer loop
      vertex   2.350000e+01 0.000000e+00 -1.050000e+01
      vertex   2.362405e+01 1.881321e-02 -1.055541e+01
      vertex   2.362941e+01 1.703709e-02 -1.050000e+01
    endloop
  endfacet
  facet normal 3.818374e-01 -9.218370e-01 -6.645835e-02
    outer loop
      vertex   2.362941e+01 1.703709e-02 -1.050000e+01
      vertex   2.362405e+01 1.881321e-02 -1.055541e+01
      vertex   2.375000e+01 6.698730e-02 -1.050000e+01
    endloop
  endfacet
  facet normal 3.995626e-01 -9.091026e-01 -1.178222e-01
    outer loop
      vertex   2.375000e+01 6.698730e-02 -1.050000e+01
      vertex   2.362405e+01 1.881321e-02 -1.055541e+01
      vertex   2.371522e+01 6.908503e-02 -1.063414e+01
    endloop
  endfacet
  facet normal 4.328324e-01 -8.925984e-01 -1.261909e-01
    outer loop
      vertex   2.375000e+01 6.698730e-02 -1.050000e+01
      vertex   2.371522e+01 6.908503e-02 -1.063414e+01
      vertex   2.377713e+01 8.566606e-02 -1.053907e+01
    endloop
  endfacet
  facet normal 5.834139e-01 -7.743828e-01 -2.448663e-01
    outer loop
      vertex   2.377713e+01 8.566606e-02 -1.053907e+01
      vertex   2.371522e+01 6.908503e-02 -1.063414e+01
      vertex   2.379172e+01 1.487230e-01 -1.070373e+01
    endloop
  endfacet
  facet normal 5.834139e-01 -7.743828e-01 -2.448663e-01
    outer loop
      vertex   2.377713e+01 8.566606e-02 -1.053907e+01
      vertex   2.379172e+01 1.487230e-01 -1.070373e+01
      vertex   2.385890e+01 1.667161e-01 -1.060056e+01
    endloop
  endfacet
  facet normal 7.907938e-01 -6.067974e-01 -8.026201e-02
    outer loop
      vertex   2.393301e+01 2.500000e-01 -1.050000e+01
      vertex   2.385355e+01 1.464466e-01 -1.050000e+01
      vertex   2.385890e+01 1.667161e-01 -1.060056e+01
    endloop
  endfacet
  facet normal 6.538873e-01 -7.476569e-01 -1.159338e-01
    outer loop
      vertex   2.385890e+01 1.667161e-01 -1.060056e+01
      vertex   2.385355e+01 1.464466e-01 -1.050000e+01
      vertex   2.377713e+01 8.566606e-02 -1.053907e+01
    endloop
  endfacet
  facet normal 6.081878e-01 -7.926058e-01 4.340169e-02
    outer loop
      vertex   2.385355e+01 1.464466e-01 -1.050000e+01
      vertex   2.375000e+01 6.698730e-02 -1.050000e+01
      vertex   2.377713e+01 8.566606e-02 -1.053907e+01
    endloop
  endfacet
  facet normal 4.435481e-02 -9.904691e-01 -1.303977e-01
    outer loop
      vertex   2.350000e+01 0.000000e+00 -1.050000e+01
      vertex   2.350000e+01 1.703709e-02 -1.062941e+01
      vertex   2.355541e+01 1.881321e-02 -1.062405e+01
    endloop
  endfacet
  facet normal 6.645835e-02 -9.218370e-01 -3.818374e-01
    outer loop
      vertex   2.355541e+01 1.881321e-02 -1.062405e+01
      vertex   2.350000e+01 1.703709e-02 -1.062941e+01
      vertex   2.350000e+01 6.698730e-02 -1.075000e+01
    endloop
  endfacet
  facet normal 1.588805e-01 -5.110938e-01 -8.447130e-01
    outer loop
      vertex   2.365520e+01 2.704790e-01 -1.091621e+01
      vertex   2.350000e+01 2.500000e-01 -1.093301e+01
      vertex   2.354227e+01 3.056781e-01 -1.095875e+01
    endloop
  endfacet
  facet normal -5.839280e-02 -3.820305e-01 -9.223031e-01
    outer loop
      vertex   2.354227e+01 3.056781e-01 -1.095875e+01
      vertex   2.350000e+01 2.500000e-01 -1.093301e+01
      vertex   2.350000e+01 3.705905e-01 -1.098296e+01
    endloop
  endfacet
  facet normal 1.298391e-01 -2.711922e-01 -9.537278e-01
    outer loop
      vertex   2.354227e+01 3.056781e-01 -1.095875e+01
      vertex   2.350000e+01 3.705905e-01 -1.098296e+01
      vertex   2.359287e+01 4.230436e-01 -1.098523e+01
    endloop
  endfacet
  facet normal 2.475550e-01 -3.135991e-01 -9.167181e-01
    outer loop
      vertex   2.365520e+01 2.704790e-01 -1.091621e+01
      vertex   2.354227e+01 3.056781e-01 -1.095875e+01
      vertex   2.359287e+01 4.230436e-01 -1.098523e+01
    endloop
  endfacet
  facet normal 4.620595e-01 -3.663208e-01 -8.076571e-01
    outer loop
      vertex   2.375944e+01 2.522999e-01 -1.084833e+01
      vertex   2.365520e+01 2.704790e-01 -1.091621e+01
      vertex   2.369927e+01 3.898833e-01 -1.094516e+01
    endloop
  endfacet
  facet normal 2.475550e-01 -3.135991e-01 -9.167181e-01
    outer loop
      vertex   2.369927e+01 3.898833e-01 -1.094516e+01
      vertex   2.365520e+01 2.704790e-01 -1.091621e+01
      vertex   2.359287e+01 4.230436e-01 -1.098523e+01
    endloop
  endfacet
  facet normal 2.448663e-01 -7.743828e-01 -5.834139e-01
    outer loop
      vertex   2.363414e+01 6.908503e-02 -1.071522e+01
      vertex   2.353907e+01 8.566606e-02 -1.077713e+01
      vertex   2.360056e+01 1.667161e-01 -1.085890e+01
    endloop
  endfacet
  facet normal 2.448663e-01 -7.743828e-01 -5.834139e-01
    outer loop
      vertex   2.363414e+01 6.908503e-02 -1.071522e+01
      vertex   2.360056e+01 1.667161e-01 -1.085890e+01
      vertex   2.370373e+01 1.487230e-01 -1.079172e+01
    endloop
  endfacet
  facet normal 6.528138e-01 -3.842763e-01 -6.528138e-01
    outer loop
      vertex   2.384833e+01 2.522999e-01 -1.075944e+01
      vertex   2.375944e+01 2.522999e-01 -1.084833e+01
      vertex   2.379747e+01 3.727572e-01 -1.088121e+01
    endloop
  endfacet
  facet normal 4.620595e-01 -3.663208e-01 -8.076571e-01
    outer loop
      vertex   2.379747e+01 3.727572e-01 -1.088121e+01
      vertex   2.375944e+01 2.522999e-01 -1.084833e+01
      vertex   2.369927e+01 3.898833e-01 -1.094516e+01
    endloop
  endfacet
  facet normal 4.317293e-01 -7.919720e-01 -4.317293e-01
    outer loop
      vertex   2.379172e+01 1.487230e-01 -1.070373e+01
      vertex   2.371522e+01 6.908503e-02 -1.063414e+01
      vertex   2.370373e+01 1.487230e-01 -1.079172e+01
    endloop
  endfacet
  facet normal 4.317293e-01 -7.919720e-01 -4.317293e-01
    outer loop
      vertex   2.370373e+01 1.487230e-01 -1.079172e+01
      vertex   2.371522e+01 6.908503e-02 -1.063414e+01
      vertex   2.363414e+01 6.908503e-02 -1.071522e+01
    endloop
  endfacet
  facet normal 2.729599e-01 -9.224889e-01 -2.729599e-01
    outer loop
      vertex   2.371522e+01 6.908503e-02 -1.063414e+01
      vertex   2.362405e+01 1.881321e-02 -1.055541e+01
      vertex   2.363414e+01 6.908503e-02 -1.071522e+01
    endloop
  endfacet
  facet normal 8.076571e-01 -3.663208e-01 -4.620595e-01
    outer loop
      vertex   2.391621e+01 2.704790e-01 -1.065520e+01
      vertex   2.384833e+01 2.522999e-01 -1.075944e+01
      vertex   2.388121e+01 3.727572e-01 -1.079747e+01
    endloop
  endfacet
  facet normal 6.528138e-01 -3.842763e-01 -6.528138e-01
    outer loop
      vertex   2.388121e+01 3.727572e-01 -1.079747e+01
      vertex   2.384833e+01 2.522999e-01 -1.075944e+01
      vertex   2.379747e+01 3.727572e-01 -1.088121e+01
    endloop
  endfacet
  facet normal 9.167181e-01 -3.135991e-01 -2.475550e-01
    outer loop
      vertex   2.395875e+01 3.056781e-01 -1.054227e+01
      vertex   2.391621e+01 2.704790e-01 -1.065520e+01
      vertex   2.394516e+01 3.898833e-01 -1.069927e+01
    endloop
  endfacet
  facet normal 8.076571e-01 -3.663208e-01 -4.620595e-01
    outer loop
      vertex   2.394516e+01 3.898833e-01 -1.069927e+01
      vertex   2.391621e+01 2.704790e-01 -1.065520e+01
      vertex   2.388121e+01 3.727572e-01 -1.079747e+01
    endloop
  endfacet
  facet normal 9.167181e-01 -3.135991e-01 -2.475550e-01
    outer loop
      vertex   2.398523e+01 4.230436e-01 -1.059287e+01
      vertex   2.395875e+01 3.056781e-01 -1.054227e+01
      vertex   2.394516e+01 3.898833e-01 -1.069927e+01
    endloop
  endfacet
  facet normal -9.902339e-01 -1.303668e-01 -4.940940e-02
    outer loop
      vertex   -2.398296e+01 3.705905e-01 -1.050000e+01
      vertex   -2.400000e+01 5.000000e-01 -1.050000e+01
      vertex   -2.398523e+01 4.230436e-01 -1.059287e+01
    endloop
  endfacet
  facet normal -9.909150e-01 -3.268886e-02 -1.304564e-01
    outer loop
      vertex   -2.398523e+01 4.230436e-01 -1.059287e+01
      vertex   -2.400000e+01 5.000000e-01 -1.050000e+01
      vertex   -2.398296e+01 5.000000e-01 -1.062941e+01
    endloop
  endfacet
  facet normal -9.407634e-01 -1.223638e-01 -3.162140e-01
    outer loop
      vertex   -2.398523e+01 4.230436e-01 -1.059287e+01
      vertex   -2.398296e+01 5.000000e-01 -1.062941e+01
      vertex   -2.394516e+01 3.898833e-01 -1.069927e+01
    endloop
  endfacet
  facet normal -9.213332e-01 -7.419375e-02 -3.816287e-01
    outer loop
      vertex   -2.394516e+01 3.898833e-01 -1.069927e+01
      vertex   -2.398296e+01 5.000000e-01 -1.062941e+01
      vertex   -2.393301e+01 5.000000e-01 -1.075000e+01
    endloop
  endfacet
  facet normal -8.403810e-01 -1.475718e-01 -5.215192e-01
    outer loop
      vertex   -2.394516e+01 3.898833e-01 -1.069927e+01
      vertex   -2.393301e+01 5.000000e-01 -1.075000e+01
      vertex   -2.388121e+01 3.727572e-01 -1.079747e+01
    endloop
  endfacet
  facet normal -7.897316e-01 -9.544300e-02 -6.059824e-01
    outer loop
      vertex   -2.388121e+01 3.727572e-01 -1.079747e+01
      vertex   -2.393301e+01 5.000000e-01 -1.075000e+01
      vertex   -2.385355e+01 5.000000e-01 -1.085355e+01
    endloop
  endfacet
  facet normal -6.984452e-01 -1.560404e-01 -6.984452e-01
    outer loop
      vertex   -2.388121e+01 3.727572e-01 -1.079747e+01
      vertex   -2.385355e+01 5.000000e-01 -1.085355e+01
      vertex   -2.379747e+01 3.727572e-01 -1.088121e+01
    endloop
  endfacet
  facet normal -6.059824e-01 -9.544300e-02 -7.897316e-01
    outer loop
      vertex   -2.379747e+01 3.727572e-01 -1.088121e+01
      vertex   -2.385355e+01 5.000000e-01 -1.085355e+01
      vertex   -2.375000e+01 5.000000e-01 -1.093301e+01
    endloop
  endfacet
  facet normal -5.215192e-01 -1.475718e-01 -8.403810e-01
    outer loop
      vertex   -2.379747e+01 3.727572e-01 -1.088121e+01
      vertex   -2.375000e+01 5.000000e-01 -1.093301e+01
      vertex   -2.369927e+01 3.898833e-01 -1.094516e+01
    endloop
  endfacet
  facet normal -3.816287e-01 -7.419375e-02 -9.213332e-01
    outer loop
      vertex   -2.369927e+01 3.898833e-01 -1.094516e+01
      vertex   -2.375000e+01 5.000000e-01 -1.093301e+01
      vertex   -2.362941e+01 5.000000e-01 -1.098296e+01
    endloop
  endfacet
  facet normal -3.162140e-01 -1.223638e-01 -9.407634e-01
    outer loop
      vertex   -2.369927e+01 3.898833e-01 -1.094516e+01
      vertex   -2.362941e+01 5.000000e-01 -1.098296e+01
      vertex   -2.359287e+01 4.230436e-01 -1.098523e+01
    endloop
  endfacet
  facet normal -1.304564e-01 -3.268886e-02 -9.909150e-01
    outer loop
      vertex   -2.359287e+01 4.230436e-01 -1.098523e+01
      vertex   -2.362941e+01 5.000000e-01 -1.098296e+01
      vertex   -2.350000e+01 5.000000e-01 -1.100000e+01
    endloop
  endfacet
  facet normal -4.940940e-02 -1.303668e-01 -9.902339e-01
    outer loop
      vertex   -2.359287e+01 4.230436e-01 -1.098523e+01
      vertex   -2.350000e+01 5.000000e-01 -1.100000e+01
      vertex   -2.350000e+01 3.705905e-01 -1.098296e+01
    endloop
  endfacet
  facet normal -1.298391e-01 -2.711922e-01 -9.537278e-01
    outer loop
      vertex   -2.359287e+01 4.230436e-01 -1.098523e+01
      vertex   -2.350000e+01 3.705905e-01 -1.098296e+01
      vertex   -2.354227e+01 3.056781e-01 -1.095875e+01
    endloop
  endfacet
  facet normal 5.839280e-02 -3.820305e-01 -9.223031e-01
    outer loop
      vertex   -2.354227e+01 3.056781e-01 -1.095875e+01
      vertex   -2.350000e+01 3.705905e-01 -1.098296e+01
      vertex   -2.350000e+01 2.500000e-01 -1.093301e+01
    endloop
  endfacet
  facet normal -1.588805e-01 -5.110938e-01 -8.447130e-01
    outer loop
      vertex   -2.354227e+01 3.056781e-01 -1.095875e+01
      vertex   -2.350000e+01 2.500000e-01 -1.093301e+01
      vertex   -2.365520e+01 2.704790e-01 -1.091621e+01
    endloop
  endfacet
  facet normal -1.607312e-01 -5.407082e-01 -8.257119e-01
    outer loop
      vertex   -2.365520e+01 2.704790e-01 -1.091621e+01
      vertex   -2.350000e+01 2.500000e-01 -1.093301e+01
      vertex   -2.360056e+01 1.667161e-01 -1.085890e+01
    endloop
  endfacet
  facet normal -3.657544e-01 -5.901245e-01 -7.197061e-01
    outer loop
      vertex   -2.365520e+01 2.704790e-01 -1.091621e+01
      vertex   -2.360056e+01 1.667161e-01 -1.085890e+01
      vertex   -2.375944e+01 2.522999e-01 -1.084833e+01
    endloop
  endfacet
  facet normal -3.657544e-01 -5.901245e-01 -7.197061e-01
    outer loop
      vertex   -2.375944e+01 2.522999e-01 -1.084833e+01
      vertex   -2.360056e+01 1.667161e-01 -1.085890e+01
      vertex   -2.370373e+01 1.487230e-01 -1.079172e+01
    endloop
  endfacet
  facet normal -5.611197e-01 -6.085140e-01 -5.611197e-01
    outer loop
      vertex   -2.375944e+01 2.522999e-01 -1.084833e+01
      vertex   -2.370373e+01 1.487230e-01 -1.079172e+01
      vertex   -2.384833e+01 2.522999e-01 -1.075944e+01
    endloop
  endfacet
  facet normal -5.611197e-01 -6.085140e-01 -5.611197e-01
    outer loop
      vertex   -2.384833e+01 2.522999e-01 -1.075944e+01
      vertex   -2.370373e+01 1.487230e-01 -1.079172e+01
      vertex   -2.379172e+01 1.487230e-01 -1.070373e+01
    endloop
  endfacet
  facet normal -7.197061e-01 -5.901245e-01 -3.657544e-01
    outer loop
      vertex   -2.384833e+01 2.522999e-01 -1.075944e+01
      vertex   -2.379172e+01 1.487230e-01 -1.070373e+01
      vertex   -2.391621e+01 2.704790e-01 -1.065520e+01
    endloop
  endfacet
  facet normal -7.197061e-01 -5.901245e-01 -3.657544e-01
    outer loop
      vertex   -2.391621e+01 2.704790e-01 -1.065520e+01
      vertex   -2.379172e+01 1.487230e-01 -1.070373e+01
      vertex   -2.385890e+01 1.667161e-01 -1.060056e+01
    endloop
  endfacet
  facet normal -8.257119e-01 -5.407082e-01 -1.607312e-01
    outer loop
      vertex   -2.391621e+01 2.704790e-01 -1.065520e+01
      vertex   -2.385890e+01 1.667161e-01 -1.060056e+01
      vertex   -2.393301e+01 2.500000e-01 -1.050000e+01
    endloop
  endfacet
  facet normal -7.907938e-01 -6.067974e-01 -8.026201e-02
    outer loop
      vertex   -2.393301e+01 2.500000e-01 -1.050000e+01
      vertex   -2.385890e+01 1.667161e-01 -1.060056e+01
      vertex   -2.385355e+01 1.464466e-01 -1.050000e+01
    endloop
  endfacet
  facet normal -6.538873e-01 -7.476569e-01 -1.159338e-01
    outer loop
      vertex   -2.385355e+01 1.464466e-01 -1.050000e+01
      vertex   -2.385890e+01 1.667161e-01 -1.060056e+01
      vertex   -2.377713e+01 8.566606e-02 -1.053907e+01
    endloop
  endfacet
  facet normal -6.081878e-01 -7.926058e-01 4.340169e-02
    outer loop
      vertex   -2.385355e+01 1.464466e-01 -1.050000e+01
      vertex   -2.377713e+01 8.566606e-02 -1.053907e+01
      vertex   -2.375000e+01 6.698730e-02 -1.050000e+01
    endloop
  endfacet
  facet normal -4.328324e-01 -8.925984e-01 -1.261909e-01
    outer loop
      vertex   -2.375000e+01 6.698730e-02 -1.050000e+01
      vertex   -2.377713e+01 8.566606e-02 -1.053907e+01
      vertex   -2.371522e+01 6.908503e-02 -1.063414e+01
    endloop
  endfacet
  facet normal -3.995626e-01 -9.091026e-01 -1.178222e-01
    outer loop
      vertex   -2.375000e+01 6.698730e-02 -1.050000e+01
      vertex   -2.371522e+01 6.908503e-02 -1.063414e+01
      vertex   -2.362405e+01 1.881321e-02 -1.055541e+01
    endloop
  endfacet
  facet normal -2.729599e-01 -9.224889e-01 -2.729599e-01
    outer loop
      vertex   -2.362405e+01 1.881321e-02 -1.055541e+01
      vertex   -2.371522e+01 6.908503e-02 -1.063414e+01
      vertex   -2.355541e+01 1.881321e-02 -1.062405e+01
    endloop
  endfacet
  facet normal -1.036987e-01 -9.891881e-01 -1.036987e-01
    outer loop
      vertex   -2.362405e+01 1.881321e-02 -1.055541e+01
      vertex   -2.355541e+01 1.881321e-02 -1.062405e+01
      vertex   -2.350000e+01 0.000000e+00 -1.050000e+01
    endloop
  endfacet
  facet normal -4.435481e-02 -9.904691e-01 -1.303977e-01
    outer loop
      vertex   -2.350000e+01 0.000000e+00 -1.050000e+01
      vertex   -2.355541e+01 1.881321e-02 -1.062405e+01
      vertex   -2.350000e+01 1.703709e-02 -1.062941e+01
    endloop
  endfacet
  facet normal -6.645835e-02 -9.218370e-01 -3.818374e-01
    outer loop
      vertex   -2.350000e+01 1.703709e-02 -1.062941e+01
      vertex   -2.355541e+01 1.881321e-02 -1.062405e+01
      vertex   -2.350000e+01 6.698730e-02 -1.075000e+01
    endloop
  endfacet
  facet normal -1.178222e-01 -9.091026e-01 -3.995626e-01
    outer loop
      vertex   -2.350000e+01 6.698730e-02 -1.075000e+01
      vertex   -2.355541e+01 1.881321e-02 -1.062405e+01
      vertex   -2.363414e+01 6.908503e-02 -1.071522e+01
    endloop
  endfacet
  facet normal -1.261909e-01 -8.925984e-01 -4.328324e-01
    outer loop
      vertex   -2.350000e+01 6.698730e-02 -1.075000e+01
      vertex   -2.363414e+01 6.908503e-02 -1.071522e+01
      vertex   -2.353907e+01 8.566606e-02 -1.077713e+01
    endloop
  endfacet
  facet normal -2.448663e-01 -7.743828e-01 -5.834139e-01
    outer loop
      vertex   -2.353907e+01 8.566606e-02 -1.077713e+01
      vertex   -2.363414e+01 6.908503e-02 -1.071522e+01
      vertex   -2.370373e+01 1.487230e-01 -1.079172e+01
    endloop
  endfacet
  facet normal -2.448663e-01 -7.743828e-01 -5.834139e-01
    outer loop
      vertex   -2.353907e+01 8.566606e-02 -1.077713e+01
      vertex   -2.370373e+01 1.487230e-01 -1.079172e+01
      vertex   -2.360056e+01 1.667161e-01 -1.085890e+01
    endloop
  endfacet
  facet normal -8.026201e-02 -6.067974e-01 -7.907938e-01
    outer loop
      vertex   -2.350000e+01 2.500000e-01 -1.093301e+01
      vertex   -2.350000e+01 1.464466e-01 -1.085355e+01
      vertex   -2.360056e+01 1.667161e-01 -1.085890e+01
    endloop
  endfacet
  facet normal -1.159338e-01 -7.476569e-01 -6.538873e-01
    outer loop
      vertex   -2.360056e+01 1.667161e-01 -1.085890e+01
      vertex   -2.350000e+01 1.464466e-01 -1.085355e+01
      vertex   -2.353907e+01 8.566606e-02 -1.077713e+01
    endloop
  endfacet
  facet normal 4.340169e-02 -7.926058e-01 -6.081878e-01
    outer loop
      vertex   -2.350000e+01 1.464466e-01 -1.085355e+01
      vertex   -2.350000e+01 6.698730e-02 -1.075000e+01
      vertex   -2.353907e+01 8.566606e-02 -1.077713e+01
    endloop
  endfacet
  facet normal -1.303977e-01 -9.904691e-01 -4.435481e-02
    outer loop
      vertex   -2.350000e+01 0.000000e+00 -1.050000e+01
      vertex   -2.362941e+01 1.703709e-02 -1.050000e+01
      vertex   -2.362405e+01 1.881321e-02 -1.055541e+01
    endloop
  endfacet
  facet normal -3.818374e-01 -9.218370e-01 -6.645835e-02
    outer loop
      vertex   -2.362405e+01 1.881321e-02 -1.055541e+01
      vertex   -2.362941e+01 1.703709e-02 -1.050000e+01
      vertex   -2.375000e+01 6.698730e-02 -1.050000e+01
    endloop
  endfacet
  facet normal -8.447130e-01 -5.110938e-01 -1.588805e-01
    outer loop
      vertex   -2.391621e+01 2.704790e-01 -1.065520e+01
      vertex   -2.393301e+01 2.500000e-01 -1.050000e+01
      vertex   -2.395875e+01 3.056781e-01 -1.054227e+01
    endloop
  endfacet
  facet normal -9.223031e-01 -3.820305e-01 5.839280e-02
    outer loop
      vertex   -2.395875e+01 3.056781e-01 -1.054227e+01
      vertex   -2.393301e+01 2.500000e-01 -1.050000e+01
      vertex   -2.398296e+01 3.705905e-01 -1.050000e+01
    endloop
  endfacet
  facet normal -9.537278e-01 -2.711922e-01 -1.298391e-01
    outer loop
      vertex   -2.395875e+01 3.056781e-01 -1.054227e+01
      vertex   -2.398296e+01 3.705905e-01 -1.050000e+01
      vertex   -2.398523e+01 4.230436e-01 -1.059287e+01
    endloop
  endfacet
  facet normal -9.167181e-01 -3.135991e-01 -2.475550e-01
    outer loop
      vertex   -2.391621e+01 2.704790e-01 -1.065520e+01
      vertex   -2.395875e+01 3.056781e-01 -1.054227e+01
      vertex   -2.398523e+01 4.230436e-01 -1.059287e+01
    endloop
  endfacet
  facet normal -8.076571e-01 -3.663208e-01 -4.620595e-01
    outer loop
      vertex   -2.384833e+01 2.522999e-01 -1.075944e+01
      vertex   -2.391621e+01 2.704790e-01 -1.065520e+01
      vertex   -2.394516e+01 3.898833e-01 -1.069927e+01
    endloop
  endfacet
  facet normal -9.167181e-01 -3.135991e-01 -2.475550e-01
    outer loop
      vertex   -2.394516e+01 3.898833e-01 -1.069927e+01
      vertex   -2.391621e+01 2.704790e-01 -1.065520e+01
      vertex   -2.398523e+01 4.230436e-01 -1.059287e+01
    endloop
  endfacet
  facet normal -5.834139e-01 -7.743828e-01 -2.448663e-01
    outer loop
      vertex   -2.371522e+01 6.908503e-02 -1.063414e+01
      vertex   -2.377713e+01 8.566606e-02 -1.053907e+01
      vertex   -2.385890e+01 1.667161e-01 -1.060056e+01
    endloop
  endfacet
  facet normal -5.834139e-01 -7.743828e-01 -2.448663e-01
    outer loop
      vertex   -2.371522e+01 6.908503e-02 -1.063414e+01
      vertex   -2.385890e+01 1.667161e-01 -1.060056e+01
      vertex   -2.379172e+01 1.487230e-01 -1.070373e+01
    endloop
  endfacet
  facet normal -6.528138e-01 -3.842763e-01 -6.528138e-01
    outer loop
      vertex   -2.375944e+01 2.522999e-01 -1.084833e+01
      vertex   -2.384833e+01 2.522999e-01 -1.075944e+01
      vertex   -2.388121e+01 3.727572e-01 -1.079747e+01
    endloop
  endfacet
  facet normal -8.076571e-01 -3.663208e-01 -4.620595e-01
    outer loop
      vertex   -2.388121e+01 3.727572e-01 -1.079747e+01
      vertex   -2.384833e+01 2.522999e-01 -1.075944e+01
      vertex   -2.394516e+01 3.898833e-01 -1.069927e+01
    endloop
  endfacet
  facet normal -4.317293e-01 -7.919720e-01 -4.317293e-01
    outer loop
      vertex   -2.370373e+01 1.487230e-01 -1.079172e+01
      vertex   -2.363414e+01 6.908503e-02 -1.071522e+01
      vertex   -2.379172e+01 1.487230e-01 -1.070373e+01
    endloop
  endfacet
  facet normal -4.317293e-01 -7.919720e-01 -4.317293e-01
    outer loop
      vertex   -2.379172e+01 1.487230e-01 -1.070373e+01
      vertex   -2.363414e+01 6.908503e-02 -1.071522e+01
      vertex   -2.371522e+01 6.908503e-02 -1.063414e+01
    endloop
  endfacet
  facet normal -2.729599e-01 -9.224889e-01 -2.729599e-01
    outer loop
      vertex   -2.363414e+01 6.908503e-02 -1.071522e+01
      vertex   -2.355541e+01 1.881321e-02 -1.062405e+01
      vertex   -2.371522e+01 6.908503e-02 -1.063414e+01
    endloop
  endfacet
  facet normal -4.620595e-01 -3.663208e-01 -8.076571e-01
    outer loop
      vertex   -2.365520e+01 2.704790e-01 -1.091621e+01
      vertex   -2.375944e+01 2.522999e-01 -1.084833e+01
      vertex   -2.379747e+01 3.727572e-01 -1.088121e+01
    endloop
  endfacet
  facet normal -6.528138e-01 -3.842763e-01 -6.528138e-01
    outer loop
      vertex   -2.379747e+01 3.727572e-01 -1.088121e+01
      vertex   -2.375944e+01 2.522999e-01 -1.084833e+01
      vertex   -2.388121e+01 3.727572e-01 -1.079747e+01
    endloop
  endfacet
  facet normal -2.475550e-01 -3.135991e-01 -9.167181e-01
    outer loop
      vertex   -2.354227e+01 3.056781e-01 -1.095875e+01
      vertex   -2.365520e+01 2.704790e-01 -1.091621e+01
      vertex   -2.369927e+01 3.898833e-01 -1.094516e+01
    endloop
  endfacet
  facet normal -4.620595e-01 -3.663208e-01 -8.076571e-01
    outer loop
      vertex   -2.369927e+01 3.898833e-01 -1.094516e+01
      vertex   -2.365520e+01 2.704790e-01 -1.091621e+01
      vertex   -2.379747e+01 3.727572e-01 -1.088121e+01
    endloop
  endfacet
  facet normal -2.475550e-01 -3.135991e-01 -9.167181e-01
    outer loop
      vertex   -2.359287e+01 4.230436e-01 -1.098523e+01
      vertex   -2.354227e+01 3.056781e-01 -1.095875e+01
      vertex   -2.369927e+01 3.898833e-01 -1.094516e+01
    endloop
  endfacet
  facet normal 2.488341e-17 -9.914449e-01 -1.305262e-01
    outer loop
      vertex   -2.350000e+01 1.703709e-02 -1.062941e+01
      vertex   -2.073529e+01 1.703709e-02 -1.062941e+01
      vertex   -2.350000e+01 0.000000e+00 -1.050000e+01
    endloop
  endfacet
  facet normal 1.935166e-19 -9.914449e-01 -1.305262e-01
    outer loop
      vertex   -2.350000e+01 0.000000e+00 -1.050000e+01
      vertex   -2.073529e+01 1.703709e-02 -1.062941e+01
      vertex   -1.797059e+01 1.703709e-02 -1.062941e+01
    endloop
  endfacet
  facet normal 1.935166e-19 -9.914449e-01 -1.305262e-01
    outer loop
      vertex   -2.350000e+01 0.000000e+00 -1.050000e+01
      vertex   -1.797059e+01 1.703709e-02 -1.062941e+01
      vertex   -1.520588e+01 1.703709e-02 -1.062941e+01
    endloop
  endfacet
  facet normal -0.000000e+00 -9.238795e-01 -3.826834e-01
    outer loop
      vertex   -1.520588e+01 1.703709e-02 -1.062941e+01
      vertex   -1.797059e+01 1.703709e-02 -1.062941e+01
      vertex   -1.520588e+01 6.698730e-02 -1.075000e+01
    endloop
  endfacet
  facet normal 2.399262e-17 -9.238795e-01 -3.826834e-01
    outer loop
      vertex   -1.520588e+01 1.703709e-02 -1.062941e+01
      vertex   -1.520588e+01 6.698730e-02 -1.075000e+01
      vertex   -1.244118e+01 6.698730e-02 -1.075000e+01
    endloop
  endfacet
  facet normal 1.991168e-17 -7.933533e-01 -6.087614e-01
    outer loop
      vertex   -1.244118e+01 6.698730e-02 -1.075000e+01
      vertex   -1.520588e+01 6.698730e-02 -1.075000e+01
      vertex   -1.244118e+01 1.464466e-01 -1.085355e+01
    endloop
  endfacet
  facet normal -1.922733e-18 -7.933533e-01 -6.087614e-01
    outer loop
      vertex   -1.244118e+01 6.698730e-02 -1.075000e+01
      vertex   -1.244118e+01 1.464466e-01 -1.085355e+01
      vertex   -9.676471e+00 1.464466e-01 -1.085355e+01
    endloop
  endfacet
  facet normal -0.000000e+00 -6.087614e-01 -7.933533e-01
    outer loop
      vertex   -9.676471e+00 1.464466e-01 -1.085355e+01
      vertex   -1.244118e+01 1.464466e-01 -1.085355e+01
      vertex   -9.676471e+00 2.500000e-01 -1.093301e+01
    endloop
  endfacet
  facet normal 2.230146e-18 -6.087614e-01 -7.933533e-01
    outer loop
      vertex   -9.676471e+00 1.464466e-01 -1.085355e+01
      vertex   -9.676471e+00 2.500000e-01 -1.093301e+01
      vertex   -6.911765e+00 2.500000e-01 -1.093301e+01
    endloop
  endfacet
  facet normal -0.000000e+00 -3.826834e-01 -9.238795e-01
    outer loop
      vertex   -6.911765e+00 2.500000e-01 -1.093301e+01
      vertex   -9.676471e+00 2.500000e-01 -1.093301e+01
      vertex   -6.911765e+00 3.705905e-01 -1.098296e+01
    endloop
  endfacet
  facet normal 4.152247e-19 -3.826834e-01 -9.238795e-01
    outer loop
      vertex   -6.911765e+00 2.500000e-01 -1.093301e+01
      vertex   -6.911765e+00 3.705905e-01 -1.098296e+01
      vertex   -4.147059e+00 3.705905e-01 -1.098296e+01
    endloop
  endfacet
  facet normal -0.000000e+00 -1.305262e-01 -9.914449e-01
    outer loop
      vertex   -4.147059e+00 3.705905e-01 -1.098296e+01
      vertex   -6.911765e+00 3.705905e-01 -1.098296e+01
      vertex   -2.350000e+01 5.000000e-01 -1.100000e+01
    endloop
  endfacet
  facet normal 0.000000e+00 -1.305262e-01 -9.914449e-01
    outer loop
      vertex   -4.147059e+00 3.705905e-01 -1.098296e+01
      vertex   -2.350000e+01 5.000000e-01 -1.100000e+01
      vertex   -1.382353e+00 3.705905e-01 -1.098296e+01
    endloop
  endfacet
  facet normal 1.488637e-20 -1.305262e-01 -9.914449e-01
    outer loop
      vertex   -1.382353e+00 3.705905e-01 -1.098296e+01
      vertex   -2.350000e+01 5.000000e-01 -1.100000e+01
      vertex   2.350000e+01 5.000000e-01 -1.100000e+01
    endloop
  endfacet
  facet normal 5.241541e-18 -1.305262e-01 -9.914449e-01
    outer loop
      vertex   -1.382353e+00 3.705905e-01 -1.098296e+01
      vertex   2.350000e+01 5.000000e-01 -1.100000e+01
      vertex   1.382353e+00 3.705905e-01 -1.098296e+01
    endloop
  endfacet
  facet normal 0.000000e+00 -1.305262e-01 -9.914449e-01
    outer loop
      vertex   1.382353e+00 3.705905e-01 -1.098296e+01
      vertex   2.350000e+01 5.000000e-01 -1.100000e+01
      vertex   4.147059e+00 3.705905e-01 -1.098296e+01
    endloop
  endfacet
  facet normal 0.000000e+00 -3.826834e-01 -9.238795e-01
    outer loop
      vertex   1.382353e+00 3.705905e-01 -1.098296e+01
      vertex   4.147059e+00 3.705905e-01 -1.098296e+01
      vertex   1.382353e+00 2.500000e-01 -1.093301e+01
    endloop
  endfacet
  facet normal 0.000000e+00 -3.826834e-01 -9.238795e-01
    outer loop
      vertex   1.382353e+00 2.500000e-01 -1.093301e+01
      vertex   4.147059e+00 3.705905e-01 -1.098296e+01
      vertex   4.147059e+00 2.500000e-01 -1.093301e+01
    endloop
  endfacet
  facet normal 0.000000e+00 -6.087614e-01 -7.933533e-01
    outer loop
      vertex   1.382353e+00 2.500000e-01 -1.093301e+01
      vertex   4.147059e+00 2.500000e-01 -1.093301e+01
      vertex   1.382353e+00 1.464466e-01 -1.085355e+01
    endloop
  endfacet
  facet normal -1.833453e-17 -6.087614e-01 -7.933533e-01
    outer loop
      vertex   1.382353e+00 1.464466e-01 -1.085355e+01
      vertex   4.147059e+00 2.500000e-01 -1.093301e+01
      vertex   4.147059e+00 1.464466e-01 -1.085355e+01
    endloop
  endfacet
  facet normal -2.389402e-17 -7.933533e-01 -6.087614e-01
    outer loop
      vertex   1.382353e+00 1.464466e-01 -1.085355e+01
      vertex   4.147059e+00 1.464466e-01 -1.085355e+01
      vertex   1.382353e+00 6.698730e-02 -1.075000e+01
    endloop
  endfacet
  facet normal -3.712249e-16 -7.933533e-01 -6.087614e-01
    outer loop
      vertex   1.382353e+00 6.698730e-02 -1.075000e+01
      vertex   4.147059e+00 1.464466e-01 -1.085355e+01
      vertex   4.147059e+00 6.698730e-02 -1.075000e+01
    endloop
  endfacet
  facet normal -2.226911e-16 -9.238795e-01 -3.826834e-01
    outer loop
      vertex   1.382353e+00 6.698730e-02 -1.075000e+01
      vertex   4.147059e+00 6.698730e-02 -1.075000e+01
      vertex   1.382353e+00 1.703709e-02 -1.062941e+01
    endloop
  endfacet
  facet normal 0.000000e+00 -9.238795e-01 -3.826834e-01
    outer loop
      vertex   1.382353e+00 1.703709e-02 -1.062941e+01
      vertex   4.147059e+00 6.698730e-02 -1.075000e+01
      vertex   4.147059e+00 1.703709e-02 -1.062941e+01
    endloop
  endfacet
  facet normal 0.000000e+00 -9.914449e-01 -1.305262e-01
    outer loop
      vertex   1.382353e+00 1.703709e-02 -1.062941e+01
      vertex   4.147059e+00 1.703709e-02 -1.062941e+01
      vertex   2.350000e+01 0.000000e+00 -1.050000e+01
    endloop
  endfacet
  facet normal 1.935166e-19 -9.914449e-01 -1.305262e-01
    outer loop
      vertex   2.350000e+01 0.000000e+00 -1.050000e+01
      vertex   4.147059e+00 1.703709e-02 -1.062941e+01
      vertex   6.911765e+00 1.703709e-02 -1.062941e+01
    endloop
  endfacet
  facet normal 1.935166e-19 -9.914449e-01 -1.305262e-01
    outer loop
      vertex   2.350000e+01 0.000000e+00 -1.050000e+01
      vertex   6.911765e+00 1.703709e-02 -1.062941e+01
      vertex   9.676471e+00 1.703709e-02 -1.062941e+01
    endloop
  endfacet
  facet normal -0.000000e+00 -9.238795e-01 -3.826834e-01
    outer loop
      vertex   9.676471e+00 1.703709e-02 -1.062941e+01
      vertex   6.911765e+00 1.703709e-02 -1.062941e+01
      vertex   9.676471e+00 6.698730e-02 -1.075000e+01
    endloop
  endfacet
  facet normal 2.355646e-17 -9.238795e-01 -3.826834e-01
    outer loop
      vertex   9.676471e+00 1.703709e-02 -1.062941e+01
      vertex   9.676471e+00 6.698730e-02 -1.075000e+01
      vertex   1.244118e+01 6.698730e-02 -1.075000e+01
    endloop
  endfacet
  facet normal 1.991168e-17 -7.933533e-01 -6.087614e-01
    outer loop
      vertex   1.244118e+01 6.698730e-02 -1.075000e+01
      vertex   9.676471e+00 6.698730e-02 -1.075000e+01
      vertex   1.244118e+01 1.464466e-01 -1.085355e+01
    endloop
  endfacet
  facet normal -1.010771e-18 -7.933533e-01 -6.087614e-01
    outer loop
      vertex   1.244118e+01 6.698730e-02 -1.075000e+01
      vertex   1.244118e+01 1.464466e-01 -1.085355e+01
      vertex   1.520588e+01 1.464466e-01 -1.085355e+01
    endloop
  endfacet
  facet normal -0.000000e+00 -6.087614e-01 -7.933533e-01
    outer loop
      vertex   1.520588e+01 1.464466e-01 -1.085355e+01
      vertex   1.244118e+01 1.464466e-01 -1.085355e+01
      vertex   1.520588e+01 2.500000e-01 -1.093301e+01
    endloop
  endfacet
  facet normal 2.230146e-18 -6.087614e-01 -7.933533e-01
    outer loop
      vertex   1.520588e+01 1.464466e-01 -1.085355e+01
      vertex   1.520588e+01 2.500000e-01 -1.093301e+01
      vertex   1.797059e+01 2.500000e-01 -1.093301e+01
    endloop
  endfacet
  facet normal -0.000000e+00 -3.826834e-01 -9.238795e-01
    outer loop
      vertex   1.797059e+01 2.500000e-01 -1.093301e+01
      vertex   1.520588e+01 2.500000e-01 -1.093301e+01
      vertex   1.797059e+01 3.705905e-01 -1.098296e+01
    endloop
  endfacet
  facet normal 4.726663e-19 -3.826834e-01 -9.238795e-01
    outer loop
      vertex   1.797059e+01 2.500000e-01 -1.093301e+01
      vertex   1.797059e+01 3.705905e-01 -1.098296e+01
      vertex   2.073529e+01 3.705905e-01 -1.098296e+01
    endloop
  endfacet
  facet normal -0.000000e+00 -1.305262e-01 -9.914449e-01
    outer loop
      vertex   2.073529e+01 3.705905e-01 -1.098296e+01
      vertex   1.797059e+01 3.705905e-01 -1.098296e+01
      vertex   2.350000e+01 5.000000e-01 -1.100000e+01
    endloop
  endfacet
  facet normal -6.579814e-16 -1.305262e-01 -9.914449e-01
    outer loop
      vertex   2.073529e+01 3.705905e-01 -1.098296e+01
      vertex   2.350000e+01 5.000000e-01 -1.100000e+01
      vertex   2.350000e+01 3.705905e-01 -1.098296e+01
    endloop
  endfacet
  facet normal 2.318765e-17 -9.238795e-01 -3.826834e-01
    outer loop
      vertex   -2.073529e+01 1.703709e-02 -1.062941e+01
      vertex   -2.350000e+01 1.703709e-02 -1.062941e+01
      vertex   -2.073529e+01 6.698730e-02 -1.075000e+01
    endloop
  endfacet
  facet normal -6.956294e-17 -9.238795e-01 -3.826834e-01
    outer loop
      vertex   -2.073529e+01 6.698730e-02 -1.075000e+01
      vertex   -2.350000e+01 1.703709e-02 -1.062941e+01
      vertex   -2.350000e+01 6.698730e-02 -1.075000e+01
    endloop
  endfacet
  facet normal -5.973505e-17 -7.933533e-01 -6.087614e-01
    outer loop
      vertex   -2.073529e+01 6.698730e-02 -1.075000e+01
      vertex   -2.350000e+01 6.698730e-02 -1.075000e+01
      vertex   -2.073529e+01 1.464466e-01 -1.085355e+01
    endloop
  endfacet
  facet normal -7.964673e-17 -7.933533e-01 -6.087614e-01
    outer loop
      vertex   -2.073529e+01 1.464466e-01 -1.085355e+01
      vertex   -2.350000e+01 6.698730e-02 -1.075000e+01
      vertex   -2.350000e+01 1.464466e-01 -1.085355e+01
    endloop
  endfacet
  facet normal -6.111509e-17 -6.087614e-01 -7.933533e-01
    outer loop
      vertex   -2.073529e+01 1.464466e-01 -1.085355e+01
      vertex   -2.350000e+01 1.464466e-01 -1.085355e+01
      vertex   -2.073529e+01 2.500000e-01 -1.093301e+01
    endloop
  endfacet
  facet normal 1.222302e-17 -6.087614e-01 -7.933533e-01
    outer loop
      vertex   -2.073529e+01 2.500000e-01 -1.093301e+01
      vertex   -2.350000e+01 1.464466e-01 -1.085355e+01
      vertex   -2.350000e+01 2.500000e-01 -1.093301e+01
    endloop
  endfacet
  facet normal 7.683710e-18 -3.826834e-01 -9.238795e-01
    outer loop
      vertex   -2.073529e+01 2.500000e-01 -1.093301e+01
      vertex   -2.350000e+01 2.500000e-01 -1.093301e+01
      vertex   -2.073529e+01 3.705905e-01 -1.098296e+01
    endloop
  endfacet
  facet normal -1.536742e-17 -3.826834e-01 -9.238795e-01
    outer loop
      vertex   -2.073529e+01 3.705905e-01 -1.098296e+01
      vertex   -2.350000e+01 2.500000e-01 -1.093301e+01
      vertex   -2.350000e+01 3.705905e-01 -1.098296e+01
    endloop
  endfacet
  facet normal -5.241541e-18 -1.305262e-01 -9.914449e-01
    outer loop
      vertex   -2.073529e+01 3.705905e-01 -1.098296e+01
      vertex   -2.350000e+01 3.705905e-01 -1.098296e+01
      vertex   -2.350000e+01 5.000000e-01 -1.100000e+01
    endloop
  endfacet
  facet normal -6.550734e-16 -3.826834e-01 -9.238795e-01
    outer loop
      vertex   2.073529e+01 3.705905e-01 -1.098296e+01
      vertex   2.350000e+01 3.705905e-01 -1.098296e+01
      vertex   2.073529e+01 2.500000e-01 -1.093301e+01
    endloop
  endfacet
  facet normal -7.683710e-18 -3.826834e-01 -9.238795e-01
    outer loop
      vertex   2.073529e+01 2.500000e-01 -1.093301e+01
      vertex   2.350000e+01 3.705905e-01 -1.098296e+01
      vertex   2.350000e+01 2.500000e-01 -1.093301e+01
    endloop
  endfacet
  facet normal -1.222302e-17 -6.087614e-01 -7.933533e-01
    outer loop
      vertex   2.073529e+01 2.500000e-01 -1.093301e+01
      vertex   2.350000e+01 2.500000e-01 -1.093301e+01
      vertex   2.073529e+01 1.464466e-01 -1.085355e+01
    endloop
  endfacet
  facet normal 3.055754e-17 -6.087614e-01 -7.933533e-01
    outer loop
      vertex   2.073529e+01 1.464466e-01 -1.085355e+01
      vertex   2.350000e+01 2.500000e-01 -1.093301e+01
      vertex   2.350000e+01 1.464466e-01 -1.085355e+01
    endloop
  endfacet
  facet normal 3.982336e-17 -7.933533e-01 -6.087614e-01
    outer loop
      vertex   2.073529e+01 1.464466e-01 -1.085355e+01
      vertex   2.350000e+01 1.464466e-01 -1.085355e+01
      vertex   2.073529e+01 6.698730e-02 -1.075000e+01
    endloop
  endfacet
  facet normal -2.389402e-16 -7.933533e-01 -6.087614e-01
    outer loop
      vertex   2.073529e+01 6.698730e-02 -1.075000e+01
      vertex   2.350000e+01 1.464466e-01 -1.085355e+01
      vertex   2.350000e+01 6.698730e-02 -1.075000e+01
    endloop
  endfacet
  facet normal -2.782517e-16 -9.238795e-01 -3.826834e-01
    outer loop
      vertex   2.073529e+01 6.698730e-02 -1.075000e+01
      vertex   2.350000e+01 6.698730e-02 -1.075000e+01
      vertex   2.073529e+01 1.703709e-02 -1.062941e+01
    endloop
  endfacet
  facet normal -1.391259e-16 -9.238795e-01 -3.826834e-01
    outer loop
      vertex   2.073529e+01 1.703709e-02 -1.062941e+01
      vertex   2.350000e+01 6.698730e-02 -1.075000e+01
      vertex   2.350000e+01 1.703709e-02 -1.062941e+01
    endloop
  endfacet
  facet normal -1.493005e-16 -9.914449e-01 -1.305262e-01
    outer loop
      vertex   2.073529e+01 1.703709e-02 -1.062941e+01
      vertex   2.350000e+01 1.703709e-02 -1.062941e+01
      vertex   2.350000e+01 0.000000e+00 -1.050000e+01
    endloop
  endfacet
  facet normal -0.000000e+00 -9.914449e-01 -1.305262e-01
    outer loop
      vertex   2.350000e+01 0.000000e+00 -1.050000e+01
      vertex   -2.350000e+01 0.000000e+00 -1.050000e+01
      vertex   1.382353e+00 1.703709e-02 -1.062941e+01
    endloop
  endfacet
  facet normal -0.000000e+00 -9.914449e-01 -1.305262e-01
    outer loop
      vertex   1.382353e+00 1.703709e-02 -1.062941e+01
      vertex   -2.350000e+01 0.000000e+00 -1.050000e+01
      vertex   -1.382353e+00 1.703709e-02 -1.062941e+01
    endloop
  endfacet
  facet normal -0.000000e+00 -9.238795e-01 -3.826834e-01
    outer loop
      vertex   1.382353e+00 1.703709e-02 -1.062941e+01
      vertex   -1.382353e+00 1.703709e-02 -1.062941e+01
      vertex   1.382353e+00 6.698730e-02 -1.075000e+01
    endloop
  endfacet
  facet normal 2.318765e-17 -9.238795e-01 -3.826834e-01
    outer loop
      vertex   1.382353e+00 6.698730e-02 -1.075000e+01
      vertex   -1.382353e+00 1.703709e-02 -1.062941e+01
      vertex   -1.382353e+00 6.698730e-02 -1.075000e+01
    endloop
  endfacet
  facet normal 1.991168e-17 -7.933533e-01 -6.087614e-01
    outer loop
      vertex   1.382353e+00 6.698730e-02 -1.075000e+01
      vertex   -1.382353e+00 6.698730e-02 -1.075000e+01
      vertex   1.382353e+00 1.464466e-01 -1.085355e+01
    endloop
  endfacet
  facet normal -0.000000e+00 -7.933533e-01 -6.087614e-01
    outer loop
      vertex   1.382353e+00 1.464466e-01 -1.085355e+01
      vertex   -1.382353e+00 6.698730e-02 -1.075000e+01
      vertex   -1.382353e+00 1.464466e-01 -1.085355e+01
    endloop
  endfacet
  facet normal -0.000000e+00 -6.087614e-01 -7.933533e-01
    outer loop
      vertex   1.382353e+00 1.464466e-01 -1.085355e+01
      vertex   -1.382353e+00 1.464466e-01 -1.085355e+01
      vertex   1.382353e+00 2.500000e-01 -1.093301e+01
    endloop
  endfacet
  facet normal -0.000000e+00 -6.087614e-01 -7.933533e-01
    outer loop
      vertex   1.382353e+00 2.500000e-01 -1.093301e+01
      vertex   -1.382353e+00 1.464466e-01 -1.085355e+01
      vertex   -1.382353e+00 2.500000e-01 -1.093301e+01
    endloop
  endfacet
  facet normal -0.000000e+00 -3.826834e-01 -9.238795e-01
    outer loop
      vertex   1.382353e+00 2.500000e-01 -1.093301e+01
      vertex   -1.382353e+00 2.500000e-01 -1.093301e+01
      vertex   1.382353e+00 3.705905e-01 -1.098296e+01
    endloop
  endfacet
  facet normal 1.536742e-17 -3.826834e-01 -9.238795e-01
    outer loop
      vertex   1.382353e+00 3.705905e-01 -1.098296e+01
      vertex   -1.382353e+00 2.500000e-01 -1.093301e+01
      vertex   -1.382353e+00 3.705905e-01 -1.098296e+01
    endloop
  endfacet
  facet normal -0.000000e+00 -9.238795e-01 -3.826834e-01
    outer loop
      vertex   -1.797059e+01 1.703709e-02 -1.062941e+01
      vertex   -2.073529e+01 1.703709e-02 -1.062941e+01
      vertex   -1.797059e+01 6.698730e-02 -1.075000e+01
    endloop
  endfacet
  facet normal -0.000000e+00 -9.238795e-01 -3.826834e-01
    outer loop
      vertex   -1.797059e+01 6.698730e-02 -1.075000e+01
      vertex   -2.073529e+01 1.703709e-02 -1.062941e+01
      vertex   -2.073529e+01 6.698730e-02 -1.075000e+01
    endloop
  endfacet
  facet normal -0.000000e+00 -7.933533e-01 -6.087614e-01
    outer loop
      vertex   -1.797059e+01 6.698730e-02 -1.075000e+01
      vertex   -2.073529e+01 6.698730e-02 -1.075000e+01
      vertex   -1.797059e+01 1.464466e-01 -1.085355e+01
    endloop
  endfacet
  facet normal -0.000000e+00 -7.933533e-01 -6.087614e-01
    outer loop
      vertex   -1.797059e+01 1.464466e-01 -1.085355e+01
      vertex   -2.073529e+01 6.698730e-02 -1.075000e+01
      vertex   -2.073529e+01 1.464466e-01 -1.085355e+01
    endloop
  endfacet
  facet normal -0.000000e+00 -6.087614e-01 -7.933533e-01
    outer loop
      vertex   -1.797059e+01 1.464466e-01 -1.085355e+01
      vertex   -2.073529e+01 1.464466e-01 -1.085355e+01
      vertex   -1.797059e+01 2.500000e-01 -1.093301e+01
    endloop
  endfacet
  facet normal -0.000000e+00 -6.087614e-01 -7.933533e-01
    outer loop
      vertex   -1.797059e+01 2.500000e-01 -1.093301e+01
      vertex   -2.073529e+01 1.464466e-01 -1.085355e+01
      vertex   -2.073529e+01 2.500000e-01 -1.093301e+01
    endloop
  endfacet
  facet normal -0.000000e+00 -3.826834e-01 -9.238795e-01
    outer loop
      vertex   -1.797059e+01 2.500000e-01 -1.093301e+01
      vertex   -2.073529e+01 2.500000e-01 -1.093301e+01
      vertex   -1.797059e+01 3.705905e-01 -1.098296e+01
    endloop
  endfacet
  facet normal 1.536742e-17 -3.826834e-01 -9.238795e-01
    outer loop
      vertex   -1.797059e+01 3.705905e-01 -1.098296e+01
      vertex   -2.073529e+01 2.500000e-01 -1.093301e+01
      vertex   -2.073529e+01 3.705905e-01 -1.098296e+01
    endloop
  endfacet
  facet normal 5.241541e-18 -1.305262e-01 -9.914449e-01
    outer loop
      vertex   -1.797059e+01 3.705905e-01 -1.098296e+01
      vertex   -2.073529e+01 3.705905e-01 -1.098296e+01
      vertex   -2.350000e+01 5.000000e-01 -1.100000e+01
    endloop
  endfacet
  facet normal 0.000000e+00 -9.914449e-01 -1.305262e-01
    outer loop
      vertex   -1.520588e+01 1.703709e-02 -1.062941e+01
      vertex   -1.244118e+01 1.703709e-02 -1.062941e+01
      vertex   -2.350000e+01 0.000000e+00 -1.050000e+01
    endloop
  endfacet
  facet normal 1.935166e-19 -9.914449e-01 -1.305262e-01
    outer loop
      vertex   -2.350000e+01 0.000000e+00 -1.050000e+01
      vertex   -1.244118e+01 1.703709e-02 -1.062941e+01
      vertex   -9.676471e+00 1.703709e-02 -1.062941e+01
    endloop
  endfacet
  facet normal 1.935166e-19 -9.914449e-01 -1.305262e-01
    outer loop
      vertex   -2.350000e+01 0.000000e+00 -1.050000e+01
      vertex   -9.676471e+00 1.703709e-02 -1.062941e+01
      vertex   -6.911765e+00 1.703709e-02 -1.062941e+01
    endloop
  endfacet
  facet normal -0.000000e+00 -9.238795e-01 -3.826834e-01
    outer loop
      vertex   -6.911765e+00 1.703709e-02 -1.062941e+01
      vertex   -9.676471e+00 1.703709e-02 -1.062941e+01
      vertex   -6.911765e+00 6.698730e-02 -1.075000e+01
    endloop
  endfacet
  facet normal -7.506985e-19 -9.238795e-01 -3.826834e-01
    outer loop
      vertex   -6.911765e+00 1.703709e-02 -1.062941e+01
      vertex   -6.911765e+00 6.698730e-02 -1.075000e+01
      vertex   -4.147059e+00 6.698730e-02 -1.075000e+01
    endloop
  endfacet
  facet normal -0.000000e+00 -7.933533e-01 -6.087614e-01
    outer loop
      vertex   -4.147059e+00 6.698730e-02 -1.075000e+01
      vertex   -6.911765e+00 6.698730e-02 -1.075000e+01
      vertex   -4.147059e+00 1.464466e-01 -1.085355e+01
    endloop
  endfacet
  facet normal -1.239472e-18 -7.933533e-01 -6.087614e-01
    outer loop
      vertex   -4.147059e+00 6.698730e-02 -1.075000e+01
      vertex   -4.147059e+00 1.464466e-01 -1.085355e+01
      vertex   -1.382353e+00 1.464466e-01 -1.085355e+01
    endloop
  endfacet
  facet normal -0.000000e+00 -6.087614e-01 -7.933533e-01
    outer loop
      vertex   -1.382353e+00 1.464466e-01 -1.085355e+01
      vertex   -4.147059e+00 1.464466e-01 -1.085355e+01
      vertex   -1.382353e+00 2.500000e-01 -1.093301e+01
    endloop
  endfacet
  facet normal 0.000000e+00 -9.238795e-01 -3.826834e-01
    outer loop
      vertex   -1.520588e+01 1.703709e-02 -1.062941e+01
      vertex   -1.244118e+01 6.698730e-02 -1.075000e+01
      vertex   -1.244118e+01 1.703709e-02 -1.062941e+01
    endloop
  endfacet
  facet normal 8.049726e-19 -9.238795e-01 -3.826834e-01
    outer loop
      vertex   -1.244118e+01 1.703709e-02 -1.062941e+01
      vertex   -1.244118e+01 6.698730e-02 -1.075000e+01
      vertex   -9.676471e+00 6.698730e-02 -1.075000e+01
    endloop
  endfacet
  facet normal 0.000000e+00 -9.238795e-01 -3.826834e-01
    outer loop
      vertex   -1.244118e+01 1.703709e-02 -1.062941e+01
      vertex   -9.676471e+00 6.698730e-02 -1.075000e+01
      vertex   -9.676471e+00 1.703709e-02 -1.062941e+01
    endloop
  endfacet
  facet normal 2.243695e-17 -9.238795e-01 -3.826834e-01
    outer loop
      vertex   -9.676471e+00 1.703709e-02 -1.062941e+01
      vertex   -9.676471e+00 6.698730e-02 -1.075000e+01
      vertex   -6.911765e+00 6.698730e-02 -1.075000e+01
    endloop
  endfacet
  facet normal -0.000000e+00 -9.914449e-01 -1.305262e-01
    outer loop
      vertex   -1.382353e+00 1.703709e-02 -1.062941e+01
      vertex   -2.350000e+01 0.000000e+00 -1.050000e+01
      vertex   -4.147059e+00 1.703709e-02 -1.062941e+01
    endloop
  endfacet
  facet normal -0.000000e+00 -9.914449e-01 -1.305262e-01
    outer loop
      vertex   -4.147059e+00 1.703709e-02 -1.062941e+01
      vertex   -2.350000e+01 0.000000e+00 -1.050000e+01
      vertex   -6.911765e+00 1.703709e-02 -1.062941e+01
    endloop
  endfacet
  facet normal -0.000000e+00 -9.238795e-01 -3.826834e-01
    outer loop
      vertex   -4.147059e+00 1.703709e-02 -1.062941e+01
      vertex   -6.911765e+00 1.703709e-02 -1.062941e+01
      vertex   -4.147059e+00 6.698730e-02 -1.075000e+01
    endloop
  endfacet
  facet normal 9.718310e-20 -9.238795e-01 -3.826834e-01
    outer loop
      vertex   -1.382353e+00 6.698730e-02 -1.075000e+01
      vertex   -1.382353e+00 1.703709e-02 -1.062941e+01
      vertex   -4.147059e+00 1.703709e-02 -1.062941e+01
    endloop
  endfacet
  facet normal 2.318765e-17 -9.238795e-01 -3.826834e-01
    outer loop
      vertex   -1.382353e+00 6.698730e-02 -1.075000e+01
      vertex   -4.147059e+00 1.703709e-02 -1.062941e+01
      vertex   -4.147059e+00 6.698730e-02 -1.075000e+01
    endloop
  endfacet
  facet normal -0.000000e+00 -9.238795e-01 -3.826834e-01
    outer loop
      vertex   6.911765e+00 1.703709e-02 -1.062941e+01
      vertex   4.147059e+00 1.703709e-02 -1.062941e+01
      vertex   6.911765e+00 6.698730e-02 -1.075000e+01
    endloop
  endfacet
  facet normal -0.000000e+00 -9.238795e-01 -3.826834e-01
    outer loop
      vertex   6.911765e+00 6.698730e-02 -1.075000e+01
      vertex   4.147059e+00 1.703709e-02 -1.062941e+01
      vertex   4.147059e+00 6.698730e-02 -1.075000e+01
    endloop
  endfacet
  facet normal -0.000000e+00 -7.933533e-01 -6.087614e-01
    outer loop
      vertex   6.911765e+00 6.698730e-02 -1.075000e+01
      vertex   4.147059e+00 6.698730e-02 -1.075000e+01
      vertex   6.911765e+00 1.464466e-01 -1.085355e+01
    endloop
  endfacet
  facet normal -0.000000e+00 -7.933533e-01 -6.087614e-01
    outer loop
      vertex   6.911765e+00 1.464466e-01 -1.085355e+01
      vertex   4.147059e+00 6.698730e-02 -1.075000e+01
      vertex   4.147059e+00 1.464466e-01 -1.085355e+01
    endloop
  endfacet
  facet normal -0.000000e+00 -6.087614e-01 -7.933533e-01
    outer loop
      vertex   6.911765e+00 1.464466e-01 -1.085355e+01
      vertex   4.147059e+00 1.464466e-01 -1.085355e+01
      vertex   6.911765e+00 2.500000e-01 -1.093301e+01
    endloop
  endfacet
  facet normal -0.000000e+00 -6.087614e-01 -7.933533e-01
    outer loop
      vertex   6.911765e+00 2.500000e-01 -1.093301e+01
      vertex   4.147059e+00 1.464466e-01 -1.085355e+01
      vertex   4.147059e+00 2.500000e-01 -1.093301e+01
    endloop
  endfacet
  facet normal -0.000000e+00 -3.826834e-01 -9.238795e-01
    outer loop
      vertex   6.911765e+00 2.500000e-01 -1.093301e+01
      vertex   4.147059e+00 2.500000e-01 -1.093301e+01
      vertex   6.911765e+00 3.705905e-01 -1.098296e+01
    endloop
  endfacet
  facet normal 7.683710e-18 -3.826834e-01 -9.238795e-01
    outer loop
      vertex   6.911765e+00 3.705905e-01 -1.098296e+01
      vertex   4.147059e+00 2.500000e-01 -1.093301e+01
      vertex   4.147059e+00 3.705905e-01 -1.098296e+01
    endloop
  endfacet
  facet normal 2.620770e-18 -1.305262e-01 -9.914449e-01
    outer loop
      vertex   6.911765e+00 3.705905e-01 -1.098296e+01
      vertex   4.147059e+00 3.705905e-01 -1.098296e+01
      vertex   2.350000e+01 5.000000e-01 -1.100000e+01
    endloop
  endfacet
  facet normal 0.000000e+00 -9.914449e-01 -1.305262e-01
    outer loop
      vertex   9.676471e+00 1.703709e-02 -1.062941e+01
      vertex   1.244118e+01 1.703709e-02 -1.062941e+01
      vertex   2.350000e+01 0.000000e+00 -1.050000e+01
    endloop
  endfacet
  facet normal 1.935166e-19 -9.914449e-01 -1.305262e-01
    outer loop
      vertex   2.350000e+01 0.000000e+00 -1.050000e+01
      vertex   1.244118e+01 1.703709e-02 -1.062941e+01
      vertex   1.520588e+01 1.703709e-02 -1.062941e+01
    endloop
  endfacet
  facet normal 1.935166e-19 -9.914449e-01 -1.305262e-01
    outer loop
      vertex   2.350000e+01 0.000000e+00 -1.050000e+01
      vertex   1.520588e+01 1.703709e-02 -1.062941e+01
      vertex   1.797059e+01 1.703709e-02 -1.062941e+01
    endloop
  endfacet
  facet normal -0.000000e+00 -9.238795e-01 -3.826834e-01
    outer loop
      vertex   1.797059e+01 1.703709e-02 -1.062941e+01
      vertex   1.520588e+01 1.703709e-02 -1.062941e+01
      vertex   1.797059e+01 6.698730e-02 -1.075000e+01
    endloop
  endfacet
  facet normal -3.389700e-19 -9.238795e-01 -3.826834e-01
    outer loop
      vertex   1.797059e+01 1.703709e-02 -1.062941e+01
      vertex   1.797059e+01 6.698730e-02 -1.075000e+01
      vertex   2.073529e+01 6.698730e-02 -1.075000e+01
    endloop
  endfacet
  facet normal -0.000000e+00 -7.933533e-01 -6.087614e-01
    outer loop
      vertex   2.073529e+01 6.698730e-02 -1.075000e+01
      vertex   1.797059e+01 6.698730e-02 -1.075000e+01
      vertex   2.073529e+01 1.464466e-01 -1.085355e+01
    endloop
  endfacet
  facet normal 0.000000e+00 -9.238795e-01 -3.826834e-01
    outer loop
      vertex   9.676471e+00 1.703709e-02 -1.062941e+01
      vertex   1.244118e+01 6.698730e-02 -1.075000e+01
      vertex   1.244118e+01 1.703709e-02 -1.062941e+01
    endloop
  endfacet
  facet normal 2.200079e-17 -9.238795e-01 -3.826834e-01
    outer loop
      vertex   1.244118e+01 1.703709e-02 -1.062941e+01
      vertex   1.244118e+01 6.698730e-02 -1.075000e+01
      vertex   1.520588e+01 6.698730e-02 -1.075000e+01
    endloop
  endfacet
  facet normal 0.000000e+00 -9.238795e-01 -3.826834e-01
    outer loop
      vertex   1.244118e+01 1.703709e-02 -1.062941e+01
      vertex   1.520588e+01 6.698730e-02 -1.075000e+01
      vertex   1.520588e+01 1.703709e-02 -1.062941e+01
    endloop
  endfacet
  facet normal 2.284868e-17 -9.238795e-01 -3.826834e-01
    outer loop
      vertex   1.520588e+01 1.703709e-02 -1.062941e+01
      vertex   1.520588e+01 6.698730e-02 -1.075000e+01
      vertex   1.797059e+01 6.698730e-02 -1.075000e+01
    endloop
  endfacet
  facet normal -0.000000e+00 -9.914449e-01 -1.305262e-01
    outer loop
      vertex   2.073529e+01 1.703709e-02 -1.062941e+01
      vertex   2.350000e+01 0.000000e+00 -1.050000e+01
      vertex   1.797059e+01 1.703709e-02 -1.062941e+01
    endloop
  endfacet
  facet normal -3.389700e-19 -9.238795e-01 -3.826834e-01
    outer loop
      vertex   2.073529e+01 6.698730e-02 -1.075000e+01
      vertex   2.073529e+01 1.703709e-02 -1.062941e+01
      vertex   1.797059e+01 1.703709e-02 -1.062941e+01
    endloop
  endfacet
  facet normal 4.633238e-17 -9.238795e-01 -3.826834e-01
    outer loop
      vertex   -1.797059e+01 1.703709e-02 -1.062941e+01
      vertex   -1.797059e+01 6.698730e-02 -1.075000e+01
      vertex   -1.520588e+01 6.698730e-02 -1.075000e+01
    endloop
  endfacet
  facet normal 3.982336e-17 -7.933533e-01 -6.087614e-01
    outer loop
      vertex   -1.520588e+01 6.698730e-02 -1.075000e+01
      vertex   -1.797059e+01 6.698730e-02 -1.075000e+01
      vertex   -1.520588e+01 1.464466e-01 -1.085355e+01
    endloop
  endfacet
  facet normal 2.201111e-18 -7.933533e-01 -6.087614e-01
    outer loop
      vertex   -1.520588e+01 6.698730e-02 -1.075000e+01
      vertex   -1.520588e+01 1.464466e-01 -1.085355e+01
      vertex   -1.244118e+01 1.464466e-01 -1.085355e+01
    endloop
  endfacet
  facet normal -0.000000e+00 -6.087614e-01 -7.933533e-01
    outer loop
      vertex   -1.244118e+01 1.464466e-01 -1.085355e+01
      vertex   -1.520588e+01 1.464466e-01 -1.085355e+01
      vertex   -1.244118e+01 2.500000e-01 -1.093301e+01
    endloop
  endfacet
  facet normal 2.230146e-18 -6.087614e-01 -7.933533e-01
    outer loop
      vertex   -1.244118e+01 1.464466e-01 -1.085355e+01
      vertex   -1.244118e+01 2.500000e-01 -1.093301e+01
      vertex   -9.676471e+00 2.500000e-01 -1.093301e+01
    endloop
  endfacet
  facet normal -0.000000e+00 -3.826834e-01 -9.238795e-01
    outer loop
      vertex   -9.676471e+00 2.500000e-01 -1.093301e+01
      vertex   -1.244118e+01 2.500000e-01 -1.093301e+01
      vertex   -9.676471e+00 3.705905e-01 -1.098296e+01
    endloop
  endfacet
  facet normal 4.152247e-19 -3.826834e-01 -9.238795e-01
    outer loop
      vertex   -9.676471e+00 2.500000e-01 -1.093301e+01
      vertex   -9.676471e+00 3.705905e-01 -1.098296e+01
      vertex   -6.911765e+00 3.705905e-01 -1.098296e+01
    endloop
  endfacet
  facet normal -0.000000e+00 -1.305262e-01 -9.914449e-01
    outer loop
      vertex   -6.911765e+00 3.705905e-01 -1.098296e+01
      vertex   -9.676471e+00 3.705905e-01 -1.098296e+01
      vertex   -2.350000e+01 5.000000e-01 -1.100000e+01
    endloop
  endfacet
  facet normal -0.000000e+00 -7.933533e-01 -6.087614e-01
    outer loop
      vertex   -1.520588e+01 1.464466e-01 -1.085355e+01
      vertex   -1.797059e+01 6.698730e-02 -1.075000e+01
      vertex   -1.797059e+01 1.464466e-01 -1.085355e+01
    endloop
  endfacet
  facet normal 0.000000e+00 -7.933533e-01 -6.087614e-01
    outer loop
      vertex   -1.244118e+01 6.698730e-02 -1.075000e+01
      vertex   -9.676471e+00 1.464466e-01 -1.085355e+01
      vertex   -9.676471e+00 6.698730e-02 -1.075000e+01
    endloop
  endfacet
  facet normal -1.922733e-18 -7.933533e-01 -6.087614e-01
    outer loop
      vertex   -9.676471e+00 6.698730e-02 -1.075000e+01
      vertex   -9.676471e+00 1.464466e-01 -1.085355e+01
      vertex   -6.911765e+00 1.464466e-01 -1.085355e+01
    endloop
  endfacet
  facet normal 1.991168e-17 -7.933533e-01 -6.087614e-01
    outer loop
      vertex   -9.676471e+00 6.698730e-02 -1.075000e+01
      vertex   -6.911765e+00 1.464466e-01 -1.085355e+01
      vertex   -6.911765e+00 6.698730e-02 -1.075000e+01
    endloop
  endfacet
  facet normal -1.239472e-18 -7.933533e-01 -6.087614e-01
    outer loop
      vertex   -6.911765e+00 6.698730e-02 -1.075000e+01
      vertex   -6.911765e+00 1.464466e-01 -1.085355e+01
      vertex   -4.147059e+00 1.464466e-01 -1.085355e+01
    endloop
  endfacet
  facet normal 1.867221e-17 -7.933533e-01 -6.087614e-01
    outer loop
      vertex   -1.382353e+00 1.464466e-01 -1.085355e+01
      vertex   -1.382353e+00 6.698730e-02 -1.075000e+01
      vertex   -4.147059e+00 6.698730e-02 -1.075000e+01
    endloop
  endfacet
  facet normal 2.270858e-17 -9.238795e-01 -3.826834e-01
    outer loop
      vertex   6.911765e+00 1.703709e-02 -1.062941e+01
      vertex   6.911765e+00 6.698730e-02 -1.075000e+01
      vertex   9.676471e+00 6.698730e-02 -1.075000e+01
    endloop
  endfacet
  facet normal 1.991168e-17 -7.933533e-01 -6.087614e-01
    outer loop
      vertex   9.676471e+00 6.698730e-02 -1.075000e+01
      vertex   6.911765e+00 6.698730e-02 -1.075000e+01
      vertex   9.676471e+00 1.464466e-01 -1.085355e+01
    endloop
  endfacet
  facet normal -1.694032e-18 -7.933533e-01 -6.087614e-01
    outer loop
      vertex   9.676471e+00 6.698730e-02 -1.075000e+01
      vertex   9.676471e+00 1.464466e-01 -1.085355e+01
      vertex   1.244118e+01 1.464466e-01 -1.085355e+01
    endloop
  endfacet
  facet normal -0.000000e+00 -6.087614e-01 -7.933533e-01
    outer loop
      vertex   1.244118e+01 1.464466e-01 -1.085355e+01
      vertex   9.676471e+00 1.464466e-01 -1.085355e+01
      vertex   1.244118e+01 2.500000e-01 -1.093301e+01
    endloop
  endfacet
  facet normal -3.881363e-18 -6.087614e-01 -7.933533e-01
    outer loop
      vertex   1.244118e+01 1.464466e-01 -1.085355e+01
      vertex   1.244118e+01 2.500000e-01 -1.093301e+01
      vertex   1.520588e+01 2.500000e-01 -1.093301e+01
    endloop
  endfacet
  facet normal -3.841855e-18 -3.826834e-01 -9.238795e-01
    outer loop
      vertex   1.520588e+01 2.500000e-01 -1.093301e+01
      vertex   1.244118e+01 2.500000e-01 -1.093301e+01
      vertex   1.520588e+01 3.705905e-01 -1.098296e+01
    endloop
  endfacet
  facet normal 4.726663e-19 -3.826834e-01 -9.238795e-01
    outer loop
      vertex   1.520588e+01 2.500000e-01 -1.093301e+01
      vertex   1.520588e+01 3.705905e-01 -1.098296e+01
      vertex   1.797059e+01 3.705905e-01 -1.098296e+01
    endloop
  endfacet
  facet normal -0.000000e+00 -1.305262e-01 -9.914449e-01
    outer loop
      vertex   1.797059e+01 3.705905e-01 -1.098296e+01
      vertex   1.520588e+01 3.705905e-01 -1.098296e+01
      vertex   2.350000e+01 5.000000e-01 -1.100000e+01
    endloop
  endfacet
  facet normal -0.000000e+00 -7.933533e-01 -6.087614e-01
    outer loop
      vertex   9.676471e+00 1.464466e-01 -1.085355e+01
      vertex   6.911765e+00 6.698730e-02 -1.075000e+01
      vertex   6.911765e+00 1.464466e-01 -1.085355e+01
    endloop
  endfacet
  facet normal 1.991168e-17 -7.933533e-01 -6.087614e-01
    outer loop
      vertex   1.244118e+01 6.698730e-02 -1.075000e+01
      vertex   1.520588e+01 1.464466e-01 -1.085355e+01
      vertex   1.520588e+01 6.698730e-02 -1.075000e+01
    endloop
  endfacet
  facet normal -3.275104e-19 -7.933533e-01 -6.087614e-01
    outer loop
      vertex   1.520588e+01 6.698730e-02 -1.075000e+01
      vertex   1.520588e+01 1.464466e-01 -1.085355e+01
      vertex   1.797059e+01 1.464466e-01 -1.085355e+01
    endloop
  endfacet
  facet normal 1.991168e-17 -7.933533e-01 -6.087614e-01
    outer loop
      vertex   1.520588e+01 6.698730e-02 -1.075000e+01
      vertex   1.797059e+01 1.464466e-01 -1.085355e+01
      vertex   1.797059e+01 6.698730e-02 -1.075000e+01
    endloop
  endfacet
  facet normal 3.557506e-19 -7.933533e-01 -6.087614e-01
    outer loop
      vertex   1.797059e+01 6.698730e-02 -1.075000e+01
      vertex   1.797059e+01 1.464466e-01 -1.085355e+01
      vertex   2.073529e+01 1.464466e-01 -1.085355e+01
    endloop
  endfacet
  facet normal -0.000000e+00 -6.087614e-01 -7.933533e-01
    outer loop
      vertex   -1.520588e+01 1.464466e-01 -1.085355e+01
      vertex   -1.797059e+01 1.464466e-01 -1.085355e+01
      vertex   -1.520588e+01 2.500000e-01 -1.093301e+01
    endloop
  endfacet
  facet normal -0.000000e+00 -6.087614e-01 -7.933533e-01
    outer loop
      vertex   -1.520588e+01 2.500000e-01 -1.093301e+01
      vertex   -1.797059e+01 1.464466e-01 -1.085355e+01
      vertex   -1.797059e+01 2.500000e-01 -1.093301e+01
    endloop
  endfacet
  facet normal -0.000000e+00 -3.826834e-01 -9.238795e-01
    outer loop
      vertex   -1.520588e+01 2.500000e-01 -1.093301e+01
      vertex   -1.797059e+01 2.500000e-01 -1.093301e+01
      vertex   -1.520588e+01 3.705905e-01 -1.098296e+01
    endloop
  endfacet
  facet normal -0.000000e+00 -3.826834e-01 -9.238795e-01
    outer loop
      vertex   -1.520588e+01 3.705905e-01 -1.098296e+01
      vertex   -1.797059e+01 2.500000e-01 -1.093301e+01
      vertex   -1.797059e+01 3.705905e-01 -1.098296e+01
    endloop
  endfacet
  facet normal -0.000000e+00 -1.305262e-01 -9.914449e-01
    outer loop
      vertex   -1.520588e+01 3.705905e-01 -1.098296e+01
      vertex   -1.797059e+01 3.705905e-01 -1.098296e+01
      vertex   -2.350000e+01 5.000000e-01 -1.100000e+01
    endloop
  endfacet
  facet normal 0.000000e+00 -6.087614e-01 -7.933533e-01
    outer loop
      vertex   -9.676471e+00 1.464466e-01 -1.085355e+01
      vertex   -6.911765e+00 2.500000e-01 -1.093301e+01
      vertex   -6.911765e+00 1.464466e-01 -1.085355e+01
    endloop
  endfacet
  facet normal 2.230146e-18 -6.087614e-01 -7.933533e-01
    outer loop
      vertex   -6.911765e+00 1.464466e-01 -1.085355e+01
      vertex   -6.911765e+00 2.500000e-01 -1.093301e+01
      vertex   -4.147059e+00 2.500000e-01 -1.093301e+01
    endloop
  endfacet
  facet normal 0.000000e+00 -6.087614e-01 -7.933533e-01
    outer loop
      vertex   -6.911765e+00 1.464466e-01 -1.085355e+01
      vertex   -4.147059e+00 2.500000e-01 -1.093301e+01
      vertex   -4.147059e+00 1.464466e-01 -1.085355e+01
    endloop
  endfacet
  facet normal 2.230146e-18 -6.087614e-01 -7.933533e-01
    outer loop
      vertex   -4.147059e+00 1.464466e-01 -1.085355e+01
      vertex   -4.147059e+00 2.500000e-01 -1.093301e+01
      vertex   -1.382353e+00 2.500000e-01 -1.093301e+01
    endloop
  endfacet
  facet normal -0.000000e+00 -6.087614e-01 -7.933533e-01
    outer loop
      vertex   9.676471e+00 1.464466e-01 -1.085355e+01
      vertex   6.911765e+00 1.464466e-01 -1.085355e+01
      vertex   9.676471e+00 2.500000e-01 -1.093301e+01
    endloop
  endfacet
  facet normal -1.222302e-17 -6.087614e-01 -7.933533e-01
    outer loop
      vertex   9.676471e+00 2.500000e-01 -1.093301e+01
      vertex   6.911765e+00 1.464466e-01 -1.085355e+01
      vertex   6.911765e+00 2.500000e-01 -1.093301e+01
    endloop
  endfacet
  facet normal -7.683710e-18 -3.826834e-01 -9.238795e-01
    outer loop
      vertex   9.676471e+00 2.500000e-01 -1.093301e+01
      vertex   6.911765e+00 2.500000e-01 -1.093301e+01
      vertex   9.676471e+00 3.705905e-01 -1.098296e+01
    endloop
  endfacet
  facet normal -0.000000e+00 -3.826834e-01 -9.238795e-01
    outer loop
      vertex   9.676471e+00 3.705905e-01 -1.098296e+01
      vertex   6.911765e+00 2.500000e-01 -1.093301e+01
      vertex   6.911765e+00 3.705905e-01 -1.098296e+01
    endloop
  endfacet
  facet normal -0.000000e+00 -1.305262e-01 -9.914449e-01
    outer loop
      vertex   9.676471e+00 3.705905e-01 -1.098296e+01
      vertex   6.911765e+00 3.705905e-01 -1.098296e+01
      vertex   2.350000e+01 5.000000e-01 -1.100000e+01
    endloop
  endfacet
  facet normal -1.272556e-18 -6.087614e-01 -7.933533e-01
    outer loop
      vertex   2.073529e+01 2.500000e-01 -1.093301e+01
      vertex   2.073529e+01 1.464466e-01 -1.085355e+01
      vertex   1.797059e+01 1.464466e-01 -1.085355e+01
    endloop
  endfacet
  facet normal -6.111509e-18 -6.087614e-01 -7.933533e-01
    outer loop
      vertex   2.073529e+01 2.500000e-01 -1.093301e+01
      vertex   1.797059e+01 1.464466e-01 -1.085355e+01
      vertex   1.797059e+01 2.500000e-01 -1.093301e+01
    endloop
  endfacet
  facet normal 2.230146e-18 -6.087614e-01 -7.933533e-01
    outer loop
      vertex   1.797059e+01 2.500000e-01 -1.093301e+01
      vertex   1.797059e+01 1.464466e-01 -1.085355e+01
      vertex   1.520588e+01 1.464466e-01 -1.085355e+01
    endloop
  endfacet
  facet normal 2.230146e-18 -6.087614e-01 -7.933533e-01
    outer loop
      vertex   -1.520588e+01 1.464466e-01 -1.085355e+01
      vertex   -1.520588e+01 2.500000e-01 -1.093301e+01
      vertex   -1.244118e+01 2.500000e-01 -1.093301e+01
    endloop
  endfacet
  facet normal -0.000000e+00 -3.826834e-01 -9.238795e-01
    outer loop
      vertex   -1.244118e+01 2.500000e-01 -1.093301e+01
      vertex   -1.520588e+01 2.500000e-01 -1.093301e+01
      vertex   -1.244118e+01 3.705905e-01 -1.098296e+01
    endloop
  endfacet
  facet normal 8.098934e-18 -3.826834e-01 -9.238795e-01
    outer loop
      vertex   -1.244118e+01 2.500000e-01 -1.093301e+01
      vertex   -1.244118e+01 3.705905e-01 -1.098296e+01
      vertex   -9.676471e+00 3.705905e-01 -1.098296e+01
    endloop
  endfacet
  facet normal 2.620770e-18 -1.305262e-01 -9.914449e-01
    outer loop
      vertex   -9.676471e+00 3.705905e-01 -1.098296e+01
      vertex   -1.244118e+01 3.705905e-01 -1.098296e+01
      vertex   -2.350000e+01 5.000000e-01 -1.100000e+01
    endloop
  endfacet
  facet normal 7.683710e-18 -3.826834e-01 -9.238795e-01
    outer loop
      vertex   -1.244118e+01 3.705905e-01 -1.098296e+01
      vertex   -1.520588e+01 2.500000e-01 -1.093301e+01
      vertex   -1.520588e+01 3.705905e-01 -1.098296e+01
    endloop
  endfacet
  facet normal 4.152247e-19 -3.826834e-01 -9.238795e-01
    outer loop
      vertex   -1.382353e+00 3.705905e-01 -1.098296e+01
      vertex   -1.382353e+00 2.500000e-01 -1.093301e+01
      vertex   -4.147059e+00 2.500000e-01 -1.093301e+01
    endloop
  endfacet
  facet normal -0.000000e+00 -3.826834e-01 -9.238795e-01
    outer loop
      vertex   -1.382353e+00 3.705905e-01 -1.098296e+01
      vertex   -4.147059e+00 2.500000e-01 -1.093301e+01
      vertex   -4.147059e+00 3.705905e-01 -1.098296e+01
    endloop
  endfacet
  facet normal 4.152247e-19 -3.826834e-01 -9.238795e-01
    outer loop
      vertex   -4.147059e+00 3.705905e-01 -1.098296e+01
      vertex   -4.147059e+00 2.500000e-01 -1.093301e+01
      vertex   -6.911765e+00 2.500000e-01 -1.093301e+01
    endloop
  endfacet
  facet normal 9.257427e-19 -6.087614e-01 -7.933533e-01
    outer loop
      vertex   9.676471e+00 1.464466e-01 -1.085355e+01
      vertex   9.676471e+00 2.500000e-01 -1.093301e+01
      vertex   1.244118e+01 2.500000e-01 -1.093301e+01
    endloop
  endfacet
  facet normal -0.000000e+00 -3.826834e-01 -9.238795e-01
    outer loop
      vertex   1.244118e+01 2.500000e-01 -1.093301e+01
      vertex   9.676471e+00 2.500000e-01 -1.093301e+01
      vertex   1.244118e+01 3.705905e-01 -1.098296e+01
    endloop
  endfacet
  facet normal 2.255855e-17 -3.826834e-01 -9.238795e-01
    outer loop
      vertex   1.244118e+01 2.500000e-01 -1.093301e+01
      vertex   1.244118e+01 3.705905e-01 -1.098296e+01
      vertex   1.520588e+01 3.705905e-01 -1.098296e+01
    endloop
  endfacet
  facet normal 7.862311e-18 -1.305262e-01 -9.914449e-01
    outer loop
      vertex   1.520588e+01 3.705905e-01 -1.098296e+01
      vertex   1.244118e+01 3.705905e-01 -1.098296e+01
      vertex   2.350000e+01 5.000000e-01 -1.100000e+01
    endloop
  endfacet
  facet normal -0.000000e+00 -3.826834e-01 -9.238795e-01
    outer loop
      vertex   1.244118e+01 3.705905e-01 -1.098296e+01
      vertex   9.676471e+00 2.500000e-01 -1.093301e+01
      vertex   9.676471e+00 3.705905e-01 -1.098296e+01
    endloop
  endfacet
  facet normal -3.369189e-18 -3.826834e-01 -9.238795e-01
    outer loop
      vertex   2.073529e+01 3.705905e-01 -1.098296e+01
      vertex   2.073529e+01 2.500000e-01 -1.093301e+01
      vertex   1.797059e+01 2.500000e-01 -1.093301e+01
    endloop
  endfacet
  facet normal 2.439403e-18 -1.305262e-01 -9.914449e-01
    outer loop
      vertex   -2.350000e+01 5.000000e-01 -1.100000e+01
      vertex   -1.244118e+01 3.705905e-01 -1.098296e+01
      vertex   -1.520588e+01 3.705905e-01 -1.098296e+01
    endloop
  endfacet
  facet normal -2.970552e-19 -1.305262e-01 -9.914449e-01
    outer loop
      vertex   2.350000e+01 5.000000e-01 -1.100000e+01
      vertex   1.244118e+01 3.705905e-01 -1.098296e+01
      vertex   9.676471e+00 3.705905e-01 -1.098296e+01
    endloop
  endfacet
  facet normal 1.304564e-01 -3.268886e-02 9.909150e-01
    outer loop
      vertex   2.362941e+01 5.000000e-01 1.098296e+01
      vertex   2.350000e+01 5.000000e-01 1.100000e+01
      vertex   2.359287e+01 4.230436e-01 1.098523e+01
    endloop
  endfacet
  facet normal 4.940940e-02 -1.303668e-01 9.902339e-01
    outer loop
      vertex   2.359287e+01 4.230436e-01 1.098523e+01
      vertex   2.350000e+01 5.000000e-01 1.100000e+01
      vertex   2.350000e+01 3.705905e-01 1.098296e+01
    endloop
  endfacet
  facet normal 1.298391e-01 -2.711922e-01 9.537278e-01
    outer loop
      vertex   2.359287e+01 4.230436e-01 1.098523e+01
      vertex   2.350000e+01 3.705905e-01 1.098296e+01
      vertex   2.354227e+01 3.056781e-01 1.095875e+01
    endloop
  endfacet
  facet normal -5.839280e-02 -3.820305e-01 9.223031e-01
    outer loop
      vertex   2.354227e+01 3.056781e-01 1.095875e+01
      vertex   2.350000e+01 3.705905e-01 1.098296e+01
      vertex   2.350000e+01 2.500000e-01 1.093301e+01
    endloop
  endfacet
  facet normal 1.588805e-01 -5.110938e-01 8.447130e-01
    outer loop
      vertex   2.354227e+01 3.056781e-01 1.095875e+01
      vertex   2.350000e+01 2.500000e-01 1.093301e+01
      vertex   2.365520e+01 2.704790e-01 1.091621e+01
    endloop
  endfacet
  facet normal 1.607312e-01 -5.407082e-01 8.257119e-01
    outer loop
      vertex   2.365520e+01 2.704790e-01 1.091621e+01
      vertex   2.350000e+01 2.500000e-01 1.093301e+01
      vertex   2.360056e+01 1.667161e-01 1.085890e+01
    endloop
  endfacet
  facet normal 3.657544e-01 -5.901245e-01 7.197061e-01
    outer loop
      vertex   2.365520e+01 2.704790e-01 1.091621e+01
      vertex   2.360056e+01 1.667161e-01 1.085890e+01
      vertex   2.375944e+01 2.522999e-01 1.084833e+01
    endloop
  endfacet
  facet normal 3.657544e-01 -5.901245e-01 7.197061e-01
    outer loop
      vertex   2.375944e+01 2.522999e-01 1.084833e+01
      vertex   2.360056e+01 1.667161e-01 1.085890e+01
      vertex   2.370373e+01 1.487230e-01 1.079172e+01
    endloop
  endfacet
  facet normal 5.611197e-01 -6.085140e-01 5.611197e-01
    outer loop
      vertex   2.375944e+01 2.522999e-01 1.084833e+01
      vertex   2.370373e+01 1.487230e-01 1.079172e+01
      vertex   2.384833e+01 2.522999e-01 1.075944e+01
    endloop
  endfacet
  facet normal 5.611197e-01 -6.085140e-01 5.611197e-01
    outer loop
      vertex   2.384833e+01 2.522999e-01 1.075944e+01
      vertex   2.370373e+01 1.487230e-01 1.079172e+01
      vertex   2.379172e+01 1.487230e-01 1.070373e+01
    endloop
  endfacet
  facet normal 7.197061e-01 -5.901245e-01 3.657544e-01
    outer loop
      vertex   2.384833e+01 2.522999e-01 1.075944e+01
      vertex   2.379172e+01 1.487230e-01 1.070373e+01
      vertex   2.391621e+01 2.704790e-01 1.065520e+01
    endloop
  endfacet
  facet normal 7.197061e-01 -5.901245e-01 3.657544e-01
    outer loop
      vertex   2.391621e+01 2.704790e-01 1.065520e+01
      vertex   2.379172e+01 1.487230e-01 1.070373e+01
      vertex   2.385890e+01 1.667161e-01 1.060056e+01
    endloop
  endfacet
  facet normal 8.257119e-01 -5.407082e-01 1.607312e-01
    outer loop
      vertex   2.391621e+01 2.704790e-01 1.065520e+01
      vertex   2.385890e+01 1.667161e-01 1.060056e+01
      vertex   2.393301e+01 2.500000e-01 1.050000e+01
    endloop
  endfacet
  facet normal 7.907938e-01 -6.067974e-01 8.026201e-02
    outer loop
      vertex   2.393301e+01 2.500000e-01 1.050000e+01
      vertex   2.385890e+01 1.667161e-01 1.060056e+01
      vertex   2.385355e+01 1.464466e-01 1.050000e+01
    endloop
  endfacet
  facet normal 6.538873e-01 -7.476569e-01 1.159338e-01
    outer loop
      vertex   2.385355e+01 1.464466e-01 1.050000e+01
      vertex   2.385890e+01 1.667161e-01 1.060056e+01
      vertex   2.377713e+01 8.566606e-02 1.053907e+01
    endloop
  endfacet
  facet normal 6.081878e-01 -7.926058e-01 -4.340169e-02
    outer loop
      vertex   2.385355e+01 1.464466e-01 1.050000e+01
      vertex   2.377713e+01 8.566606e-02 1.053907e+01
      vertex   2.375000e+01 6.698730e-02 1.050000e+01
    endloop
  endfacet
  facet normal 4.328324e-01 -8.925984e-01 1.261909e-01
    outer loop
      vertex   2.375000e+01 6.698730e-02 1.050000e+01
      vertex   2.377713e+01 8.566606e-02 1.053907e+01
      vertex   2.371522e+01 6.908503e-02 1.063414e+01
    endloop
  endfacet
  facet normal 3.995626e-01 -9.091026e-01 1.178222e-01
    outer loop
      vertex   2.375000e+01 6.698730e-02 1.050000e+01
      vertex   2.371522e+01 6.908503e-02 1.063414e+01
      vertex   2.362405e+01 1.881321e-02 1.055541e+01
    endloop
  endfacet
  facet normal 2.729599e-01 -9.224889e-01 2.729599e-01
    outer loop
      vertex   2.362405e+01 1.881321e-02 1.055541e+01
      vertex   2.371522e+01 6.908503e-02 1.063414e+01
      vertex   2.355541e+01 1.881321e-02 1.062405e+01
    endloop
  endfacet
  facet normal 1.036987e-01 -9.891881e-01 1.036987e-01
    outer loop
      vertex   2.362405e+01 1.881321e-02 1.055541e+01
      vertex   2.355541e+01 1.881321e-02 1.062405e+01
      vertex   2.350000e+01 0.000000e+00 1.050000e+01
    endloop
  endfacet
  facet normal 4.435481e-02 -9.904691e-01 1.303977e-01
    outer loop
      vertex   2.350000e+01 0.000000e+00 1.050000e+01
      vertex   2.355541e+01 1.881321e-02 1.062405e+01
      vertex   2.350000e+01 1.703709e-02 1.062941e+01
    endloop
  endfacet
  facet normal 6.645835e-02 -9.218370e-01 3.818374e-01
    outer loop
      vertex   2.350000e+01 1.703709e-02 1.062941e+01
      vertex   2.355541e+01 1.881321e-02 1.062405e+01
      vertex   2.350000e+01 6.698730e-02 1.075000e+01
    endloop
  endfacet
  facet normal 1.178222e-01 -9.091026e-01 3.995626e-01
    outer loop
      vertex   2.350000e+01 6.698730e-02 1.075000e+01
      vertex   2.355541e+01 1.881321e-02 1.062405e+01
      vertex   2.363414e+01 6.908503e-02 1.071522e+01
    endloop
  endfacet
  facet normal 1.261909e-01 -8.925984e-01 4.328324e-01
    outer loop
      vertex   2.350000e+01 6.698730e-02 1.075000e+01
      vertex   2.363414e+01 6.908503e-02 1.071522e+01
      vertex   2.353907e+01 8.566606e-02 1.077713e+01
    endloop
  endfacet
  facet normal 2.448663e-01 -7.743828e-01 5.834139e-01
    outer loop
      vertex   2.353907e+01 8.566606e-02 1.077713e+01
      vertex   2.363414e+01 6.908503e-02 1.071522e+01
      vertex   2.370373e+01 1.487230e-01 1.079172e+01
    endloop
  endfacet
  facet normal 2.448663e-01 -7.743828e-01 5.834139e-01
    outer loop
      vertex   2.353907e+01 8.566606e-02 1.077713e+01
      vertex   2.370373e+01 1.487230e-01 1.079172e+01
      vertex   2.360056e+01 1.667161e-01 1.085890e+01
    endloop
  endfacet
  facet normal 8.026201e-02 -6.067974e-01 7.907938e-01
    outer loop
      vertex   2.350000e+01 2.500000e-01 1.093301e+01
      vertex   2.350000e+01 1.464466e-01 1.085355e+01
      vertex   2.360056e+01 1.667161e-01 1.085890e+01
    endloop
  endfacet
  facet normal 1.159338e-01 -7.476569e-01 6.538873e-01
    outer loop
      vertex   2.360056e+01 1.667161e-01 1.085890e+01
      vertex   2.350000e+01 1.464466e-01 1.085355e+01
      vertex   2.353907e+01 8.566606e-02 1.077713e+01
    endloop
  endfacet
  facet normal -4.340169e-02 -7.926058e-01 6.081878e-01
    outer loop
      vertex   2.350000e+01 1.464466e-01 1.085355e+01
      vertex   2.350000e+01 6.698730e-02 1.075000e+01
      vertex   2.353907e+01 8.566606e-02 1.077713e+01
    endloop
  endfacet
  facet normal 1.303977e-01 -9.904691e-01 4.435481e-02
    outer loop
      vertex   2.350000e+01 0.000000e+00 1.050000e+01
      vertex   2.362941e+01 1.703709e-02 1.050000e+01
      vertex   2.362405e+01 1.881321e-02 1.055541e+01
    endloop
  endfacet
  facet normal 3.818374e-01 -9.218370e-01 6.645835e-02
    outer loop
      vertex   2.362405e+01 1.881321e-02 1.055541e+01
      vertex   2.362941e+01 1.703709e-02 1.050000e+01
      vertex   2.375000e+01 6.698730e-02 1.050000e+01
    endloop
  endfacet
  facet normal 8.447130e-01 -5.110938e-01 1.588805e-01
    outer loop
      vertex   2.391621e+01 2.704790e-01 1.065520e+01
      vertex   2.393301e+01 2.500000e-01 1.050000e+01
      vertex   2.395875e+01 3.056781e-01 1.054227e+01
    endloop
  endfacet
  facet normal 9.223031e-01 -3.820305e-01 -5.839280e-02
    outer loop
      vertex   2.395875e+01 3.056781e-01 1.054227e+01
      vertex   2.393301e+01 2.500000e-01 1.050000e+01
      vertex   2.398296e+01 3.705905e-01 1.050000e+01
    endloop
  endfacet
  facet normal 9.537278e-01 -2.711922e-01 1.298391e-01
    outer loop
      vertex   2.395875e+01 3.056781e-01 1.054227e+01
      vertex   2.398296e+01 3.705905e-01 1.050000e+01
      vertex   2.398523e+01 4.230436e-01 1.059287e+01
    endloop
  endfacet
  facet normal 9.902339e-01 -1.303668e-01 4.940940e-02
    outer loop
      vertex   2.398523e+01 4.230436e-01 1.059287e+01
      vertex   2.398296e+01 3.705905e-01 1.050000e+01
      vertex   2.400000e+01 5.000000e-01 1.050000e+01
    endloop
  endfacet
  facet normal 9.909150e-01 -3.268886e-02 1.304564e-01
    outer loop
      vertex   2.398523e+01 4.230436e-01 1.059287e+01
      vertex   2.400000e+01 5.000000e-01 1.050000e+01
      vertex   2.398296e+01 5.000000e-01 1.062941e+01
    endloop
  endfacet
  facet normal 9.407634e-01 -1.223638e-01 3.162140e-01
    outer loop
      vertex   2.398523e+01 4.230436e-01 1.059287e+01
      vertex   2.398296e+01 5.000000e-01 1.062941e+01
      vertex   2.394516e+01 3.898833e-01 1.069927e+01
    endloop
  endfacet
  facet normal 9.213332e-01 -7.419375e-02 3.816287e-01
    outer loop
      vertex   2.394516e+01 3.898833e-01 1.069927e+01
      vertex   2.398296e+01 5.000000e-01 1.062941e+01
      vertex   2.393301e+01 5.000000e-01 1.075000e+01
    endloop
  endfacet
  facet normal 8.403810e-01 -1.475718e-01 5.215192e-01
    outer loop
      vertex   2.394516e+01 3.898833e-01 1.069927e+01
      vertex   2.393301e+01 5.000000e-01 1.075000e+01
      vertex   2.388121e+01 3.727572e-01 1.079747e+01
    endloop
  endfacet
  facet normal 7.897316e-01 -9.544300e-02 6.059824e-01
    outer loop
      vertex   2.388121e+01 3.727572e-01 1.079747e+01
      vertex   2.393301e+01 5.000000e-01 1.075000e+01
      vertex   2.385355e+01 5.000000e-01 1.085355e+01
    endloop
  endfacet
  facet normal 6.984452e-01 -1.560404e-01 6.984452e-01
    outer loop
      vertex   2.388121e+01 3.727572e-01 1.079747e+01
      vertex   2.385355e+01 5.000000e-01 1.085355e+01
      vertex   2.379747e+01 3.727572e-01 1.088121e+01
    endloop
  endfacet
  facet normal 6.059824e-01 -9.544300e-02 7.897316e-01
    outer loop
      vertex   2.379747e+01 3.727572e-01 1.088121e+01
      vertex   2.385355e+01 5.000000e-01 1.085355e+01
      vertex   2.375000e+01 5.000000e-01 1.093301e+01
    endloop
  endfacet
  facet normal 5.215192e-01 -1.475718e-01 8.403810e-01
    outer loop
      vertex   2.379747e+01 3.727572e-01 1.088121e+01
      vertex   2.375000e+01 5.000000e-01 1.093301e+01
      vertex   2.369927e+01 3.898833e-01 1.094516e+01
    endloop
  endfacet
  facet normal 3.816287e-01 -7.419375e-02 9.213332e-01
    outer loop
      vertex   2.369927e+01 3.898833e-01 1.094516e+01
      vertex   2.375000e+01 5.000000e-01 1.093301e+01
      vertex   2.362941e+01 5.000000e-01 1.098296e+01
    endloop
  endfacet
  facet normal 3.162140e-01 -1.223638e-01 9.407634e-01
    outer loop
      vertex   2.369927e+01 3.898833e-01 1.094516e+01
      vertex   2.362941e+01 5.000000e-01 1.098296e+01
      vertex   2.359287e+01 4.230436e-01 1.098523e+01
    endloop
  endfacet
  facet normal 2.475550e-01 -3.135991e-01 9.167181e-01
    outer loop
      vertex   2.369927e+01 3.898833e-01 1.094516e+01
      vertex   2.359287e+01 4.230436e-01 1.098523e+01
      vertex   2.354227e+01 3.056781e-01 1.095875e+01
    endloop
  endfacet
  facet normal 4.620595e-01 -3.663208e-01 8.076571e-01
    outer loop
      vertex   2.379747e+01 3.727572e-01 1.088121e+01
      vertex   2.369927e+01 3.898833e-01 1.094516e+01
      vertex   2.365520e+01 2.704790e-01 1.091621e+01
    endloop
  endfacet
  facet normal 2.475550e-01 -3.135991e-01 9.167181e-01
    outer loop
      vertex   2.365520e+01 2.704790e-01 1.091621e+01
      vertex   2.369927e+01 3.898833e-01 1.094516e+01
      vertex   2.354227e+01 3.056781e-01 1.095875e+01
    endloop
  endfacet
  facet normal 4.620595e-01 -3.663208e-01 8.076571e-01
    outer loop
      vertex   2.379747e+01 3.727572e-01 1.088121e+01
      vertex   2.365520e+01 2.704790e-01 1.091621e+01
      vertex   2.375944e+01 2.522999e-01 1.084833e+01
    endloop
  endfacet
  facet normal 4.317293e-01 -7.919720e-01 4.317293e-01
    outer loop
      vertex   2.379172e+01 1.487230e-01 1.070373e+01
      vertex   2.370373e+01 1.487230e-01 1.079172e+01
      vertex   2.363414e+01 6.908503e-02 1.071522e+01
    endloop
  endfacet
  facet normal 4.317293e-01 -7.919720e-01 4.317293e-01
    outer loop
      vertex   2.379172e+01 1.487230e-01 1.070373e+01
      vertex   2.363414e+01 6.908503e-02 1.071522e+01
      vertex   2.371522e+01 6.908503e-02 1.063414e+01
    endloop
  endfacet
  facet normal 2.729599e-01 -9.224889e-01 2.729599e-01
    outer loop
      vertex   2.371522e+01 6.908503e-02 1.063414e+01
      vertex   2.363414e+01 6.908503e-02 1.071522e+01
      vertex   2.355541e+01 1.881321e-02 1.062405e+01
    endloop
  endfacet
  facet normal 6.528138e-01 -3.842763e-01 6.528138e-01
    outer loop
      vertex   2.388121e+01 3.727572e-01 1.079747e+01
      vertex   2.379747e+01 3.727572e-01 1.088121e+01
      vertex   2.375944e+01 2.522999e-01 1.084833e+01
    endloop
  endfacet
  facet normal 6.528138e-01 -3.842763e-01 6.528138e-01
    outer loop
      vertex   2.388121e+01 3.727572e-01 1.079747e+01
      vertex   2.375944e+01 2.522999e-01 1.084833e+01
      vertex   2.384833e+01 2.522999e-01 1.075944e+01
    endloop
  endfacet
  facet normal 5.834139e-01 -7.743828e-01 2.448663e-01
    outer loop
      vertex   2.385890e+01 1.667161e-01 1.060056e+01
      vertex   2.379172e+01 1.487230e-01 1.070373e+01
      vertex   2.371522e+01 6.908503e-02 1.063414e+01
    endloop
  endfacet
  facet normal 5.834139e-01 -7.743828e-01 2.448663e-01
    outer loop
      vertex   2.377713e+01 8.566606e-02 1.053907e+01
      vertex   2.385890e+01 1.667161e-01 1.060056e+01
      vertex   2.371522e+01 6.908503e-02 1.063414e+01
    endloop
  endfacet
  facet normal 8.076571e-01 -3.663208e-01 4.620595e-01
    outer loop
      vertex   2.394516e+01 3.898833e-01 1.069927e+01
      vertex   2.388121e+01 3.727572e-01 1.079747e+01
      vertex   2.384833e+01 2.522999e-01 1.075944e+01
    endloop
  endfacet
  facet normal 8.076571e-01 -3.663208e-01 4.620595e-01
    outer loop
      vertex   2.394516e+01 3.898833e-01 1.069927e+01
      vertex   2.384833e+01 2.522999e-01 1.075944e+01
      vertex   2.391621e+01 2.704790e-01 1.065520e+01
    endloop
  endfacet
  facet normal 9.167181e-01 -3.135991e-01 2.475550e-01
    outer loop
      vertex   2.398523e+01 4.230436e-01 1.059287e+01
      vertex   2.394516e+01 3.898833e-01 1.069927e+01
      vertex   2.391621e+01 2.704790e-01 1.065520e+01
    endloop
  endfacet
  facet normal 9.167181e-01 -3.135991e-01 2.475550e-01
    outer loop
      vertex   2.395875e+01 3.056781e-01 1.054227e+01
      vertex   2.398523e+01 4.230436e-01 1.059287e+01
      vertex   2.391621e+01 2.704790e-01 1.065520e+01
    endloop
  endfacet
  facet normal 1.305262e-01 -9.914449e-01 -1.834541e-16
    outer loop
      vertex   2.362941e+01 1.703709e-02 -1.050000e+01
      vertex   2.362941e+01 1.703709e-02 -7.875000e+00
      vertex   2.350000e+01 0.000000e+00 -1.050000e+01
    endloop
  endfacet
  facet normal 1.305262e-01 -9.914449e-01 -1.986417e-19
    outer loop
      vertex   2.350000e+01 0.000000e+00 -1.050000e+01
      vertex   2.362941e+01 1.703709e-02 -7.875000e+00
      vertex   2.362941e+01 1.703709e-02 -5.250000e+00
    endloop
  endfacet
  facet normal 1.305262e-01 -9.914449e-01 -1.986417e-19
    outer loop
      vertex   2.350000e+01 0.000000e+00 -1.050000e+01
      vertex   2.362941e+01 1.703709e-02 -5.250000e+00
      vertex   2.362941e+01 1.703709e-02 -2.625000e+00
    endloop
  endfacet
  facet normal 3.826834e-01 -9.238795e-01 0.000000e+00
    outer loop
      vertex   2.362941e+01 1.703709e-02 -2.625000e+00
      vertex   2.362941e+01 1.703709e-02 -5.250000e+00
      vertex   2.375000e+01 6.698730e-02 -2.625000e+00
    endloop
  endfacet
  facet normal 3.826834e-01 -9.238795e-01 4.832545e-17
    outer loop
      vertex   2.362941e+01 1.703709e-02 -2.625000e+00
      vertex   2.375000e+01 6.698730e-02 -2.625000e+00
      vertex   2.375000e+01 6.698730e-02 3.330669e-15
    endloop
  endfacet
  facet normal 6.087614e-01 -7.933533e-01 4.194282e-17
    outer loop
      vertex   2.375000e+01 6.698730e-02 3.330669e-15
      vertex   2.375000e+01 6.698730e-02 -2.625000e+00
      vertex   2.385355e+01 1.464466e-01 3.330669e-15
    endloop
  endfacet
  facet normal 6.087614e-01 -7.933533e-01 1.733737e-17
    outer loop
      vertex   2.375000e+01 6.698730e-02 3.330669e-15
      vertex   2.385355e+01 1.464466e-01 3.330669e-15
      vertex   2.385355e+01 1.464466e-01 2.625000e+00
    endloop
  endfacet
  facet normal 7.933533e-01 -6.087614e-01 1.287354e-17
    outer loop
      vertex   2.385355e+01 1.464466e-01 2.625000e+00
      vertex   2.385355e+01 1.464466e-01 3.330669e-15
      vertex   2.393301e+01 2.500000e-01 2.625000e+00
    endloop
  endfacet
  facet normal 7.933533e-01 -6.087614e-01 -4.532750e-17
    outer loop
      vertex   2.385355e+01 1.464466e-01 2.625000e+00
      vertex   2.393301e+01 2.500000e-01 2.625000e+00
      vertex   2.393301e+01 2.500000e-01 5.250000e+00
    endloop
  endfacet
  facet normal 9.238795e-01 -3.826834e-01 -2.832426e-17
    outer loop
      vertex   2.393301e+01 2.500000e-01 5.250000e+00
      vertex   2.393301e+01 2.500000e-01 2.625000e+00
      vertex   2.398296e+01 3.705905e-01 5.250000e+00
    endloop
  endfacet
  facet normal 9.238795e-01 -3.826834e-01 -1.610422e-17
    outer loop
      vertex   2.393301e+01 2.500000e-01 5.250000e+00
      vertex   2.398296e+01 3.705905e-01 5.250000e+00
      vertex   2.398296e+01 3.705905e-01 7.875000e+00
    endloop
  endfacet
  facet normal 9.914449e-01 -1.305262e-01 -5.520502e-18
    outer loop
      vertex   2.398296e+01 3.705905e-01 7.875000e+00
      vertex   2.398296e+01 3.705905e-01 5.250000e+00
      vertex   2.400000e+01 5.000000e-01 1.050000e+01
    endloop
  endfacet
  facet normal 9.914449e-01 -1.305262e-01 1.377719e-15
    outer loop
      vertex   2.398296e+01 3.705905e-01 7.875000e+00
      vertex   2.400000e+01 5.000000e-01 1.050000e+01
      vertex   2.398296e+01 3.705905e-01 1.050000e+01
    endloop
  endfacet
  facet normal 3.826834e-01 -9.238795e-01 -1.709521e-16
    outer loop
      vertex   2.362941e+01 1.703709e-02 -7.875000e+00
      vertex   2.362941e+01 1.703709e-02 -1.050000e+01
      vertex   2.375000e+01 6.698730e-02 -7.875000e+00
    endloop
  endfacet
  facet normal 3.826834e-01 -9.238795e-01 -1.221086e-16
    outer loop
      vertex   2.375000e+01 6.698730e-02 -7.875000e+00
      vertex   2.362941e+01 1.703709e-02 -1.050000e+01
      vertex   2.375000e+01 6.698730e-02 -1.050000e+01
    endloop
  endfacet
  facet normal 6.087614e-01 -7.933533e-01 -1.048570e-16
    outer loop
      vertex   2.375000e+01 6.698730e-02 -7.875000e+00
      vertex   2.375000e+01 6.698730e-02 -1.050000e+01
      vertex   2.385355e+01 1.464466e-01 -7.875000e+00
    endloop
  endfacet
  facet normal 6.087614e-01 -7.933533e-01 -8.388563e-17
    outer loop
      vertex   2.385355e+01 1.464466e-01 -7.875000e+00
      vertex   2.375000e+01 6.698730e-02 -1.050000e+01
      vertex   2.385355e+01 1.464466e-01 -1.050000e+01
    endloop
  endfacet
  facet normal 7.933533e-01 -6.087614e-01 -6.436771e-17
    outer loop
      vertex   2.385355e+01 1.464466e-01 -7.875000e+00
      vertex   2.385355e+01 1.464466e-01 -1.050000e+01
      vertex   2.393301e+01 2.500000e-01 -7.875000e+00
    endloop
  endfacet
  facet normal 7.933533e-01 -6.087614e-01 1.802296e-16
    outer loop
      vertex   2.393301e+01 2.500000e-01 -7.875000e+00
      vertex   2.385355e+01 1.464466e-01 -1.050000e+01
      vertex   2.393301e+01 2.500000e-01 -1.050000e+01
    endloop
  endfacet
  facet normal 9.238795e-01 -3.826834e-01 1.132971e-16
    outer loop
      vertex   2.393301e+01 2.500000e-01 -7.875000e+00
      vertex   2.393301e+01 2.500000e-01 -1.050000e+01
      vertex   2.398296e+01 3.705905e-01 -7.875000e+00
    endloop
  endfacet
  facet normal 9.238795e-01 -3.826834e-01 4.046323e-17
    outer loop
      vertex   2.398296e+01 3.705905e-01 -7.875000e+00
      vertex   2.393301e+01 2.500000e-01 -1.050000e+01
      vertex   2.398296e+01 3.705905e-01 -1.050000e+01
    endloop
  endfacet
  facet normal 9.914449e-01 -1.305262e-01 1.380126e-17
    outer loop
      vertex   2.398296e+01 3.705905e-01 -7.875000e+00
      vertex   2.398296e+01 3.705905e-01 -1.050000e+01
      vertex   2.400000e+01 5.000000e-01 -1.050000e+01
    endloop
  endfacet
  facet normal 9.914449e-01 -1.305262e-01 0.000000e+00
    outer loop
      vertex   2.400000e+01 5.000000e-01 1.050000e+01
      vertex   2.398296e+01 3.705905e-01 3.330669e-15
      vertex   2.400000e+01 5.000000e-01 -1.050000e+01
    endloop
  endfacet
  facet normal 9.914449e-01 -1.305262e-01 -5.942483e-18
    outer loop
      vertex   2.400000e+01 5.000000e-01 -1.050000e+01
      vertex   2.398296e+01 3.705905e-01 3.330669e-15
      vertex   2.398296e+01 3.705905e-01 -2.625000e+00
    endloop
  endfacet
  facet normal 9.914449e-01 -1.305262e-01 -2.374052e-18
    outer loop
      vertex   2.400000e+01 5.000000e-01 -1.050000e+01
      vertex   2.398296e+01 3.705905e-01 -2.625000e+00
      vertex   2.398296e+01 3.705905e-01 -5.250000e+00
    endloop
  endfacet
  facet normal 9.238795e-01 -3.826834e-01 -8.092647e-18
    outer loop
      vertex   2.398296e+01 3.705905e-01 -5.250000e+00
      vertex   2.398296e+01 3.705905e-01 -2.625000e+00
      vertex   2.393301e+01 2.500000e-01 -5.250000e+00
    endloop
  endfacet
  facet normal 9.238795e-01 -3.826834e-01 -2.313991e-17
    outer loop
      vertex   2.398296e+01 3.705905e-01 -5.250000e+00
      vertex   2.393301e+01 2.500000e-01 -5.250000e+00
      vertex   2.393301e+01 2.500000e-01 -7.875000e+00
    endloop
  endfacet
  facet normal 7.933533e-01 -6.087614e-01 -3.862063e-17
    outer loop
      vertex   2.393301e+01 2.500000e-01 -7.875000e+00
      vertex   2.393301e+01 2.500000e-01 -5.250000e+00
      vertex   2.385355e+01 1.464466e-01 -7.875000e+00
    endloop
  endfacet
  facet normal 9.238795e-01 -3.826834e-01 1.355597e-15
    outer loop
      vertex   2.398296e+01 3.705905e-01 7.875000e+00
      vertex   2.398296e+01 3.705905e-01 1.050000e+01
      vertex   2.393301e+01 2.500000e-01 7.875000e+00
    endloop
  endfacet
  facet normal 9.238795e-01 -3.826834e-01 1.537603e-16
    outer loop
      vertex   2.393301e+01 2.500000e-01 7.875000e+00
      vertex   2.398296e+01 3.705905e-01 1.050000e+01
      vertex   2.393301e+01 2.500000e-01 1.050000e+01
    endloop
  endfacet
  facet normal 7.933533e-01 -6.087614e-01 2.445973e-16
    outer loop
      vertex   2.393301e+01 2.500000e-01 7.875000e+00
      vertex   2.393301e+01 2.500000e-01 1.050000e+01
      vertex   2.385355e+01 1.464466e-01 7.875000e+00
    endloop
  endfacet
  facet normal 7.933533e-01 -6.087614e-01 2.574708e-16
    outer loop
      vertex   2.385355e+01 1.464466e-01 7.875000e+00
      vertex   2.393301e+01 2.500000e-01 1.050000e+01
      vertex   2.385355e+01 1.464466e-01 1.050000e+01
    endloop
  endfacet
  facet normal 6.087614e-01 -7.933533e-01 3.355425e-16
    outer loop
      vertex   2.385355e+01 1.464466e-01 7.875000e+00
      vertex   2.385355e+01 1.464466e-01 1.050000e+01
      vertex   2.375000e+01 6.698730e-02 7.875000e+00
    endloop
  endfacet
  facet normal 6.087614e-01 -7.933533e-01 4.823424e-16
    outer loop
      vertex   2.375000e+01 6.698730e-02 7.875000e+00
      vertex   2.385355e+01 1.464466e-01 1.050000e+01
      vertex   2.375000e+01 6.698730e-02 1.050000e+01
    endloop
  endfacet
  facet normal 3.826834e-01 -9.238795e-01 5.616996e-16
    outer loop
      vertex   2.375000e+01 6.698730e-02 7.875000e+00
      vertex   2.375000e+01 6.698730e-02 1.050000e+01
      vertex   2.362941e+01 1.703709e-02 7.875000e+00
    endloop
  endfacet
  facet normal 3.826834e-01 -9.238795e-01 7.570734e-16
    outer loop
      vertex   2.362941e+01 1.703709e-02 7.875000e+00
      vertex   2.375000e+01 6.698730e-02 1.050000e+01
      vertex   2.362941e+01 1.703709e-02 1.050000e+01
    endloop
  endfacet
  facet normal 1.305262e-01 -9.914449e-01 8.124398e-16
    outer loop
      vertex   2.362941e+01 1.703709e-02 7.875000e+00
      vertex   2.362941e+01 1.703709e-02 1.050000e+01
      vertex   2.350000e+01 0.000000e+00 1.050000e+01
    endloop
  endfacet
  facet normal 1.305262e-01 -9.914449e-01 0.000000e+00
    outer loop
      vertex   2.350000e+01 0.000000e+00 -1.050000e+01
      vertex   2.362941e+01 1.703709e-02 3.330669e-15
      vertex   2.350000e+01 0.000000e+00 1.050000e+01
    endloop
  endfacet
  facet normal 1.305262e-01 -9.914449e-01 2.600909e-17
    outer loop
      vertex   2.350000e+01 0.000000e+00 1.050000e+01
      vertex   2.362941e+01 1.703709e-02 3.330669e-15
      vertex   2.362941e+01 1.703709e-02 2.625000e+00
    endloop
  endfacet
  facet normal 1.305262e-01 -9.914449e-01 -5.713712e-19
    outer loop
      vertex   2.350000e+01 0.000000e+00 1.050000e+01
      vertex   2.362941e+01 1.703709e-02 2.625000e+00
      vertex   2.362941e+01 1.703709e-02 5.250000e+00
    endloop
  endfacet
  facet normal 3.826834e-01 -9.238795e-01 0.000000e+00
    outer loop
      vertex   2.362941e+01 1.703709e-02 5.250000e+00
      vertex   2.362941e+01 1.703709e-02 2.625000e+00
      vertex   2.375000e+01 6.698730e-02 5.250000e+00
    endloop
  endfacet
  facet normal 3.826834e-01 -9.238795e-01 4.996392e-17
    outer loop
      vertex   2.362941e+01 1.703709e-02 5.250000e+00
      vertex   2.375000e+01 6.698730e-02 5.250000e+00
      vertex   2.375000e+01 6.698730e-02 7.875000e+00
    endloop
  endfacet
  facet normal 6.087614e-01 -7.933533e-01 4.194282e-17
    outer loop
      vertex   2.375000e+01 6.698730e-02 7.875000e+00
      vertex   2.375000e+01 6.698730e-02 5.250000e+00
      vertex   2.385355e+01 1.464466e-01 7.875000e+00
    endloop
  endfacet
  facet normal 1.305262e-01 -9.914449e-01 0.000000e+00
    outer loop
      vertex   2.362941e+01 1.703709e-02 3.330669e-15
      vertex   2.350000e+01 0.000000e+00 -1.050000e+01
      vertex   2.362941e+01 1.703709e-02 -2.625000e+00
    endloop
  endfacet
  facet normal 3.826834e-01 -9.238795e-01 0.000000e+00
    outer loop
      vertex   2.362941e+01 1.703709e-02 -5.250000e+00
      vertex   2.362941e+01 1.703709e-02 -7.875000e+00
      vertex   2.375000e+01 6.698730e-02 -5.250000e+00
    endloop
  endfacet
  facet normal 3.826834e-01 -9.238795e-01 4.884344e-17
    outer loop
      vertex   2.375000e+01 6.698730e-02 -5.250000e+00
      vertex   2.362941e+01 1.703709e-02 -7.875000e+00
      vertex   2.375000e+01 6.698730e-02 -7.875000e+00
    endloop
  endfacet
  facet normal 6.087614e-01 -7.933533e-01 4.194282e-17
    outer loop
      vertex   2.375000e+01 6.698730e-02 -5.250000e+00
      vertex   2.375000e+01 6.698730e-02 -7.875000e+00
      vertex   2.385355e+01 1.464466e-01 -5.250000e+00
    endloop
  endfacet
  facet normal 6.087614e-01 -7.933533e-01 3.355425e-17
    outer loop
      vertex   2.385355e+01 1.464466e-01 -5.250000e+00
      vertex   2.375000e+01 6.698730e-02 -7.875000e+00
      vertex   2.385355e+01 1.464466e-01 -7.875000e+00
    endloop
  endfacet
  facet normal 7.933533e-01 -6.087614e-01 2.574708e-17
    outer loop
      vertex   2.385355e+01 1.464466e-01 -5.250000e+00
      vertex   2.385355e+01 1.464466e-01 -7.875000e+00
      vertex   2.393301e+01 2.500000e-01 -5.250000e+00
    endloop
  endfacet
  facet normal 3.826834e-01 -9.238795e-01 0.000000e+00
    outer loop
      vertex   2.362941e+01 1.703709e-02 -2.625000e+00
      vertex   2.375000e+01 6.698730e-02 3.330669e-15
      vertex   2.362941e+01 1.703709e-02 3.330669e-15
    endloop
  endfacet
  facet normal 3.826834e-01 -9.238795e-01 2.274675e-19
    outer loop
      vertex   2.362941e+01 1.703709e-02 3.330669e-15
      vertex   2.375000e+01 6.698730e-02 3.330669e-15
      vertex   2.375000e+01 6.698730e-02 2.625000e+00
    endloop
  endfacet
  facet normal 3.826834e-01 -9.238795e-01 2.442172e-17
    outer loop
      vertex   2.362941e+01 1.703709e-02 3.330669e-15
      vertex   2.375000e+01 6.698730e-02 2.625000e+00
      vertex   2.362941e+01 1.703709e-02 2.625000e+00
    endloop
  endfacet
  facet normal 3.826834e-01 -9.238795e-01 1.120474e-18
    outer loop
      vertex   2.362941e+01 1.703709e-02 2.625000e+00
      vertex   2.375000e+01 6.698730e-02 2.625000e+00
      vertex   2.375000e+01 6.698730e-02 5.250000e+00
    endloop
  endfacet
  facet normal 1.305262e-01 -9.914449e-01 2.620774e-17
    outer loop
      vertex   2.362941e+01 1.703709e-02 7.875000e+00
      vertex   2.350000e+01 0.000000e+00 1.050000e+01
      vertex   2.362941e+01 1.703709e-02 5.250000e+00
    endloop
  endfacet
  facet normal 3.826834e-01 -9.238795e-01 2.464919e-17
    outer loop
      vertex   2.375000e+01 6.698730e-02 7.875000e+00
      vertex   2.362941e+01 1.703709e-02 7.875000e+00
      vertex   2.362941e+01 1.703709e-02 5.250000e+00
    endloop
  endfacet
  facet normal 3.826834e-01 -9.238795e-01 -5.179915e-19
    outer loop
      vertex   2.362941e+01 1.703709e-02 -5.250000e+00
      vertex   2.375000e+01 6.698730e-02 -5.250000e+00
      vertex   2.375000e+01 6.698730e-02 -2.625000e+00
    endloop
  endfacet
  facet normal 6.087614e-01 -7.933533e-01 0.000000e+00
    outer loop
      vertex   2.375000e+01 6.698730e-02 -2.625000e+00
      vertex   2.375000e+01 6.698730e-02 -5.250000e+00
      vertex   2.385355e+01 1.464466e-01 -2.625000e+00
    endloop
  endfacet
  facet normal 6.087614e-01 -7.933533e-01 2.731422e-17
    outer loop
      vertex   2.375000e+01 6.698730e-02 -2.625000e+00
      vertex   2.385355e+01 1.464466e-01 -2.625000e+00
      vertex   2.385355e+01 1.464466e-01 3.330669e-15
    endloop
  endfacet
  facet normal 7.933533e-01 -6.087614e-01 1.931031e-17
    outer loop
      vertex   2.385355e+01 1.464466e-01 3.330669e-15
      vertex   2.385355e+01 1.464466e-01 -2.625000e+00
      vertex   2.393301e+01 2.500000e-01 3.330669e-15
    endloop
  endfacet
  facet normal 7.933533e-01 -6.087614e-01 -2.790013e-17
    outer loop
      vertex   2.385355e+01 1.464466e-01 3.330669e-15
      vertex   2.393301e+01 2.500000e-01 3.330669e-15
      vertex   2.393301e+01 2.500000e-01 2.625000e+00
    endloop
  endfacet
  facet normal 9.238795e-01 -3.826834e-01 -1.618529e-17
    outer loop
      vertex   2.393301e+01 2.500000e-01 2.625000e+00
      vertex   2.393301e+01 2.500000e-01 3.330669e-15
      vertex   2.398296e+01 3.705905e-01 2.625000e+00
    endloop
  endfacet
  facet normal 9.238795e-01 -3.826834e-01 -1.558583e-17
    outer loop
      vertex   2.393301e+01 2.500000e-01 2.625000e+00
      vertex   2.398296e+01 3.705905e-01 2.625000e+00
      vertex   2.398296e+01 3.705905e-01 5.250000e+00
    endloop
  endfacet
  facet normal 9.914449e-01 -1.305262e-01 -5.520502e-18
    outer loop
      vertex   2.398296e+01 3.705905e-01 5.250000e+00
      vertex   2.398296e+01 3.705905e-01 2.625000e+00
      vertex   2.400000e+01 5.000000e-01 1.050000e+01
    endloop
  endfacet
  facet normal 6.087614e-01 -7.933533e-01 2.516569e-17
    outer loop
      vertex   2.385355e+01 1.464466e-01 -2.625000e+00
      vertex   2.375000e+01 6.698730e-02 -5.250000e+00
      vertex   2.385355e+01 1.464466e-01 -5.250000e+00
    endloop
  endfacet
  facet normal 6.087614e-01 -7.933533e-01 0.000000e+00
    outer loop
      vertex   2.375000e+01 6.698730e-02 3.330669e-15
      vertex   2.385355e+01 1.464466e-01 2.625000e+00
      vertex   2.375000e+01 6.698730e-02 2.625000e+00
    endloop
  endfacet
  facet normal 6.087614e-01 -7.933533e-01 4.409135e-17
    outer loop
      vertex   2.375000e+01 6.698730e-02 2.625000e+00
      vertex   2.385355e+01 1.464466e-01 2.625000e+00
      vertex   2.385355e+01 1.464466e-01 5.250000e+00
    endloop
  endfacet
  facet normal 6.087614e-01 -7.933533e-01 0.000000e+00
    outer loop
      vertex   2.375000e+01 6.698730e-02 2.625000e+00
      vertex   2.385355e+01 1.464466e-01 5.250000e+00
      vertex   2.375000e+01 6.698730e-02 5.250000e+00
    endloop
  endfacet
  facet normal 6.087614e-01 -7.933533e-01 2.369053e-17
    outer loop
      vertex   2.375000e+01 6.698730e-02 5.250000e+00
      vertex   2.385355e+01 1.464466e-01 5.250000e+00
      vertex   2.385355e+01 1.464466e-01 7.875000e+00
    endloop
  endfacet
  facet normal 7.933533e-01 -6.087614e-01 1.931031e-17
    outer loop
      vertex   2.385355e+01 1.464466e-01 -2.625000e+00
      vertex   2.385355e+01 1.464466e-01 -5.250000e+00
      vertex   2.393301e+01 2.500000e-01 -2.625000e+00
    endloop
  endfacet
  facet normal 7.933533e-01 -6.087614e-01 -2.574708e-17
    outer loop
      vertex   2.393301e+01 2.500000e-01 -2.625000e+00
      vertex   2.385355e+01 1.464466e-01 -5.250000e+00
      vertex   2.393301e+01 2.500000e-01 -5.250000e+00
    endloop
  endfacet
  facet normal 9.238795e-01 -3.826834e-01 -1.618529e-17
    outer loop
      vertex   2.393301e+01 2.500000e-01 -2.625000e+00
      vertex   2.393301e+01 2.500000e-01 -5.250000e+00
      vertex   2.398296e+01 3.705905e-01 -2.625000e+00
    endloop
  endfacet
  facet normal 7.933533e-01 -6.087614e-01 1.923450e-17
    outer loop
      vertex   2.393301e+01 2.500000e-01 7.875000e+00
      vertex   2.385355e+01 1.464466e-01 7.875000e+00
      vertex   2.385355e+01 1.464466e-01 5.250000e+00
    endloop
  endfacet
  facet normal 7.933533e-01 -6.087614e-01 1.054426e-15
    outer loop
      vertex   2.393301e+01 2.500000e-01 7.875000e+00
      vertex   2.385355e+01 1.464466e-01 5.250000e+00
      vertex   2.393301e+01 2.500000e-01 5.250000e+00
    endloop
  endfacet
  facet normal 7.933533e-01 -6.087614e-01 3.061669e-17
    outer loop
      vertex   2.393301e+01 2.500000e-01 5.250000e+00
      vertex   2.385355e+01 1.464466e-01 5.250000e+00
      vertex   2.385355e+01 1.464466e-01 2.625000e+00
    endloop
  endfacet
  facet normal 9.238795e-01 -3.826834e-01 0.000000e+00
    outer loop
      vertex   2.398296e+01 3.705905e-01 -5.250000e+00
      vertex   2.393301e+01 2.500000e-01 -7.875000e+00
      vertex   2.398296e+01 3.705905e-01 -7.875000e+00
    endloop
  endfacet
  facet normal 7.933533e-01 -6.087614e-01 -3.853513e-17
    outer loop
      vertex   2.385355e+01 1.464466e-01 -2.625000e+00
      vertex   2.393301e+01 2.500000e-01 -2.625000e+00
      vertex   2.393301e+01 2.500000e-01 3.330669e-15
    endloop
  endfacet
  facet normal 9.238795e-01 -3.826834e-01 -2.427794e-17
    outer loop
      vertex   2.393301e+01 2.500000e-01 3.330669e-15
      vertex   2.393301e+01 2.500000e-01 -2.625000e+00
      vertex   2.398296e+01 3.705905e-01 3.330669e-15
    endloop
  endfacet
  facet normal 9.238795e-01 -3.826834e-01 -3.969911e-19
    outer loop
      vertex   2.393301e+01 2.500000e-01 3.330669e-15
      vertex   2.398296e+01 3.705905e-01 3.330669e-15
      vertex   2.398296e+01 3.705905e-01 2.625000e+00
    endloop
  endfacet
  facet normal 9.914449e-01 -1.305262e-01 0.000000e+00
    outer loop
      vertex   2.398296e+01 3.705905e-01 2.625000e+00
      vertex   2.398296e+01 3.705905e-01 3.330669e-15
      vertex   2.400000e+01 5.000000e-01 1.050000e+01
    endloop
  endfacet
  facet normal 9.238795e-01 -3.826834e-01 -1.618529e-17
    outer loop
      vertex   2.398296e+01 3.705905e-01 3.330669e-15
      vertex   2.393301e+01 2.500000e-01 -2.625000e+00
      vertex   2.398296e+01 3.705905e-01 -2.625000e+00
    endloop
  endfacet
  facet normal 9.238795e-01 -3.826834e-01 1.239351e-15
    outer loop
      vertex   2.398296e+01 3.705905e-01 7.875000e+00
      vertex   2.393301e+01 2.500000e-01 7.875000e+00
      vertex   2.393301e+01 2.500000e-01 5.250000e+00
    endloop
  endfacet
  facet normal 9.914449e-01 -1.305262e-01 1.574213e-19
    outer loop
      vertex   2.400000e+01 5.000000e-01 -1.050000e+01
      vertex   2.398296e+01 3.705905e-01 -5.250000e+00
      vertex   2.398296e+01 3.705905e-01 -7.875000e+00
    endloop
  endfacet
  facet normal 9.914449e-01 -0.000000e+00 1.305262e-01
    outer loop
      vertex   2.400000e+01 5.000000e-01 1.050000e+01
      vertex   2.400000e+01 6.000000e+00 1.050000e+01
      vertex   2.398296e+01 3.250000e+00 1.062941e+01
    endloop
  endfacet
  facet normal 9.914449e-01 -0.000000e+00 1.305262e-01
    outer loop
      vertex   2.398296e+01 3.250000e+00 1.062941e+01
      vertex   2.400000e+01 6.000000e+00 1.050000e+01
      vertex   2.398296e+01 6.000000e+00 1.062941e+01
    endloop
  endfacet
  facet normal 9.238795e-01 -0.000000e+00 3.826834e-01
    outer loop
      vertex   2.398296e+01 3.250000e+00 1.062941e+01
      vertex   2.398296e+01 6.000000e+00 1.062941e+01
      vertex   2.393301e+01 3.250000e+00 1.075000e+01
    endloop
  endfacet
  facet normal 9.238795e-01 -0.000000e+00 3.826834e-01
    outer loop
      vertex   2.393301e+01 3.250000e+00 1.075000e+01
      vertex   2.398296e+01 6.000000e+00 1.062941e+01
      vertex   2.393301e+01 6.000000e+00 1.075000e+01
    endloop
  endfacet
  facet normal 7.933533e-01 -0.000000e+00 6.087614e-01
    outer loop
      vertex   2.393301e+01 3.250000e+00 1.075000e+01
      vertex   2.393301e+01 6.000000e+00 1.075000e+01
      vertex   2.385355e+01 3.250000e+00 1.085355e+01
    endloop
  endfacet
  facet normal 7.933533e-01 -0.000000e+00 6.087614e-01
    outer loop
      vertex   2.385355e+01 3.250000e+00 1.085355e+01
      vertex   2.393301e+01 6.000000e+00 1.075000e+01
      vertex   2.385355e+01 6.000000e+00 1.085355e+01
    endloop
  endfacet
  facet normal 6.087614e-01 -0.000000e+00 7.933533e-01
    outer loop
      vertex   2.385355e+01 3.250000e+00 1.085355e+01
      vertex   2.385355e+01 6.000000e+00 1.085355e+01
      vertex   2.375000e+01 3.250000e+00 1.093301e+01
    endloop
  endfacet
  facet normal 6.087614e-01 -1.024930e-15 7.933533e-01
    outer loop
      vertex   2.375000e+01 3.250000e+00 1.093301e+01
      vertex   2.385355e+01 6.000000e+00 1.085355e+01
      vertex   2.375000e+01 6.000000e+00 1.093301e+01
    endloop
  endfacet
  facet normal 3.826834e-01 -1.193556e-15 9.238795e-01
    outer loop
      vertex   2.375000e+01 3.250000e+00 1.093301e+01
      vertex   2.375000e+01 6.000000e+00 1.093301e+01
      vertex   2.362941e+01 3.250000e+00 1.098296e+01
    endloop
  endfacet
  facet normal 3.826834e-01 4.943872e-16 9.238795e-01
    outer loop
      vertex   2.362941e+01 3.250000e+00 1.098296e+01
      vertex   2.375000e+01 6.000000e+00 1.093301e+01
      vertex   2.362941e+01 6.000000e+00 1.098296e+01
    endloop
  endfacet
  facet normal 1.305262e-01 1.686263e-16 9.914449e-01
    outer loop
      vertex   2.362941e+01 3.250000e+00 1.098296e+01
      vertex   2.362941e+01 6.000000e+00 1.098296e+01
      vertex   2.350000e+01 6.000000e+00 1.100000e+01
    endloop
  endfacet
  facet normal 1.305262e-01 8.431313e-17 9.914449e-01
    outer loop
      vertex   2.350000e+01 6.000000e+00 1.100000e+01
      vertex   2.350000e+01 5.000000e-01 1.100000e+01
      vertex   2.362941e+01 3.250000e+00 1.098296e+01
    endloop
  endfacet
  facet normal 1.305262e-01 3.372525e-16 9.914449e-01
    outer loop
      vertex   2.362941e+01 3.250000e+00 1.098296e+01
      vertex   2.350000e+01 5.000000e-01 1.100000e+01
      vertex   2.362941e+01 5.000000e-01 1.098296e+01
    endloop
  endfacet
  facet normal 3.826834e-01 9.887743e-16 9.238795e-01
    outer loop
      vertex   2.362941e+01 3.250000e+00 1.098296e+01
      vertex   2.362941e+01 5.000000e-01 1.098296e+01
      vertex   2.375000e+01 3.250000e+00 1.093301e+01
    endloop
  endfacet
  facet normal 3.826834e-01 0.000000e+00 9.238795e-01
    outer loop
      vertex   2.375000e+01 3.250000e+00 1.093301e+01
      vertex   2.362941e+01 5.000000e-01 1.098296e+01
      vertex   2.375000e+01 5.000000e-01 1.093301e+01
    endloop
  endfacet
  facet normal 6.087614e-01 0.000000e+00 7.933533e-01
    outer loop
      vertex   2.375000e+01 3.250000e+00 1.093301e+01
      vertex   2.375000e+01 5.000000e-01 1.093301e+01
      vertex   2.385355e+01 3.250000e+00 1.085355e+01
    endloop
  endfacet
  facet normal 6.087614e-01 -5.124650e-16 7.933533e-01
    outer loop
      vertex   2.385355e+01 3.250000e+00 1.085355e+01
      vertex   2.375000e+01 5.000000e-01 1.093301e+01
      vertex   2.385355e+01 5.000000e-01 1.085355e+01
    endloop
  endfacet
  facet normal 7.933533e-01 -3.932282e-16 6.087614e-01
    outer loop
      vertex   2.385355e+01 3.250000e+00 1.085355e+01
      vertex   2.385355e+01 5.000000e-01 1.085355e+01
      vertex   2.393301e+01 3.250000e+00 1.075000e+01
    endloop
  endfacet
  facet normal 7.933533e-01 1.024930e-15 6.087614e-01
    outer loop
      vertex   2.393301e+01 3.250000e+00 1.075000e+01
      vertex   2.385355e+01 5.000000e-01 1.085355e+01
      vertex   2.393301e+01 5.000000e-01 1.075000e+01
    endloop
  endfacet
  facet normal 9.238795e-01 1.193556e-15 3.826834e-01
    outer loop
      vertex   2.393301e+01 3.250000e+00 1.075000e+01
      vertex   2.393301e+01 5.000000e-01 1.075000e+01
      vertex   2.398296e+01 3.250000e+00 1.062941e+01
    endloop
  endfacet
  facet normal 9.238795e-01 0.000000e+00 3.826834e-01
    outer loop
      vertex   2.398296e+01 3.250000e+00 1.062941e+01
      vertex   2.393301e+01 5.000000e-01 1.075000e+01
      vertex   2.398296e+01 5.000000e-01 1.062941e+01
    endloop
  endfacet
  facet normal 9.914449e-01 0.000000e+00 1.305262e-01
    outer loop
      vertex   2.398296e+01 3.250000e+00 1.062941e+01
      vertex   2.398296e+01 5.000000e-01 1.062941e+01
      vertex   2.400000e+01 5.000000e-01 1.050000e+01
    endloop
  endfacet
  facet normal -4.940940e-02 -1.303668e-01 9.902339e-01
    outer loop
      vertex   -2.350000e+01 3.705905e-01 1.098296e+01
      vertex   -2.350000e+01 5.000000e-01 1.100000e+01
      vertex   -2.359287e+01 4.230436e-01 1.098523e+01
    endloop
  endfacet
  facet normal -1.304564e-01 -3.268886e-02 9.909150e-01
    outer loop
      vertex   -2.359287e+01 4.230436e-01 1.098523e+01
      vertex   -2.350000e+01 5.000000e-01 1.100000e+01
      vertex   -2.362941e+01 5.000000e-01 1.098296e+01
    endloop
  endfacet
  facet normal -3.162140e-01 -1.223638e-01 9.407634e-01
    outer loop
      vertex   -2.359287e+01 4.230436e-01 1.098523e+01
      vertex   -2.362941e+01 5.000000e-01 1.098296e+01
      vertex   -2.369927e+01 3.898833e-01 1.094516e+01
    endloop
  endfacet
  facet normal -3.816287e-01 -7.419375e-02 9.213332e-01
    outer loop
      vertex   -2.369927e+01 3.898833e-01 1.094516e+01
      vertex   -2.362941e+01 5.000000e-01 1.098296e+01
      vertex   -2.375000e+01 5.000000e-01 1.093301e+01
    endloop
  endfacet
  facet normal -5.215192e-01 -1.475718e-01 8.403810e-01
    outer loop
      vertex   -2.369927e+01 3.898833e-01 1.094516e+01
      vertex   -2.375000e+01 5.000000e-01 1.093301e+01
      vertex   -2.379747e+01 3.727572e-01 1.088121e+01
    endloop
  endfacet
  facet normal -6.059824e-01 -9.544300e-02 7.897316e-01
    outer loop
      vertex   -2.379747e+01 3.727572e-01 1.088121e+01
      vertex   -2.375000e+01 5.000000e-01 1.093301e+01
      vertex   -2.385355e+01 5.000000e-01 1.085355e+01
    endloop
  endfacet
  facet normal -6.984452e-01 -1.560404e-01 6.984452e-01
    outer loop
      vertex   -2.379747e+01 3.727572e-01 1.088121e+01
      vertex   -2.385355e+01 5.000000e-01 1.085355e+01
      vertex   -2.388121e+01 3.727572e-01 1.079747e+01
    endloop
  endfacet
  facet normal -7.897316e-01 -9.544300e-02 6.059824e-01
    outer loop
      vertex   -2.388121e+01 3.727572e-01 1.079747e+01
      vertex   -2.385355e+01 5.000000e-01 1.085355e+01
      vertex   -2.393301e+01 5.000000e-01 1.075000e+01
    endloop
  endfacet
  facet normal -8.403810e-01 -1.475718e-01 5.215192e-01
    outer loop
      vertex   -2.388121e+01 3.727572e-01 1.079747e+01
      vertex   -2.393301e+01 5.000000e-01 1.075000e+01
      vertex   -2.394516e+01 3.898833e-01 1.069927e+01
    endloop
  endfacet
  facet normal -9.213332e-01 -7.419375e-02 3.816287e-01
    outer loop
      vertex   -2.394516e+01 3.898833e-01 1.069927e+01
      vertex   -2.393301e+01 5.000000e-01 1.075000e+01
      vertex   -2.398296e+01 5.000000e-01 1.062941e+01
    endloop
  endfacet
  facet normal -9.407634e-01 -1.223638e-01 3.162140e-01
    outer loop
      vertex   -2.394516e+01 3.898833e-01 1.069927e+01
      vertex   -2.398296e+01 5.000000e-01 1.062941e+01
      vertex   -2.398523e+01 4.230436e-01 1.059287e+01
    endloop
  endfacet
  facet normal -9.909150e-01 -3.268886e-02 1.304564e-01
    outer loop
      vertex   -2.398523e+01 4.230436e-01 1.059287e+01
      vertex   -2.398296e+01 5.000000e-01 1.062941e+01
      vertex   -2.400000e+01 5.000000e-01 1.050000e+01
    endloop
  endfacet
  facet normal -9.902339e-01 -1.303668e-01 4.940940e-02
    outer loop
      vertex   -2.398523e+01 4.230436e-01 1.059287e+01
      vertex   -2.400000e+01 5.000000e-01 1.050000e+01
      vertex   -2.398296e+01 3.705905e-01 1.050000e+01
    endloop
  endfacet
  facet normal -9.537278e-01 -2.711922e-01 1.298391e-01
    outer loop
      vertex   -2.398523e+01 4.230436e-01 1.059287e+01
      vertex   -2.398296e+01 3.705905e-01 1.050000e+01
      vertex   -2.395875e+01 3.056781e-01 1.054227e+01
    endloop
  endfacet
  facet normal -9.223031e-01 -3.820305e-01 -5.839280e-02
    outer loop
      vertex   -2.395875e+01 3.056781e-01 1.054227e+01
      vertex   -2.398296e+01 3.705905e-01 1.050000e+01
      vertex   -2.393301e+01 2.500000e-01 1.050000e+01
    endloop
  endfacet
  facet normal -8.447130e-01 -5.110938e-01 1.588805e-01
    outer loop
      vertex   -2.395875e+01 3.056781e-01 1.054227e+01
      vertex   -2.393301e+01 2.500000e-01 1.050000e+01
      vertex   -2.391621e+01 2.704790e-01 1.065520e+01
    endloop
  endfacet
  facet normal -8.257119e-01 -5.407082e-01 1.607312e-01
    outer loop
      vertex   -2.391621e+01 2.704790e-01 1.065520e+01
      vertex   -2.393301e+01 2.500000e-01 1.050000e+01
      vertex   -2.385890e+01 1.667161e-01 1.060056e+01
    endloop
  endfacet
  facet normal -7.197061e-01 -5.901245e-01 3.657544e-01
    outer loop
      vertex   -2.391621e+01 2.704790e-01 1.065520e+01
      vertex   -2.385890e+01 1.667161e-01 1.060056e+01
      vertex   -2.384833e+01 2.522999e-01 1.075944e+01
    endloop
  endfacet
  facet normal -7.197061e-01 -5.901245e-01 3.657544e-01
    outer loop
      vertex   -2.384833e+01 2.522999e-01 1.075944e+01
      vertex   -2.385890e+01 1.667161e-01 1.060056e+01
      vertex   -2.379172e+01 1.487230e-01 1.070373e+01
    endloop
  endfacet
  facet normal -5.611197e-01 -6.085140e-01 5.611197e-01
    outer loop
      vertex   -2.384833e+01 2.522999e-01 1.075944e+01
      vertex   -2.379172e+01 1.487230e-01 1.070373e+01
      vertex   -2.375944e+01 2.522999e-01 1.084833e+01
    endloop
  endfacet
  facet normal -5.611197e-01 -6.085140e-01 5.611197e-01
    outer loop
      vertex   -2.375944e+01 2.522999e-01 1.084833e+01
      vertex   -2.379172e+01 1.487230e-01 1.070373e+01
      vertex   -2.370373e+01 1.487230e-01 1.079172e+01
    endloop
  endfacet
  facet normal -3.657544e-01 -5.901245e-01 7.197061e-01
    outer loop
      vertex   -2.375944e+01 2.522999e-01 1.084833e+01
      vertex   -2.370373e+01 1.487230e-01 1.079172e+01
      vertex   -2.365520e+01 2.704790e-01 1.091621e+01
    endloop
  endfacet
  facet normal -3.657544e-01 -5.901245e-01 7.197061e-01
    outer loop
      vertex   -2.365520e+01 2.704790e-01 1.091621e+01
      vertex   -2.370373e+01 1.487230e-01 1.079172e+01
      vertex   -2.360056e+01 1.667161e-01 1.085890e+01
    endloop
  endfacet
  facet normal -1.607312e-01 -5.407082e-01 8.257119e-01
    outer loop
      vertex   -2.365520e+01 2.704790e-01 1.091621e+01
      vertex   -2.360056e+01 1.667161e-01 1.085890e+01
      vertex   -2.350000e+01 2.500000e-01 1.093301e+01
    endloop
  endfacet
  facet normal -8.026201e-02 -6.067974e-01 7.907938e-01
    outer loop
      vertex   -2.350000e+01 2.500000e-01 1.093301e+01
      vertex   -2.360056e+01 1.667161e-01 1.085890e+01
      vertex   -2.350000e+01 1.464466e-01 1.085355e+01
    endloop
  endfacet
  facet normal -1.159338e-01 -7.476569e-01 6.538873e-01
    outer loop
      vertex   -2.350000e+01 1.464466e-01 1.085355e+01
      vertex   -2.360056e+01 1.667161e-01 1.085890e+01
      vertex   -2.353907e+01 8.566606e-02 1.077713e+01
    endloop
  endfacet
  facet normal 4.340169e-02 -7.926058e-01 6.081878e-01
    outer loop
      vertex   -2.350000e+01 1.464466e-01 1.085355e+01
      vertex   -2.353907e+01 8.566606e-02 1.077713e+01
      vertex   -2.350000e+01 6.698730e-02 1.075000e+01
    endloop
  endfacet
  facet normal -1.261909e-01 -8.925984e-01 4.328324e-01
    outer loop
      vertex   -2.350000e+01 6.698730e-02 1.075000e+01
      vertex   -2.353907e+01 8.566606e-02 1.077713e+01
      vertex   -2.363414e+01 6.908503e-02 1.071522e+01
    endloop
  endfacet
  facet normal -1.178222e-01 -9.091026e-01 3.995626e-01
    outer loop
      vertex   -2.350000e+01 6.698730e-02 1.075000e+01
      vertex   -2.363414e+01 6.908503e-02 1.071522e+01
      vertex   -2.355541e+01 1.881321e-02 1.062405e+01
    endloop
  endfacet
  facet normal -2.729599e-01 -9.224889e-01 2.729599e-01
    outer loop
      vertex   -2.355541e+01 1.881321e-02 1.062405e+01
      vertex   -2.363414e+01 6.908503e-02 1.071522e+01
      vertex   -2.362405e+01 1.881321e-02 1.055541e+01
    endloop
  endfacet
  facet normal -1.036987e-01 -9.891881e-01 1.036987e-01
    outer loop
      vertex   -2.355541e+01 1.881321e-02 1.062405e+01
      vertex   -2.362405e+01 1.881321e-02 1.055541e+01
      vertex   -2.350000e+01 0.000000e+00 1.050000e+01
    endloop
  endfacet
  facet normal -1.303977e-01 -9.904691e-01 4.435481e-02
    outer loop
      vertex   -2.350000e+01 0.000000e+00 1.050000e+01
      vertex   -2.362405e+01 1.881321e-02 1.055541e+01
      vertex   -2.362941e+01 1.703709e-02 1.050000e+01
    endloop
  endfacet
  facet normal -3.818374e-01 -9.218370e-01 6.645835e-02
    outer loop
      vertex   -2.362941e+01 1.703709e-02 1.050000e+01
      vertex   -2.362405e+01 1.881321e-02 1.055541e+01
      vertex   -2.375000e+01 6.698730e-02 1.050000e+01
    endloop
  endfacet
  facet normal -3.995626e-01 -9.091026e-01 1.178222e-01
    outer loop
      vertex   -2.375000e+01 6.698730e-02 1.050000e+01
      vertex   -2.362405e+01 1.881321e-02 1.055541e+01
      vertex   -2.371522e+01 6.908503e-02 1.063414e+01
    endloop
  endfacet
  facet normal -4.328324e-01 -8.925984e-01 1.261909e-01
    outer loop
      vertex   -2.375000e+01 6.698730e-02 1.050000e+01
      vertex   -2.371522e+01 6.908503e-02 1.063414e+01
      vertex   -2.377713e+01 8.566606e-02 1.053907e+01
    endloop
  endfacet
  facet normal -5.834139e-01 -7.743828e-01 2.448663e-01
    outer loop
      vertex   -2.377713e+01 8.566606e-02 1.053907e+01
      vertex   -2.371522e+01 6.908503e-02 1.063414e+01
      vertex   -2.379172e+01 1.487230e-01 1.070373e+01
    endloop
  endfacet
  facet normal -5.834139e-01 -7.743828e-01 2.448663e-01
    outer loop
      vertex   -2.377713e+01 8.566606e-02 1.053907e+01
      vertex   -2.379172e+01 1.487230e-01 1.070373e+01
      vertex   -2.385890e+01 1.667161e-01 1.060056e+01
    endloop
  endfacet
  facet normal -7.907938e-01 -6.067974e-01 8.026201e-02
    outer loop
      vertex   -2.393301e+01 2.500000e-01 1.050000e+01
      vertex   -2.385355e+01 1.464466e-01 1.050000e+01
      vertex   -2.385890e+01 1.667161e-01 1.060056e+01
    endloop
  endfacet
  facet normal -6.538873e-01 -7.476569e-01 1.159338e-01
    outer loop
      vertex   -2.385890e+01 1.667161e-01 1.060056e+01
      vertex   -2.385355e+01 1.464466e-01 1.050000e+01
      vertex   -2.377713e+01 8.566606e-02 1.053907e+01
    endloop
  endfacet
  facet normal -6.081878e-01 -7.926058e-01 -4.340169e-02
    outer loop
      vertex   -2.385355e+01 1.464466e-01 1.050000e+01
      vertex   -2.375000e+01 6.698730e-02 1.050000e+01
      vertex   -2.377713e+01 8.566606e-02 1.053907e+01
    endloop
  endfacet
  facet normal -4.435481e-02 -9.904691e-01 1.303977e-01
    outer loop
      vertex   -2.350000e+01 0.000000e+00 1.050000e+01
      vertex   -2.350000e+01 1.703709e-02 1.062941e+01
      vertex   -2.355541e+01 1.881321e-02 1.062405e+01
    endloop
  endfacet
  facet normal -6.645835e-02 -9.218370e-01 3.818374e-01
    outer loop
      vertex   -2.355541e+01 1.881321e-02 1.062405e+01
      vertex   -2.350000e+01 1.703709e-02 1.062941e+01
      vertex   -2.350000e+01 6.698730e-02 1.075000e+01
    endloop
  endfacet
  facet normal -1.588805e-01 -5.110938e-01 8.447130e-01
    outer loop
      vertex   -2.365520e+01 2.704790e-01 1.091621e+01
      vertex   -2.350000e+01 2.500000e-01 1.093301e+01
      vertex   -2.354227e+01 3.056781e-01 1.095875e+01
    endloop
  endfacet
  facet normal 5.839280e-02 -3.820305e-01 9.223031e-01
    outer loop
      vertex   -2.354227e+01 3.056781e-01 1.095875e+01
      vertex   -2.350000e+01 2.500000e-01 1.093301e+01
      vertex   -2.350000e+01 3.705905e-01 1.098296e+01
    endloop
  endfacet
  facet normal -1.298391e-01 -2.711922e-01 9.537278e-01
    outer loop
      vertex   -2.354227e+01 3.056781e-01 1.095875e+01
      vertex   -2.350000e+01 3.705905e-01 1.098296e+01
      vertex   -2.359287e+01 4.230436e-01 1.098523e+01
    endloop
  endfacet
  facet normal -2.475550e-01 -3.135991e-01 9.167181e-01
    outer loop
      vertex   -2.365520e+01 2.704790e-01 1.091621e+01
      vertex   -2.354227e+01 3.056781e-01 1.095875e+01
      vertex   -2.359287e+01 4.230436e-01 1.098523e+01
    endloop
  endfacet
  facet normal -4.620595e-01 -3.663208e-01 8.076571e-01
    outer loop
      vertex   -2.375944e+01 2.522999e-01 1.084833e+01
      vertex   -2.365520e+01 2.704790e-01 1.091621e+01
      vertex   -2.369927e+01 3.898833e-01 1.094516e+01
    endloop
  endfacet
  facet normal -2.475550e-01 -3.135991e-01 9.167181e-01
    outer loop
      vertex   -2.369927e+01 3.898833e-01 1.094516e+01
      vertex   -2.365520e+01 2.704790e-01 1.091621e+01
      vertex   -2.359287e+01 4.230436e-01 1.098523e+01
    endloop
  endfacet
  facet normal -2.448663e-01 -7.743828e-01 5.834139e-01
    outer loop
      vertex   -2.363414e+01 6.908503e-02 1.071522e+01
      vertex   -2.353907e+01 8.566606e-02 1.077713e+01
      vertex   -2.360056e+01 1.667161e-01 1.085890e+01
    endloop
  endfacet
  facet normal -2.448663e-01 -7.743828e-01 5.834139e-01
    outer loop
      vertex   -2.363414e+01 6.908503e-02 1.071522e+01
      vertex   -2.360056e+01 1.667161e-01 1.085890e+01
      vertex   -2.370373e+01 1.487230e-01 1.079172e+01
    endloop
  endfacet
  facet normal -6.528138e-01 -3.842763e-01 6.528138e-01
    outer loop
      vertex   -2.384833e+01 2.522999e-01 1.075944e+01
      vertex   -2.375944e+01 2.522999e-01 1.084833e+01
      vertex   -2.379747e+01 3.727572e-01 1.088121e+01
    endloop
  endfacet
  facet normal -4.620595e-01 -3.663208e-01 8.076571e-01
    outer loop
      vertex   -2.379747e+01 3.727572e-01 1.088121e+01
      vertex   -2.375944e+01 2.522999e-01 1.084833e+01
      vertex   -2.369927e+01 3.898833e-01 1.094516e+01
    endloop
  endfacet
  facet normal -4.317293e-01 -7.919720e-01 4.317293e-01
    outer loop
      vertex   -2.379172e+01 1.487230e-01 1.070373e+01
      vertex   -2.371522e+01 6.908503e-02 1.063414e+01
      vertex   -2.370373e+01 1.487230e-01 1.079172e+01
    endloop
  endfacet
  facet normal -4.317293e-01 -7.919720e-01 4.317293e-01
    outer loop
      vertex   -2.370373e+01 1.487230e-01 1.079172e+01
      vertex   -2.371522e+01 6.908503e-02 1.063414e+01
      vertex   -2.363414e+01 6.908503e-02 1.071522e+01
    endloop
  endfacet
  facet normal -2.729599e-01 -9.224889e-01 2.729599e-01
    outer loop
      vertex   -2.371522e+01 6.908503e-02 1.063414e+01
      vertex   -2.362405e+01 1.881321e-02 1.055541e+01
      vertex   -2.363414e+01 6.908503e-02 1.071522e+01
    endloop
  endfacet
  facet normal -8.076571e-01 -3.663208e-01 4.620595e-01
    outer loop
      vertex   -2.391621e+01 2.704790e-01 1.065520e+01
      vertex   -2.384833e+01 2.522999e-01 1.075944e+01
      vertex   -2.388121e+01 3.727572e-01 1.079747e+01
    endloop
  endfacet
  facet normal -6.528138e-01 -3.842763e-01 6.528138e-01
    outer loop
      vertex   -2.388121e+01 3.727572e-01 1.079747e+01
      vertex   -2.384833e+01 2.522999e-01 1.075944e+01
      vertex   -2.379747e+01 3.727572e-01 1.088121e+01
    endloop
  endfacet
  facet normal -9.167181e-01 -3.135991e-01 2.475550e-01
    outer loop
      vertex   -2.395875e+01 3.056781e-01 1.054227e+01
      vertex   -2.391621e+01 2.704790e-01 1.065520e+01
      vertex   -2.394516e+01 3.898833e-01 1.069927e+01
    endloop
  endfacet
  facet normal -8.076571e-01 -3.663208e-01 4.620595e-01
    outer loop
      vertex   -2.394516e+01 3.898833e-01 1.069927e+01
      vertex   -2.391621e+01 2.704790e-01 1.065520e+01
      vertex   -2.388121e+01 3.727572e-01 1.079747e+01
    endloop
  endfacet
  facet normal -9.167181e-01 -3.135991e-01 2.475550e-01
    outer loop
      vertex   -2.398523e+01 4.230436e-01 1.059287e+01
      vertex   -2.395875e+01 3.056781e-01 1.054227e+01
      vertex   -2.394516e+01 3.898833e-01 1.069927e+01
    endloop
  endfacet
  facet normal -1.305262e-01 -9.914449e-01 -1.834541e-16
    outer loop
      vertex   -2.362941e+01 1.703709e-02 1.050000e+01
      vertex   -2.362941e+01 1.703709e-02 7.875000e+00
      vertex   -2.350000e+01 0.000000e+00 1.050000e+01
    endloop
  endfacet
  facet normal -1.305262e-01 -9.914449e-01 5.259771e-17
    outer loop
      vertex   -2.350000e+01 0.000000e+00 1.050000e+01
      vertex   -2.362941e+01 1.703709e-02 7.875000e+00
      vertex   -2.362941e+01 1.703709e-02 5.250000e+00
    endloop
  endfacet
  facet normal -1.305262e-01 -9.914449e-01 5.185225e-17
    outer loop
      vertex   -2.350000e+01 0.000000e+00 1.050000e+01
      vertex   -2.362941e+01 1.703709e-02 5.250000e+00
      vertex   -2.362941e+01 1.703709e-02 2.625000e+00
    endloop
  endfacet
  facet normal -3.826834e-01 -9.238795e-01 4.884344e-17
    outer loop
      vertex   -2.362941e+01 1.703709e-02 2.625000e+00
      vertex   -2.362941e+01 1.703709e-02 5.250000e+00
      vertex   -2.375000e+01 6.698730e-02 2.625000e+00
    endloop
  endfacet
  facet normal -3.826834e-01 -9.238795e-01 -4.917473e-17
    outer loop
      vertex   -2.362941e+01 1.703709e-02 2.625000e+00
      vertex   -2.375000e+01 6.698730e-02 2.625000e+00
      vertex   -2.375000e+01 6.698730e-02 4.440892e-15
    endloop
  endfacet
  facet normal -6.087614e-01 -7.933533e-01 -4.194282e-17
    outer loop
      vertex   -2.375000e+01 6.698730e-02 4.440892e-15
      vertex   -2.375000e+01 6.698730e-02 2.625000e+00
      vertex   -2.385355e+01 1.464466e-01 4.440892e-15
    endloop
  endfacet
  facet normal -6.087614e-01 -7.933533e-01 -1.733737e-17
    outer loop
      vertex   -2.375000e+01 6.698730e-02 4.440892e-15
      vertex   -2.385355e+01 1.464466e-01 4.440892e-15
      vertex   -2.385355e+01 1.464466e-01 -2.625000e+00
    endloop
  endfacet
  facet normal -7.933533e-01 -6.087614e-01 -1.287354e-17
    outer loop
      vertex   -2.385355e+01 1.464466e-01 -2.625000e+00
      vertex   -2.385355e+01 1.464466e-01 4.440892e-15
      vertex   -2.393301e+01 2.500000e-01 -2.625000e+00
    endloop
  endfacet
  facet normal -7.933533e-01 -6.087614e-01 4.532750e-17
    outer loop
      vertex   -2.385355e+01 1.464466e-01 -2.625000e+00
      vertex   -2.393301e+01 2.500000e-01 -2.625000e+00
      vertex   -2.393301e+01 2.500000e-01 -5.250000e+00
    endloop
  endfacet
  facet normal -9.238795e-01 -3.826834e-01 2.832426e-17
    outer loop
      vertex   -2.393301e+01 2.500000e-01 -5.250000e+00
      vertex   -2.393301e+01 2.500000e-01 -2.625000e+00
      vertex   -2.398296e+01 3.705905e-01 -5.250000e+00
    endloop
  endfacet
  facet normal -9.238795e-01 -3.826834e-01 7.856132e-18
    outer loop
      vertex   -2.393301e+01 2.500000e-01 -5.250000e+00
      vertex   -2.398296e+01 3.705905e-01 -5.250000e+00
      vertex   -2.398296e+01 3.705905e-01 -7.875000e+00
    endloop
  endfacet
  facet normal -9.914449e-01 -1.305262e-01 2.760251e-18
    outer loop
      vertex   -2.398296e+01 3.705905e-01 -7.875000e+00
      vertex   -2.398296e+01 3.705905e-01 -5.250000e+00
      vertex   -2.400000e+01 5.000000e-01 -1.050000e+01
    endloop
  endfacet
  facet normal -9.914449e-01 -1.305262e-01 -1.374959e-15
    outer loop
      vertex   -2.398296e+01 3.705905e-01 -7.875000e+00
      vertex   -2.400000e+01 5.000000e-01 -1.050000e+01
      vertex   -2.398296e+01 3.705905e-01 -1.050000e+01
    endloop
  endfacet
  facet normal -3.826834e-01 -9.238795e-01 -1.709521e-16
    outer loop
      vertex   -2.362941e+01 1.703709e-02 7.875000e+00
      vertex   -2.362941e+01 1.703709e-02 1.050000e+01
      vertex   -2.375000e+01 6.698730e-02 7.875000e+00
    endloop
  endfacet
  facet normal -3.826834e-01 -9.238795e-01 1.221086e-16
    outer loop
      vertex   -2.375000e+01 6.698730e-02 7.875000e+00
      vertex   -2.362941e+01 1.703709e-02 1.050000e+01
      vertex   -2.375000e+01 6.698730e-02 1.050000e+01
    endloop
  endfacet
  facet normal -6.087614e-01 -7.933533e-01 1.048570e-16
    outer loop
      vertex   -2.375000e+01 6.698730e-02 7.875000e+00
      vertex   -2.375000e+01 6.698730e-02 1.050000e+01
      vertex   -2.385355e+01 1.464466e-01 7.875000e+00
    endloop
  endfacet
  facet normal -6.087614e-01 -7.933533e-01 8.388563e-17
    outer loop
      vertex   -2.385355e+01 1.464466e-01 7.875000e+00
      vertex   -2.375000e+01 6.698730e-02 1.050000e+01
      vertex   -2.385355e+01 1.464466e-01 1.050000e+01
    endloop
  endfacet
  facet normal -7.933533e-01 -6.087614e-01 6.436771e-17
    outer loop
      vertex   -2.385355e+01 1.464466e-01 7.875000e+00
      vertex   -2.385355e+01 1.464466e-01 1.050000e+01
      vertex   -2.393301e+01 2.500000e-01 7.875000e+00
    endloop
  endfacet
  facet normal -7.933533e-01 -6.087614e-01 -1.802296e-16
    outer loop
      vertex   -2.393301e+01 2.500000e-01 7.875000e+00
      vertex   -2.385355e+01 1.464466e-01 1.050000e+01
      vertex   -2.393301e+01 2.500000e-01 1.050000e+01
    endloop
  endfacet
  facet normal -9.238795e-01 -3.826834e-01 -1.132971e-16
    outer loop
      vertex   -2.393301e+01 2.500000e-01 7.875000e+00
      vertex   -2.393301e+01 2.500000e-01 1.050000e+01
      vertex   -2.398296e+01 3.705905e-01 7.875000e+00
    endloop
  endfacet
  facet normal -9.238795e-01 -3.826834e-01 -4.046323e-17
    outer loop
      vertex   -2.398296e+01 3.705905e-01 7.875000e+00
      vertex   -2.393301e+01 2.500000e-01 1.050000e+01
      vertex   -2.398296e+01 3.705905e-01 1.050000e+01
    endloop
  endfacet
  facet normal -9.914449e-01 -1.305262e-01 -1.380126e-17
    outer loop
      vertex   -2.398296e+01 3.705905e-01 7.875000e+00
      vertex   -2.398296e+01 3.705905e-01 1.050000e+01
      vertex   -2.400000e+01 5.000000e-01 1.050000e+01
    endloop
  endfacet
  facet normal -9.914449e-01 -1.305262e-01 0.000000e+00
    outer loop
      vertex   -2.400000e+01 5.000000e-01 -1.050000e+01
      vertex   -2.398296e+01 3.705905e-01 4.440892e-15
      vertex   -2.400000e+01 5.000000e-01 1.050000e+01
    endloop
  endfacet
  facet normal -9.914449e-01 -1.305262e-01 5.942483e-18
    outer loop
      vertex   -2.400000e+01 5.000000e-01 1.050000e+01
      vertex   -2.398296e+01 3.705905e-01 4.440892e-15
      vertex   -2.398296e+01 3.705905e-01 2.625000e+00
    endloop
  endfacet
  facet normal -9.914449e-01 -1.305262e-01 2.374052e-18
    outer loop
      vertex   -2.400000e+01 5.000000e-01 1.050000e+01
      vertex   -2.398296e+01 3.705905e-01 2.625000e+00
      vertex   -2.398296e+01 3.705905e-01 5.250000e+00
    endloop
  endfacet
  facet normal -9.238795e-01 -3.826834e-01 8.092647e-18
    outer loop
      vertex   -2.398296e+01 3.705905e-01 5.250000e+00
      vertex   -2.398296e+01 3.705905e-01 2.625000e+00
      vertex   -2.393301e+01 2.500000e-01 5.250000e+00
    endloop
  endfacet
  facet normal -9.238795e-01 -3.826834e-01 2.551594e-17
    outer loop
      vertex   -2.398296e+01 3.705905e-01 5.250000e+00
      vertex   -2.393301e+01 2.500000e-01 5.250000e+00
      vertex   -2.393301e+01 2.500000e-01 7.875000e+00
    endloop
  endfacet
  facet normal -7.933533e-01 -6.087614e-01 3.862063e-17
    outer loop
      vertex   -2.393301e+01 2.500000e-01 7.875000e+00
      vertex   -2.393301e+01 2.500000e-01 5.250000e+00
      vertex   -2.385355e+01 1.464466e-01 7.875000e+00
    endloop
  endfacet
  facet normal -9.238795e-01 -3.826834e-01 -1.347504e-15
    outer loop
      vertex   -2.398296e+01 3.705905e-01 -7.875000e+00
      vertex   -2.398296e+01 3.705905e-01 -1.050000e+01
      vertex   -2.393301e+01 2.500000e-01 -7.875000e+00
    endloop
  endfacet
  facet normal -9.238795e-01 -3.826834e-01 -1.404152e-15
    outer loop
      vertex   -2.393301e+01 2.500000e-01 -7.875000e+00
      vertex   -2.398296e+01 3.705905e-01 -1.050000e+01
      vertex   -2.393301e+01 2.500000e-01 -1.050000e+01
    endloop
  endfacet
  facet normal -7.933533e-01 -6.087614e-01 -1.318333e-15
    outer loop
      vertex   -2.393301e+01 2.500000e-01 -7.875000e+00
      vertex   -2.393301e+01 2.500000e-01 -1.050000e+01
      vertex   -2.385355e+01 1.464466e-01 -7.875000e+00
    endloop
  endfacet
  facet normal -7.933533e-01 -6.087614e-01 -2.574708e-16
    outer loop
      vertex   -2.385355e+01 1.464466e-01 -7.875000e+00
      vertex   -2.393301e+01 2.500000e-01 -1.050000e+01
      vertex   -2.385355e+01 1.464466e-01 -1.050000e+01
    endloop
  endfacet
  facet normal -6.087614e-01 -7.933533e-01 -3.355425e-16
    outer loop
      vertex   -2.385355e+01 1.464466e-01 -7.875000e+00
      vertex   -2.385355e+01 1.464466e-01 -1.050000e+01
      vertex   -2.375000e+01 6.698730e-02 -7.875000e+00
    endloop
  endfacet
  facet normal -6.087614e-01 -7.933533e-01 -5.033138e-16
    outer loop
      vertex   -2.375000e+01 6.698730e-02 -7.875000e+00
      vertex   -2.385355e+01 1.464466e-01 -1.050000e+01
      vertex   -2.375000e+01 6.698730e-02 -1.050000e+01
    endloop
  endfacet
  facet normal -3.826834e-01 -9.238795e-01 -5.861213e-16
    outer loop
      vertex   -2.375000e+01 6.698730e-02 -7.875000e+00
      vertex   -2.375000e+01 6.698730e-02 -1.050000e+01
      vertex   -2.362941e+01 1.703709e-02 -7.875000e+00
    endloop
  endfacet
  facet normal -3.826834e-01 -9.238795e-01 -7.326517e-16
    outer loop
      vertex   -2.362941e+01 1.703709e-02 -7.875000e+00
      vertex   -2.375000e+01 6.698730e-02 -1.050000e+01
      vertex   -2.362941e+01 1.703709e-02 -1.050000e+01
    endloop
  endfacet
  facet normal -1.305262e-01 -9.914449e-01 -7.862321e-16
    outer loop
      vertex   -2.362941e+01 1.703709e-02 -7.875000e+00
      vertex   -2.362941e+01 1.703709e-02 -1.050000e+01
      vertex   -2.350000e+01 0.000000e+00 -1.050000e+01
    endloop
  endfacet
  facet normal -1.305262e-01 -9.914449e-01 -0.000000e+00
    outer loop
      vertex   -2.350000e+01 0.000000e+00 1.050000e+01
      vertex   -2.362941e+01 1.703709e-02 4.440892e-15
      vertex   -2.350000e+01 0.000000e+00 -1.050000e+01
    endloop
  endfacet
  facet normal -1.305262e-01 -9.914449e-01 -3.277211e-16
    outer loop
      vertex   -2.350000e+01 0.000000e+00 -1.050000e+01
      vertex   -2.362941e+01 1.703709e-02 4.440892e-15
      vertex   -2.362941e+01 1.703709e-02 -2.625000e+00
    endloop
  endfacet
  facet normal -1.305262e-01 -9.914449e-01 7.889948e-17
    outer loop
      vertex   -2.350000e+01 0.000000e+00 -1.050000e+01
      vertex   -2.362941e+01 1.703709e-02 -2.625000e+00
      vertex   -2.362941e+01 1.703709e-02 -5.250000e+00
    endloop
  endfacet
  facet normal -3.826834e-01 -9.238795e-01 7.326517e-17
    outer loop
      vertex   -2.362941e+01 1.703709e-02 -5.250000e+00
      vertex   -2.362941e+01 1.703709e-02 -2.625000e+00
      vertex   -2.375000e+01 6.698730e-02 -5.250000e+00
    endloop
  endfacet
  facet normal -3.826834e-01 -9.238795e-01 -2.315827e-17
    outer loop
      vertex   -2.362941e+01 1.703709e-02 -5.250000e+00
      vertex   -2.375000e+01 6.698730e-02 -5.250000e+00
      vertex   -2.375000e+01 6.698730e-02 -7.875000e+00
    endloop
  endfacet
  facet normal -6.087614e-01 -7.933533e-01 -2.097141e-17
    outer loop
      vertex   -2.375000e+01 6.698730e-02 -7.875000e+00
      vertex   -2.375000e+01 6.698730e-02 -5.250000e+00
      vertex   -2.385355e+01 1.464466e-01 -7.875000e+00
    endloop
  endfacet
  facet normal -1.305262e-01 -9.914449e-01 5.241547e-17
    outer loop
      vertex   -2.362941e+01 1.703709e-02 4.440892e-15
      vertex   -2.350000e+01 0.000000e+00 1.050000e+01
      vertex   -2.362941e+01 1.703709e-02 2.625000e+00
    endloop
  endfacet
  facet normal -3.826834e-01 -9.238795e-01 4.884344e-17
    outer loop
      vertex   -2.362941e+01 1.703709e-02 5.250000e+00
      vertex   -2.362941e+01 1.703709e-02 7.875000e+00
      vertex   -2.375000e+01 6.698730e-02 5.250000e+00
    endloop
  endfacet
  facet normal -3.826834e-01 -9.238795e-01 -4.884344e-17
    outer loop
      vertex   -2.375000e+01 6.698730e-02 5.250000e+00
      vertex   -2.362941e+01 1.703709e-02 7.875000e+00
      vertex   -2.375000e+01 6.698730e-02 7.875000e+00
    endloop
  endfacet
  facet normal -6.087614e-01 -7.933533e-01 -4.194282e-17
    outer loop
      vertex   -2.375000e+01 6.698730e-02 5.250000e+00
      vertex   -2.375000e+01 6.698730e-02 7.875000e+00
      vertex   -2.385355e+01 1.464466e-01 5.250000e+00
    endloop
  endfacet
  facet normal -6.087614e-01 -7.933533e-01 -3.355425e-17
    outer loop
      vertex   -2.385355e+01 1.464466e-01 5.250000e+00
      vertex   -2.375000e+01 6.698730e-02 7.875000e+00
      vertex   -2.385355e+01 1.464466e-01 7.875000e+00
    endloop
  endfacet
  facet normal -7.933533e-01 -6.087614e-01 -2.574708e-17
    outer loop
      vertex   -2.385355e+01 1.464466e-01 5.250000e+00
      vertex   -2.385355e+01 1.464466e-01 7.875000e+00
      vertex   -2.393301e+01 2.500000e-01 5.250000e+00
    endloop
  endfacet
  facet normal -3.826834e-01 -9.238795e-01 4.884344e-17
    outer loop
      vertex   -2.362941e+01 1.703709e-02 2.625000e+00
      vertex   -2.375000e+01 6.698730e-02 4.440892e-15
      vertex   -2.362941e+01 1.703709e-02 4.440892e-15
    endloop
  endfacet
  facet normal -3.826834e-01 -9.238795e-01 7.092689e-19
    outer loop
      vertex   -2.362941e+01 1.703709e-02 4.440892e-15
      vertex   -2.375000e+01 6.698730e-02 4.440892e-15
      vertex   -2.375000e+01 6.698730e-02 -2.625000e+00
    endloop
  endfacet
  facet normal -3.826834e-01 -9.238795e-01 -1.011437e-15
    outer loop
      vertex   -2.362941e+01 1.703709e-02 4.440892e-15
      vertex   -2.375000e+01 6.698730e-02 -2.625000e+00
      vertex   -2.362941e+01 1.703709e-02 -2.625000e+00
    endloop
  endfacet
  facet normal -3.826834e-01 -9.238795e-01 1.115903e-18
    outer loop
      vertex   -2.362941e+01 1.703709e-02 -2.625000e+00
      vertex   -2.375000e+01 6.698730e-02 -2.625000e+00
      vertex   -2.375000e+01 6.698730e-02 -5.250000e+00
    endloop
  endfacet
  facet normal -1.305262e-01 -9.914449e-01 2.620774e-17
    outer loop
      vertex   -2.362941e+01 1.703709e-02 -7.875000e+00
      vertex   -2.350000e+01 0.000000e+00 -1.050000e+01
      vertex   -2.362941e+01 1.703709e-02 -5.250000e+00
    endloop
  endfacet
  facet normal -3.826834e-01 -9.238795e-01 2.493971e-17
    outer loop
      vertex   -2.375000e+01 6.698730e-02 -7.875000e+00
      vertex   -2.362941e+01 1.703709e-02 -7.875000e+00
      vertex   -2.362941e+01 1.703709e-02 -5.250000e+00
    endloop
  endfacet
  facet normal -3.826834e-01 -9.238795e-01 4.141730e-19
    outer loop
      vertex   -2.362941e+01 1.703709e-02 5.250000e+00
      vertex   -2.375000e+01 6.698730e-02 5.250000e+00
      vertex   -2.375000e+01 6.698730e-02 2.625000e+00
    endloop
  endfacet
  facet normal -6.087614e-01 -7.933533e-01 0.000000e+00
    outer loop
      vertex   -2.375000e+01 6.698730e-02 2.625000e+00
      vertex   -2.375000e+01 6.698730e-02 5.250000e+00
      vertex   -2.385355e+01 1.464466e-01 2.625000e+00
    endloop
  endfacet
  facet normal -6.087614e-01 -7.933533e-01 -2.731422e-17
    outer loop
      vertex   -2.375000e+01 6.698730e-02 2.625000e+00
      vertex   -2.385355e+01 1.464466e-01 2.625000e+00
      vertex   -2.385355e+01 1.464466e-01 4.440892e-15
    endloop
  endfacet
  facet normal -7.933533e-01 -6.087614e-01 -1.931031e-17
    outer loop
      vertex   -2.385355e+01 1.464466e-01 4.440892e-15
      vertex   -2.385355e+01 1.464466e-01 2.625000e+00
      vertex   -2.393301e+01 2.500000e-01 4.440892e-15
    endloop
  endfacet
  facet normal -7.933533e-01 -6.087614e-01 2.790013e-17
    outer loop
      vertex   -2.385355e+01 1.464466e-01 4.440892e-15
      vertex   -2.393301e+01 2.500000e-01 4.440892e-15
      vertex   -2.393301e+01 2.500000e-01 -2.625000e+00
    endloop
  endfacet
  facet normal -9.238795e-01 -3.826834e-01 1.618529e-17
    outer loop
      vertex   -2.393301e+01 2.500000e-01 -2.625000e+00
      vertex   -2.393301e+01 2.500000e-01 4.440892e-15
      vertex   -2.398296e+01 3.705905e-01 -2.625000e+00
    endloop
  endfacet
  facet normal -9.238795e-01 -3.826834e-01 1.543038e-17
    outer loop
      vertex   -2.393301e+01 2.500000e-01 -2.625000e+00
      vertex   -2.398296e+01 3.705905e-01 -2.625000e+00
      vertex   -2.398296e+01 3.705905e-01 -5.250000e+00
    endloop
  endfacet
  facet normal -9.914449e-01 -1.305262e-01 5.520502e-18
    outer loop
      vertex   -2.398296e+01 3.705905e-01 -5.250000e+00
      vertex   -2.398296e+01 3.705905e-01 -2.625000e+00
      vertex   -2.400000e+01 5.000000e-01 -1.050000e+01
    endloop
  endfacet
  facet normal -6.087614e-01 -7.933533e-01 -2.516569e-17
    outer loop
      vertex   -2.385355e+01 1.464466e-01 2.625000e+00
      vertex   -2.375000e+01 6.698730e-02 5.250000e+00
      vertex   -2.385355e+01 1.464466e-01 5.250000e+00
    endloop
  endfacet
  facet normal -6.087614e-01 -7.933533e-01 -0.000000e+00
    outer loop
      vertex   -2.375000e+01 6.698730e-02 4.440892e-15
      vertex   -2.385355e+01 1.464466e-01 -2.625000e+00
      vertex   -2.375000e+01 6.698730e-02 -2.625000e+00
    endloop
  endfacet
  facet normal -6.087614e-01 -7.933533e-01 -4.409135e-17
    outer loop
      vertex   -2.375000e+01 6.698730e-02 -2.625000e+00
      vertex   -2.385355e+01 1.464466e-01 -2.625000e+00
      vertex   -2.385355e+01 1.464466e-01 -5.250000e+00
    endloop
  endfacet
  facet normal -6.087614e-01 -7.933533e-01 -0.000000e+00
    outer loop
      vertex   -2.375000e+01 6.698730e-02 -2.625000e+00
      vertex   -2.385355e+01 1.464466e-01 -5.250000e+00
      vertex   -2.375000e+01 6.698730e-02 -5.250000e+00
    endloop
  endfacet
  facet normal -6.087614e-01 -7.933533e-01 -2.369053e-17
    outer loop
      vertex   -2.375000e+01 6.698730e-02 -5.250000e+00
      vertex   -2.385355e+01 1.464466e-01 -5.250000e+00
      vertex   -2.385355e+01 1.464466e-01 -7.875000e+00
    endloop
  endfacet
  facet normal -7.933533e-01 -6.087614e-01 -1.931031e-17
    outer loop
      vertex   -2.385355e+01 1.464466e-01 2.625000e+00
      vertex   -2.385355e+01 1.464466e-01 5.250000e+00
      vertex   -2.393301e+01 2.500000e-01 2.625000e+00
    endloop
  endfacet
  facet normal -7.933533e-01 -6.087614e-01 2.574708e-17
    outer loop
      vertex   -2.393301e+01 2.500000e-01 2.625000e+00
      vertex   -2.385355e+01 1.464466e-01 5.250000e+00
      vertex   -2.393301e+01 2.500000e-01 5.250000e+00
    endloop
  endfacet
  facet normal -9.238795e-01 -3.826834e-01 1.618529e-17
    outer loop
      vertex   -2.393301e+01 2.500000e-01 2.625000e+00
      vertex   -2.393301e+01 2.500000e-01 5.250000e+00
      vertex   -2.398296e+01 3.705905e-01 2.625000e+00
    endloop
  endfacet
  facet normal -7.933533e-01 -6.087614e-01 -1.962609e-17
    outer loop
      vertex   -2.393301e+01 2.500000e-01 -7.875000e+00
      vertex   -2.385355e+01 1.464466e-01 -7.875000e+00
      vertex   -2.385355e+01 1.464466e-01 -5.250000e+00
    endloop
  endfacet
  facet normal -7.933533e-01 -6.087614e-01 1.931031e-17
    outer loop
      vertex   -2.393301e+01 2.500000e-01 -7.875000e+00
      vertex   -2.385355e+01 1.464466e-01 -5.250000e+00
      vertex   -2.393301e+01 2.500000e-01 -5.250000e+00
    endloop
  endfacet
  facet normal -7.933533e-01 -6.087614e-01 -3.061669e-17
    outer loop
      vertex   -2.393301e+01 2.500000e-01 -5.250000e+00
      vertex   -2.385355e+01 1.464466e-01 -5.250000e+00
      vertex   -2.385355e+01 1.464466e-01 -2.625000e+00
    endloop
  endfacet
  facet normal -9.238795e-01 -3.826834e-01 0.000000e+00
    outer loop
      vertex   -2.398296e+01 3.705905e-01 5.250000e+00
      vertex   -2.393301e+01 2.500000e-01 7.875000e+00
      vertex   -2.398296e+01 3.705905e-01 7.875000e+00
    endloop
  endfacet
  facet normal -7.933533e-01 -6.087614e-01 3.853513e-17
    outer loop
      vertex   -2.385355e+01 1.464466e-01 2.625000e+00
      vertex   -2.393301e+01 2.500000e-01 2.625000e+00
      vertex   -2.393301e+01 2.500000e-01 4.440892e-15
    endloop
  endfacet
  facet normal -9.238795e-01 -3.826834e-01 2.427794e-17
    outer loop
      vertex   -2.393301e+01 2.500000e-01 4.440892e-15
      vertex   -2.393301e+01 2.500000e-01 2.625000e+00
      vertex   -2.398296e+01 3.705905e-01 4.440892e-15
    endloop
  endfacet
  facet normal -9.238795e-01 -3.826834e-01 2.415476e-19
    outer loop
      vertex   -2.393301e+01 2.500000e-01 4.440892e-15
      vertex   -2.398296e+01 3.705905e-01 4.440892e-15
      vertex   -2.398296e+01 3.705905e-01 -2.625000e+00
    endloop
  endfacet
  facet normal -9.914449e-01 -1.305262e-01 0.000000e+00
    outer loop
      vertex   -2.398296e+01 3.705905e-01 -2.625000e+00
      vertex   -2.398296e+01 3.705905e-01 4.440892e-15
      vertex   -2.400000e+01 5.000000e-01 -1.050000e+01
    endloop
  endfacet
  facet normal -9.238795e-01 -3.826834e-01 1.618529e-17
    outer loop
      vertex   -2.398296e+01 3.705905e-01 4.440892e-15
      vertex   -2.393301e+01 2.500000e-01 2.625000e+00
      vertex   -2.398296e+01 3.705905e-01 2.625000e+00
    endloop
  endfacet
  facet normal -9.238795e-01 -3.826834e-01 1.291908e-17
    outer loop
      vertex   -2.398296e+01 3.705905e-01 -7.875000e+00
      vertex   -2.393301e+01 2.500000e-01 -7.875000e+00
      vertex   -2.393301e+01 2.500000e-01 -5.250000e+00
    endloop
  endfacet
  facet normal -9.914449e-01 -1.305262e-01 -1.574213e-19
    outer loop
      vertex   -2.400000e+01 5.000000e-01 1.050000e+01
      vertex   -2.398296e+01 3.705905e-01 5.250000e+00
      vertex   -2.398296e+01 3.705905e-01 7.875000e+00
    endloop
  endfacet
  facet normal -2.488341e-17 -9.914449e-01 1.305262e-01
    outer loop
      vertex   2.350000e+01 1.703709e-02 1.062941e+01
      vertex   2.073529e+01 1.703709e-02 1.062941e+01
      vertex   2.350000e+01 0.000000e+00 1.050000e+01
    endloop
  endfacet
  facet normal 6.617791e-20 -9.914449e-01 1.305262e-01
    outer loop
      vertex   2.350000e+01 0.000000e+00 1.050000e+01
      vertex   2.073529e+01 1.703709e-02 1.062941e+01
      vertex   1.797059e+01 1.703709e-02 1.062941e+01
    endloop
  endfacet
  facet normal 6.617791e-20 -9.914449e-01 1.305262e-01
    outer loop
      vertex   2.350000e+01 0.000000e+00 1.050000e+01
      vertex   1.797059e+01 1.703709e-02 1.062941e+01
      vertex   1.520588e+01 1.703709e-02 1.062941e+01
    endloop
  endfacet
  facet normal 0.000000e+00 -9.238795e-01 3.826834e-01
    outer loop
      vertex   1.520588e+01 1.703709e-02 1.062941e+01
      vertex   1.797059e+01 1.703709e-02 1.062941e+01
      vertex   1.520588e+01 6.698730e-02 1.075000e+01
    endloop
  endfacet
  facet normal -2.314474e-17 -9.238795e-01 3.826834e-01
    outer loop
      vertex   1.520588e+01 1.703709e-02 1.062941e+01
      vertex   1.520588e+01 6.698730e-02 1.075000e+01
      vertex   1.244118e+01 6.698730e-02 1.075000e+01
    endloop
  endfacet
  facet normal -1.991168e-17 -7.933533e-01 6.087614e-01
    outer loop
      vertex   1.244118e+01 6.698730e-02 1.075000e+01
      vertex   1.520588e+01 6.698730e-02 1.075000e+01
      vertex   1.244118e+01 1.464466e-01 1.085355e+01
    endloop
  endfacet
  facet normal -2.985933e-19 -7.933533e-01 6.087614e-01
    outer loop
      vertex   1.244118e+01 6.698730e-02 1.075000e+01
      vertex   1.244118e+01 1.464466e-01 1.085355e+01
      vertex   9.676471e+00 1.464466e-01 1.085355e+01
    endloop
  endfacet
  facet normal 0.000000e+00 -6.087614e-01 7.933533e-01
    outer loop
      vertex   9.676471e+00 1.464466e-01 1.085355e+01
      vertex   1.244118e+01 1.464466e-01 1.085355e+01
      vertex   9.676471e+00 2.500000e-01 1.093301e+01
    endloop
  endfacet
  facet normal 1.272556e-18 -6.087614e-01 7.933533e-01
    outer loop
      vertex   9.676471e+00 1.464466e-01 1.085355e+01
      vertex   9.676471e+00 2.500000e-01 1.093301e+01
      vertex   6.911765e+00 2.500000e-01 1.093301e+01
    endloop
  endfacet
  facet normal 0.000000e+00 -3.826834e-01 9.238795e-01
    outer loop
      vertex   6.911765e+00 2.500000e-01 1.093301e+01
      vertex   9.676471e+00 2.500000e-01 1.093301e+01
      vertex   6.911765e+00 3.705905e-01 1.098296e+01
    endloop
  endfacet
  facet normal 6.046729e-19 -3.826834e-01 9.238795e-01
    outer loop
      vertex   6.911765e+00 2.500000e-01 1.093301e+01
      vertex   6.911765e+00 3.705905e-01 1.098296e+01
      vertex   4.147059e+00 3.705905e-01 1.098296e+01
    endloop
  endfacet
  facet normal 0.000000e+00 -1.305262e-01 9.914449e-01
    outer loop
      vertex   4.147059e+00 3.705905e-01 1.098296e+01
      vertex   6.911765e+00 3.705905e-01 1.098296e+01
      vertex   2.350000e+01 5.000000e-01 1.100000e+01
    endloop
  endfacet
  facet normal 0.000000e+00 -1.305262e-01 9.914449e-01
    outer loop
      vertex   4.147059e+00 3.705905e-01 1.098296e+01
      vertex   2.350000e+01 5.000000e-01 1.100000e+01
      vertex   1.382353e+00 3.705905e-01 1.098296e+01
    endloop
  endfacet
  facet normal -1.488637e-20 -1.305262e-01 9.914449e-01
    outer loop
      vertex   1.382353e+00 3.705905e-01 1.098296e+01
      vertex   2.350000e+01 5.000000e-01 1.100000e+01
      vertex   -2.350000e+01 5.000000e-01 1.100000e+01
    endloop
  endfacet
  facet normal 0.000000e+00 -1.305262e-01 9.914449e-01
    outer loop
      vertex   1.382353e+00 3.705905e-01 1.098296e+01
      vertex   -2.350000e+01 5.000000e-01 1.100000e+01
      vertex   -1.382353e+00 3.705905e-01 1.098296e+01
    endloop
  endfacet
  facet normal 0.000000e+00 -1.305262e-01 9.914449e-01
    outer loop
      vertex   -1.382353e+00 3.705905e-01 1.098296e+01
      vertex   -2.350000e+01 5.000000e-01 1.100000e+01
      vertex   -4.147059e+00 3.705905e-01 1.098296e+01
    endloop
  endfacet
  facet normal 0.000000e+00 -3.826834e-01 9.238795e-01
    outer loop
      vertex   -1.382353e+00 3.705905e-01 1.098296e+01
      vertex   -4.147059e+00 3.705905e-01 1.098296e+01
      vertex   -1.382353e+00 2.500000e-01 1.093301e+01
    endloop
  endfacet
  facet normal 0.000000e+00 -3.826834e-01 9.238795e-01
    outer loop
      vertex   -1.382353e+00 2.500000e-01 1.093301e+01
      vertex   -4.147059e+00 3.705905e-01 1.098296e+01
      vertex   -4.147059e+00 2.500000e-01 1.093301e+01
    endloop
  endfacet
  facet normal 0.000000e+00 -6.087614e-01 7.933533e-01
    outer loop
      vertex   -1.382353e+00 2.500000e-01 1.093301e+01
      vertex   -4.147059e+00 2.500000e-01 1.093301e+01
      vertex   -1.382353e+00 1.464466e-01 1.085355e+01
    endloop
  endfacet
  facet normal 0.000000e+00 -6.087614e-01 7.933533e-01
    outer loop
      vertex   -1.382353e+00 1.464466e-01 1.085355e+01
      vertex   -4.147059e+00 2.500000e-01 1.093301e+01
      vertex   -4.147059e+00 1.464466e-01 1.085355e+01
    endloop
  endfacet
  facet normal 0.000000e+00 -7.933533e-01 6.087614e-01
    outer loop
      vertex   -1.382353e+00 1.464466e-01 1.085355e+01
      vertex   -4.147059e+00 1.464466e-01 1.085355e+01
      vertex   -1.382353e+00 6.698730e-02 1.075000e+01
    endloop
  endfacet
  facet normal -1.991168e-17 -7.933533e-01 6.087614e-01
    outer loop
      vertex   -1.382353e+00 6.698730e-02 1.075000e+01
      vertex   -4.147059e+00 1.464466e-01 1.085355e+01
      vertex   -4.147059e+00 6.698730e-02 1.075000e+01
    endloop
  endfacet
  facet normal -2.318765e-17 -9.238795e-01 3.826834e-01
    outer loop
      vertex   -1.382353e+00 6.698730e-02 1.075000e+01
      vertex   -4.147059e+00 6.698730e-02 1.075000e+01
      vertex   -1.382353e+00 1.703709e-02 1.062941e+01
    endloop
  endfacet
  facet normal 0.000000e+00 -9.238795e-01 3.826834e-01
    outer loop
      vertex   -1.382353e+00 1.703709e-02 1.062941e+01
      vertex   -4.147059e+00 6.698730e-02 1.075000e+01
      vertex   -4.147059e+00 1.703709e-02 1.062941e+01
    endloop
  endfacet
  facet normal 0.000000e+00 -9.914449e-01 1.305262e-01
    outer loop
      vertex   -1.382353e+00 1.703709e-02 1.062941e+01
      vertex   -4.147059e+00 1.703709e-02 1.062941e+01
      vertex   -2.350000e+01 0.000000e+00 1.050000e+01
    endloop
  endfacet
  facet normal 6.617791e-20 -9.914449e-01 1.305262e-01
    outer loop
      vertex   -2.350000e+01 0.000000e+00 1.050000e+01
      vertex   -4.147059e+00 1.703709e-02 1.062941e+01
      vertex   -6.911765e+00 1.703709e-02 1.062941e+01
    endloop
  endfacet
  facet normal 6.617791e-20 -9.914449e-01 1.305262e-01
    outer loop
      vertex   -2.350000e+01 0.000000e+00 1.050000e+01
      vertex   -6.911765e+00 1.703709e-02 1.062941e+01
      vertex   -9.676471e+00 1.703709e-02 1.062941e+01
    endloop
  endfacet
  facet normal 0.000000e+00 -9.238795e-01 3.826834e-01
    outer loop
      vertex   -9.676471e+00 1.703709e-02 1.062941e+01
      vertex   -6.911765e+00 1.703709e-02 1.062941e+01
      vertex   -9.676471e+00 6.698730e-02 1.075000e+01
    endloop
  endfacet
  facet normal -4.517989e-17 -9.238795e-01 3.826834e-01
    outer loop
      vertex   -9.676471e+00 1.703709e-02 1.062941e+01
      vertex   -9.676471e+00 6.698730e-02 1.075000e+01
      vertex   -1.244118e+01 6.698730e-02 1.075000e+01
    endloop
  endfacet
  facet normal -3.982336e-17 -7.933533e-01 6.087614e-01
    outer loop
      vertex   -1.244118e+01 6.698730e-02 1.075000e+01
      vertex   -9.676471e+00 6.698730e-02 1.075000e+01
      vertex   -1.244118e+01 1.464466e-01 1.085355e+01
    endloop
  endfacet
  facet normal 1.835540e-18 -7.933533e-01 6.087614e-01
    outer loop
      vertex   -1.244118e+01 6.698730e-02 1.075000e+01
      vertex   -1.244118e+01 1.464466e-01 1.085355e+01
      vertex   -1.520588e+01 1.464466e-01 1.085355e+01
    endloop
  endfacet
  facet normal 0.000000e+00 -6.087614e-01 7.933533e-01
    outer loop
      vertex   -1.520588e+01 1.464466e-01 1.085355e+01
      vertex   -1.244118e+01 1.464466e-01 1.085355e+01
      vertex   -1.520588e+01 2.500000e-01 1.093301e+01
    endloop
  endfacet
  facet normal 3.786605e-19 -6.087614e-01 7.933533e-01
    outer loop
      vertex   -1.520588e+01 1.464466e-01 1.085355e+01
      vertex   -1.520588e+01 2.500000e-01 1.093301e+01
      vertex   -1.797059e+01 2.500000e-01 1.093301e+01
    endloop
  endfacet
  facet normal 0.000000e+00 -3.826834e-01 9.238795e-01
    outer loop
      vertex   -1.797059e+01 2.500000e-01 1.093301e+01
      vertex   -1.520588e+01 2.500000e-01 1.093301e+01
      vertex   -1.797059e+01 3.705905e-01 1.098296e+01
    endloop
  endfacet
  facet normal -3.797248e-19 -3.826834e-01 9.238795e-01
    outer loop
      vertex   -1.797059e+01 2.500000e-01 1.093301e+01
      vertex   -1.797059e+01 3.705905e-01 1.098296e+01
      vertex   -2.073529e+01 3.705905e-01 1.098296e+01
    endloop
  endfacet
  facet normal 0.000000e+00 -1.305262e-01 9.914449e-01
    outer loop
      vertex   -2.073529e+01 3.705905e-01 1.098296e+01
      vertex   -1.797059e+01 3.705905e-01 1.098296e+01
      vertex   -2.350000e+01 5.000000e-01 1.100000e+01
    endloop
  endfacet
  facet normal 6.501191e-16 -1.305262e-01 9.914449e-01
    outer loop
      vertex   -2.073529e+01 3.705905e-01 1.098296e+01
      vertex   -2.350000e+01 5.000000e-01 1.100000e+01
      vertex   -2.350000e+01 3.705905e-01 1.098296e+01
    endloop
  endfacet
  facet normal -2.318765e-17 -9.238795e-01 3.826834e-01
    outer loop
      vertex   2.073529e+01 1.703709e-02 1.062941e+01
      vertex   2.350000e+01 1.703709e-02 1.062941e+01
      vertex   2.073529e+01 6.698730e-02 1.075000e+01
    endloop
  endfacet
  facet normal 1.159382e-16 -9.238795e-01 3.826834e-01
    outer loop
      vertex   2.073529e+01 6.698730e-02 1.075000e+01
      vertex   2.350000e+01 1.703709e-02 1.062941e+01
      vertex   2.350000e+01 6.698730e-02 1.075000e+01
    endloop
  endfacet
  facet normal 9.955841e-17 -7.933533e-01 6.087614e-01
    outer loop
      vertex   2.073529e+01 6.698730e-02 1.075000e+01
      vertex   2.350000e+01 6.698730e-02 1.075000e+01
      vertex   2.073529e+01 1.464466e-01 1.085355e+01
    endloop
  endfacet
  facet normal 1.035407e-16 -7.933533e-01 6.087614e-01
    outer loop
      vertex   2.073529e+01 1.464466e-01 1.085355e+01
      vertex   2.350000e+01 6.698730e-02 1.075000e+01
      vertex   2.350000e+01 1.464466e-01 1.085355e+01
    endloop
  endfacet
  facet normal 7.944961e-17 -6.087614e-01 7.933533e-01
    outer loop
      vertex   2.073529e+01 1.464466e-01 1.085355e+01
      vertex   2.350000e+01 1.464466e-01 1.085355e+01
      vertex   2.073529e+01 2.500000e-01 1.093301e+01
    endloop
  endfacet
  facet normal 1.222302e-17 -6.087614e-01 7.933533e-01
    outer loop
      vertex   2.073529e+01 2.500000e-01 1.093301e+01
      vertex   2.350000e+01 1.464466e-01 1.085355e+01
      vertex   2.350000e+01 2.500000e-01 1.093301e+01
    endloop
  endfacet
  facet normal 7.683710e-18 -3.826834e-01 9.238795e-01
    outer loop
      vertex   2.073529e+01 2.500000e-01 1.093301e+01
      vertex   2.350000e+01 2.500000e-01 1.093301e+01
      vertex   2.073529e+01 3.705905e-01 1.098296e+01
    endloop
  endfacet
  facet normal 1.536742e-17 -3.826834e-01 9.238795e-01
    outer loop
      vertex   2.073529e+01 3.705905e-01 1.098296e+01
      vertex   2.350000e+01 2.500000e-01 1.093301e+01
      vertex   2.350000e+01 3.705905e-01 1.098296e+01
    endloop
  endfacet
  facet normal 5.241541e-18 -1.305262e-01 9.914449e-01
    outer loop
      vertex   2.073529e+01 3.705905e-01 1.098296e+01
      vertex   2.350000e+01 3.705905e-01 1.098296e+01
      vertex   2.350000e+01 5.000000e-01 1.100000e+01
    endloop
  endfacet
  facet normal 6.320223e-16 -3.826834e-01 9.238795e-01
    outer loop
      vertex   -2.073529e+01 3.705905e-01 1.098296e+01
      vertex   -2.350000e+01 3.705905e-01 1.098296e+01
      vertex   -2.073529e+01 2.500000e-01 1.093301e+01
    endloop
  endfacet
  facet normal 7.683710e-18 -3.826834e-01 9.238795e-01
    outer loop
      vertex   -2.073529e+01 2.500000e-01 1.093301e+01
      vertex   -2.350000e+01 3.705905e-01 1.098296e+01
      vertex   -2.350000e+01 2.500000e-01 1.093301e+01
    endloop
  endfacet
  facet normal 1.222302e-17 -6.087614e-01 7.933533e-01
    outer loop
      vertex   -2.073529e+01 2.500000e-01 1.093301e+01
      vertex   -2.350000e+01 2.500000e-01 1.093301e+01
      vertex   -2.073529e+01 1.464466e-01 1.085355e+01
    endloop
  endfacet
  facet normal -4.889207e-17 -6.087614e-01 7.933533e-01
    outer loop
      vertex   -2.073529e+01 1.464466e-01 1.085355e+01
      vertex   -2.350000e+01 2.500000e-01 1.093301e+01
      vertex   -2.350000e+01 1.464466e-01 1.085355e+01
    endloop
  endfacet
  facet normal -6.371738e-17 -7.933533e-01 6.087614e-01
    outer loop
      vertex   -2.073529e+01 1.464466e-01 1.085355e+01
      vertex   -2.350000e+01 1.464466e-01 1.085355e+01
      vertex   -2.073529e+01 6.698730e-02 1.075000e+01
    endloop
  endfacet
  facet normal 2.190285e-16 -7.933533e-01 6.087614e-01
    outer loop
      vertex   -2.073529e+01 6.698730e-02 1.075000e+01
      vertex   -2.350000e+01 1.464466e-01 1.085355e+01
      vertex   -2.350000e+01 6.698730e-02 1.075000e+01
    endloop
  endfacet
  facet normal 2.550641e-16 -9.238795e-01 3.826834e-01
    outer loop
      vertex   -2.073529e+01 6.698730e-02 1.075000e+01
      vertex   -2.350000e+01 6.698730e-02 1.075000e+01
      vertex   -2.073529e+01 1.703709e-02 1.062941e+01
    endloop
  endfacet
  facet normal 1.391259e-16 -9.238795e-01 3.826834e-01
    outer loop
      vertex   -2.073529e+01 1.703709e-02 1.062941e+01
      vertex   -2.350000e+01 6.698730e-02 1.075000e+01
      vertex   -2.350000e+01 1.703709e-02 1.062941e+01
    endloop
  endfacet
  facet normal 1.493005e-16 -9.914449e-01 1.305262e-01
    outer loop
      vertex   -2.073529e+01 1.703709e-02 1.062941e+01
      vertex   -2.350000e+01 1.703709e-02 1.062941e+01
      vertex   -2.350000e+01 0.000000e+00 1.050000e+01
    endloop
  endfacet
  facet normal 0.000000e+00 -9.914449e-01 1.305262e-01
    outer loop
      vertex   -2.350000e+01 0.000000e+00 1.050000e+01
      vertex   2.350000e+01 0.000000e+00 1.050000e+01
      vertex   -1.382353e+00 1.703709e-02 1.062941e+01
    endloop
  endfacet
  facet normal 0.000000e+00 -9.914449e-01 1.305262e-01
    outer loop
      vertex   -1.382353e+00 1.703709e-02 1.062941e+01
      vertex   2.350000e+01 0.000000e+00 1.050000e+01
      vertex   1.382353e+00 1.703709e-02 1.062941e+01
    endloop
  endfacet
  facet normal 0.000000e+00 -9.238795e-01 3.826834e-01
    outer loop
      vertex   -1.382353e+00 1.703709e-02 1.062941e+01
      vertex   1.382353e+00 1.703709e-02 1.062941e+01
      vertex   -1.382353e+00 6.698730e-02 1.075000e+01
    endloop
  endfacet
  facet normal 0.000000e+00 -9.238795e-01 3.826834e-01
    outer loop
      vertex   -1.382353e+00 6.698730e-02 1.075000e+01
      vertex   1.382353e+00 1.703709e-02 1.062941e+01
      vertex   1.382353e+00 6.698730e-02 1.075000e+01
    endloop
  endfacet
  facet normal 0.000000e+00 -7.933533e-01 6.087614e-01
    outer loop
      vertex   -1.382353e+00 6.698730e-02 1.075000e+01
      vertex   1.382353e+00 6.698730e-02 1.075000e+01
      vertex   -1.382353e+00 1.464466e-01 1.085355e+01
    endloop
  endfacet
  facet normal 2.389402e-17 -7.933533e-01 6.087614e-01
    outer loop
      vertex   -1.382353e+00 1.464466e-01 1.085355e+01
      vertex   1.382353e+00 6.698730e-02 1.075000e+01
      vertex   1.382353e+00 1.464466e-01 1.085355e+01
    endloop
  endfacet
  facet normal 1.833453e-17 -6.087614e-01 7.933533e-01
    outer loop
      vertex   -1.382353e+00 1.464466e-01 1.085355e+01
      vertex   1.382353e+00 1.464466e-01 1.085355e+01
      vertex   -1.382353e+00 2.500000e-01 1.093301e+01
    endloop
  endfacet
  facet normal 0.000000e+00 -6.087614e-01 7.933533e-01
    outer loop
      vertex   -1.382353e+00 2.500000e-01 1.093301e+01
      vertex   1.382353e+00 1.464466e-01 1.085355e+01
      vertex   1.382353e+00 2.500000e-01 1.093301e+01
    endloop
  endfacet
  facet normal 0.000000e+00 -3.826834e-01 9.238795e-01
    outer loop
      vertex   -1.382353e+00 2.500000e-01 1.093301e+01
      vertex   1.382353e+00 2.500000e-01 1.093301e+01
      vertex   -1.382353e+00 3.705905e-01 1.098296e+01
    endloop
  endfacet
  facet normal 0.000000e+00 -3.826834e-01 9.238795e-01
    outer loop
      vertex   -1.382353e+00 3.705905e-01 1.098296e+01
      vertex   1.382353e+00 2.500000e-01 1.093301e+01
      vertex   1.382353e+00 3.705905e-01 1.098296e+01
    endloop
  endfacet
  facet normal 0.000000e+00 -9.238795e-01 3.826834e-01
    outer loop
      vertex   1.797059e+01 1.703709e-02 1.062941e+01
      vertex   2.073529e+01 1.703709e-02 1.062941e+01
      vertex   1.797059e+01 6.698730e-02 1.075000e+01
    endloop
  endfacet
  facet normal -4.637529e-17 -9.238795e-01 3.826834e-01
    outer loop
      vertex   1.797059e+01 6.698730e-02 1.075000e+01
      vertex   2.073529e+01 1.703709e-02 1.062941e+01
      vertex   2.073529e+01 6.698730e-02 1.075000e+01
    endloop
  endfacet
  facet normal -3.982336e-17 -7.933533e-01 6.087614e-01
    outer loop
      vertex   1.797059e+01 6.698730e-02 1.075000e+01
      vertex   2.073529e+01 6.698730e-02 1.075000e+01
      vertex   1.797059e+01 1.464466e-01 1.085355e+01
    endloop
  endfacet
  facet normal 0.000000e+00 -7.933533e-01 6.087614e-01
    outer loop
      vertex   1.797059e+01 1.464466e-01 1.085355e+01
      vertex   2.073529e+01 6.698730e-02 1.075000e+01
      vertex   2.073529e+01 1.464466e-01 1.085355e+01
    endloop
  endfacet
  facet normal 0.000000e+00 -6.087614e-01 7.933533e-01
    outer loop
      vertex   1.797059e+01 1.464466e-01 1.085355e+01
      vertex   2.073529e+01 1.464466e-01 1.085355e+01
      vertex   1.797059e+01 2.500000e-01 1.093301e+01
    endloop
  endfacet
  facet normal 0.000000e+00 -6.087614e-01 7.933533e-01
    outer loop
      vertex   1.797059e+01 2.500000e-01 1.093301e+01
      vertex   2.073529e+01 1.464466e-01 1.085355e+01
      vertex   2.073529e+01 2.500000e-01 1.093301e+01
    endloop
  endfacet
  facet normal 0.000000e+00 -3.826834e-01 9.238795e-01
    outer loop
      vertex   1.797059e+01 2.500000e-01 1.093301e+01
      vertex   2.073529e+01 2.500000e-01 1.093301e+01
      vertex   1.797059e+01 3.705905e-01 1.098296e+01
    endloop
  endfacet
  facet normal 0.000000e+00 -3.826834e-01 9.238795e-01
    outer loop
      vertex   1.797059e+01 3.705905e-01 1.098296e+01
      vertex   2.073529e+01 2.500000e-01 1.093301e+01
      vertex   2.073529e+01 3.705905e-01 1.098296e+01
    endloop
  endfacet
  facet normal 0.000000e+00 -1.305262e-01 9.914449e-01
    outer loop
      vertex   1.797059e+01 3.705905e-01 1.098296e+01
      vertex   2.073529e+01 3.705905e-01 1.098296e+01
      vertex   2.350000e+01 5.000000e-01 1.100000e+01
    endloop
  endfacet
  facet normal 0.000000e+00 -9.914449e-01 1.305262e-01
    outer loop
      vertex   1.520588e+01 1.703709e-02 1.062941e+01
      vertex   1.244118e+01 1.703709e-02 1.062941e+01
      vertex   2.350000e+01 0.000000e+00 1.050000e+01
    endloop
  endfacet
  facet normal 6.617791e-20 -9.914449e-01 1.305262e-01
    outer loop
      vertex   2.350000e+01 0.000000e+00 1.050000e+01
      vertex   1.244118e+01 1.703709e-02 1.062941e+01
      vertex   9.676471e+00 1.703709e-02 1.062941e+01
    endloop
  endfacet
  facet normal 6.617791e-20 -9.914449e-01 1.305262e-01
    outer loop
      vertex   2.350000e+01 0.000000e+00 1.050000e+01
      vertex   9.676471e+00 1.703709e-02 1.062941e+01
      vertex   6.911765e+00 1.703709e-02 1.062941e+01
    endloop
  endfacet
  facet normal 0.000000e+00 -9.238795e-01 3.826834e-01
    outer loop
      vertex   6.911765e+00 1.703709e-02 1.062941e+01
      vertex   9.676471e+00 1.703709e-02 1.062941e+01
      vertex   6.911765e+00 6.698730e-02 1.075000e+01
    endloop
  endfacet
  facet normal -2.243695e-17 -9.238795e-01 3.826834e-01
    outer loop
      vertex   6.911765e+00 1.703709e-02 1.062941e+01
      vertex   6.911765e+00 6.698730e-02 1.075000e+01
      vertex   4.147059e+00 6.698730e-02 1.075000e+01
    endloop
  endfacet
  facet normal -1.991168e-17 -7.933533e-01 6.087614e-01
    outer loop
      vertex   4.147059e+00 6.698730e-02 1.075000e+01
      vertex   6.911765e+00 6.698730e-02 1.075000e+01
      vertex   4.147059e+00 1.464466e-01 1.085355e+01
    endloop
  endfacet
  facet normal -1.665115e-18 -7.933533e-01 6.087614e-01
    outer loop
      vertex   4.147059e+00 6.698730e-02 1.075000e+01
      vertex   4.147059e+00 1.464466e-01 1.085355e+01
      vertex   1.382353e+00 1.464466e-01 1.085355e+01
    endloop
  endfacet
  facet normal 0.000000e+00 -6.087614e-01 7.933533e-01
    outer loop
      vertex   1.382353e+00 1.464466e-01 1.085355e+01
      vertex   4.147059e+00 1.464466e-01 1.085355e+01
      vertex   1.382353e+00 2.500000e-01 1.093301e+01
    endloop
  endfacet
  facet normal 0.000000e+00 -9.238795e-01 3.826834e-01
    outer loop
      vertex   1.520588e+01 1.703709e-02 1.062941e+01
      vertex   1.244118e+01 6.698730e-02 1.075000e+01
      vertex   1.244118e+01 1.703709e-02 1.062941e+01
    endloop
  endfacet
  facet normal 4.290896e-20 -9.238795e-01 3.826834e-01
    outer loop
      vertex   1.244118e+01 1.703709e-02 1.062941e+01
      vertex   1.244118e+01 6.698730e-02 1.075000e+01
      vertex   9.676471e+00 6.698730e-02 1.075000e+01
    endloop
  endfacet
  facet normal 0.000000e+00 -9.238795e-01 3.826834e-01
    outer loop
      vertex   1.244118e+01 1.703709e-02 1.062941e+01
      vertex   9.676471e+00 6.698730e-02 1.075000e+01
      vertex   9.676471e+00 1.703709e-02 1.062941e+01
    endloop
  endfacet
  facet normal -2.399262e-17 -9.238795e-01 3.826834e-01
    outer loop
      vertex   9.676471e+00 1.703709e-02 1.062941e+01
      vertex   9.676471e+00 6.698730e-02 1.075000e+01
      vertex   6.911765e+00 6.698730e-02 1.075000e+01
    endloop
  endfacet
  facet normal 0.000000e+00 -9.914449e-01 1.305262e-01
    outer loop
      vertex   1.382353e+00 1.703709e-02 1.062941e+01
      vertex   2.350000e+01 0.000000e+00 1.050000e+01
      vertex   4.147059e+00 1.703709e-02 1.062941e+01
    endloop
  endfacet
  facet normal 0.000000e+00 -9.914449e-01 1.305262e-01
    outer loop
      vertex   4.147059e+00 1.703709e-02 1.062941e+01
      vertex   2.350000e+01 0.000000e+00 1.050000e+01
      vertex   6.911765e+00 1.703709e-02 1.062941e+01
    endloop
  endfacet
  facet normal 0.000000e+00 -9.238795e-01 3.826834e-01
    outer loop
      vertex   4.147059e+00 1.703709e-02 1.062941e+01
      vertex   6.911765e+00 1.703709e-02 1.062941e+01
      vertex   4.147059e+00 6.698730e-02 1.075000e+01
    endloop
  endfacet
  facet normal -9.718310e-20 -9.238795e-01 3.826834e-01
    outer loop
      vertex   1.382353e+00 6.698730e-02 1.075000e+01
      vertex   1.382353e+00 1.703709e-02 1.062941e+01
      vertex   4.147059e+00 1.703709e-02 1.062941e+01
    endloop
  endfacet
  facet normal -2.318765e-17 -9.238795e-01 3.826834e-01
    outer loop
      vertex   1.382353e+00 6.698730e-02 1.075000e+01
      vertex   4.147059e+00 1.703709e-02 1.062941e+01
      vertex   4.147059e+00 6.698730e-02 1.075000e+01
    endloop
  endfacet
  facet normal 0.000000e+00 -9.238795e-01 3.826834e-01
    outer loop
      vertex   -6.911765e+00 1.703709e-02 1.062941e+01
      vertex   -4.147059e+00 1.703709e-02 1.062941e+01
      vertex   -6.911765e+00 6.698730e-02 1.075000e+01
    endloop
  endfacet
  facet normal 4.917574e-16 -9.238795e-01 3.826834e-01
    outer loop
      vertex   -6.911765e+00 6.698730e-02 1.075000e+01
      vertex   -4.147059e+00 1.703709e-02 1.062941e+01
      vertex   -4.147059e+00 6.698730e-02 1.075000e+01
    endloop
  endfacet
  facet normal 7.822731e-16 -7.933533e-01 6.087614e-01
    outer loop
      vertex   -6.911765e+00 6.698730e-02 1.075000e+01
      vertex   -4.147059e+00 6.698730e-02 1.075000e+01
      vertex   -6.911765e+00 1.464466e-01 1.085355e+01
    endloop
  endfacet
  facet normal 0.000000e+00 -7.933533e-01 6.087614e-01
    outer loop
      vertex   -6.911765e+00 1.464466e-01 1.085355e+01
      vertex   -4.147059e+00 6.698730e-02 1.075000e+01
      vertex   -4.147059e+00 1.464466e-01 1.085355e+01
    endloop
  endfacet
  facet normal 0.000000e+00 -6.087614e-01 7.933533e-01
    outer loop
      vertex   -6.911765e+00 1.464466e-01 1.085355e+01
      vertex   -4.147059e+00 1.464466e-01 1.085355e+01
      vertex   -6.911765e+00 2.500000e-01 1.093301e+01
    endloop
  endfacet
  facet normal 0.000000e+00 -6.087614e-01 7.933533e-01
    outer loop
      vertex   -6.911765e+00 2.500000e-01 1.093301e+01
      vertex   -4.147059e+00 1.464466e-01 1.085355e+01
      vertex   -4.147059e+00 2.500000e-01 1.093301e+01
    endloop
  endfacet
  facet normal 0.000000e+00 -3.826834e-01 9.238795e-01
    outer loop
      vertex   -6.911765e+00 2.500000e-01 1.093301e+01
      vertex   -4.147059e+00 2.500000e-01 1.093301e+01
      vertex   -6.911765e+00 3.705905e-01 1.098296e+01
    endloop
  endfacet
  facet normal -1.536742e-17 -3.826834e-01 9.238795e-01
    outer loop
      vertex   -6.911765e+00 3.705905e-01 1.098296e+01
      vertex   -4.147059e+00 2.500000e-01 1.093301e+01
      vertex   -4.147059e+00 3.705905e-01 1.098296e+01
    endloop
  endfacet
  facet normal -5.241541e-18 -1.305262e-01 9.914449e-01
    outer loop
      vertex   -6.911765e+00 3.705905e-01 1.098296e+01
      vertex   -4.147059e+00 3.705905e-01 1.098296e+01
      vertex   -2.350000e+01 5.000000e-01 1.100000e+01
    endloop
  endfacet
  facet normal 0.000000e+00 -9.914449e-01 1.305262e-01
    outer loop
      vertex   -9.676471e+00 1.703709e-02 1.062941e+01
      vertex   -1.244118e+01 1.703709e-02 1.062941e+01
      vertex   -2.350000e+01 0.000000e+00 1.050000e+01
    endloop
  endfacet
  facet normal 6.617791e-20 -9.914449e-01 1.305262e-01
    outer loop
      vertex   -2.350000e+01 0.000000e+00 1.050000e+01
      vertex   -1.244118e+01 1.703709e-02 1.062941e+01
      vertex   -1.520588e+01 1.703709e-02 1.062941e+01
    endloop
  endfacet
  facet normal 6.617791e-20 -9.914449e-01 1.305262e-01
    outer loop
      vertex   -2.350000e+01 0.000000e+00 1.050000e+01
      vertex   -1.520588e+01 1.703709e-02 1.062941e+01
      vertex   -1.797059e+01 1.703709e-02 1.062941e+01
    endloop
  endfacet
  facet normal 0.000000e+00 -9.238795e-01 3.826834e-01
    outer loop
      vertex   -1.797059e+01 1.703709e-02 1.062941e+01
      vertex   -1.520588e+01 1.703709e-02 1.062941e+01
      vertex   -1.797059e+01 6.698730e-02 1.075000e+01
    endloop
  endfacet
  facet normal -5.003640e-19 -9.238795e-01 3.826834e-01
    outer loop
      vertex   -1.797059e+01 1.703709e-02 1.062941e+01
      vertex   -1.797059e+01 6.698730e-02 1.075000e+01
      vertex   -2.073529e+01 6.698730e-02 1.075000e+01
    endloop
  endfacet
  facet normal 0.000000e+00 -7.933533e-01 6.087614e-01
    outer loop
      vertex   -2.073529e+01 6.698730e-02 1.075000e+01
      vertex   -1.797059e+01 6.698730e-02 1.075000e+01
      vertex   -2.073529e+01 1.464466e-01 1.085355e+01
    endloop
  endfacet
  facet normal 0.000000e+00 -9.238795e-01 3.826834e-01
    outer loop
      vertex   -9.676471e+00 1.703709e-02 1.062941e+01
      vertex   -1.244118e+01 6.698730e-02 1.075000e+01
      vertex   -1.244118e+01 1.703709e-02 1.062941e+01
    endloop
  endfacet
  facet normal -2.284013e-17 -9.238795e-01 3.826834e-01
    outer loop
      vertex   -1.244118e+01 1.703709e-02 1.062941e+01
      vertex   -1.244118e+01 6.698730e-02 1.075000e+01
      vertex   -1.520588e+01 6.698730e-02 1.075000e+01
    endloop
  endfacet
  facet normal 0.000000e+00 -9.238795e-01 3.826834e-01
    outer loop
      vertex   -1.244118e+01 1.703709e-02 1.062941e+01
      vertex   -1.520588e+01 6.698730e-02 1.075000e+01
      vertex   -1.520588e+01 1.703709e-02 1.062941e+01
    endloop
  endfacet
  facet normal -2.368801e-17 -9.238795e-01 3.826834e-01
    outer loop
      vertex   -1.520588e+01 1.703709e-02 1.062941e+01
      vertex   -1.520588e+01 6.698730e-02 1.075000e+01
      vertex   -1.797059e+01 6.698730e-02 1.075000e+01
    endloop
  endfacet
  facet normal 0.000000e+00 -9.914449e-01 1.305262e-01
    outer loop
      vertex   -2.073529e+01 1.703709e-02 1.062941e+01
      vertex   -2.350000e+01 0.000000e+00 1.050000e+01
      vertex   -1.797059e+01 1.703709e-02 1.062941e+01
    endloop
  endfacet
  facet normal -5.003640e-19 -9.238795e-01 3.826834e-01
    outer loop
      vertex   -2.073529e+01 6.698730e-02 1.075000e+01
      vertex   -2.073529e+01 1.703709e-02 1.062941e+01
      vertex   -1.797059e+01 1.703709e-02 1.062941e+01
    endloop
  endfacet
  facet normal -2.229685e-17 -9.238795e-01 3.826834e-01
    outer loop
      vertex   1.797059e+01 1.703709e-02 1.062941e+01
      vertex   1.797059e+01 6.698730e-02 1.075000e+01
      vertex   1.520588e+01 6.698730e-02 1.075000e+01
    endloop
  endfacet
  facet normal -1.991168e-17 -7.933533e-01 6.087614e-01
    outer loop
      vertex   1.520588e+01 6.698730e-02 1.075000e+01
      vertex   1.797059e+01 6.698730e-02 1.075000e+01
      vertex   1.520588e+01 1.464466e-01 1.085355e+01
    endloop
  endfacet
  facet normal 3.846676e-19 -7.933533e-01 6.087614e-01
    outer loop
      vertex   1.520588e+01 6.698730e-02 1.075000e+01
      vertex   1.520588e+01 1.464466e-01 1.085355e+01
      vertex   1.244118e+01 1.464466e-01 1.085355e+01
    endloop
  endfacet
  facet normal 0.000000e+00 -6.087614e-01 7.933533e-01
    outer loop
      vertex   1.244118e+01 1.464466e-01 1.085355e+01
      vertex   1.520588e+01 1.464466e-01 1.085355e+01
      vertex   1.244118e+01 2.500000e-01 1.093301e+01
    endloop
  endfacet
  facet normal 1.272556e-18 -6.087614e-01 7.933533e-01
    outer loop
      vertex   1.244118e+01 1.464466e-01 1.085355e+01
      vertex   1.244118e+01 2.500000e-01 1.093301e+01
      vertex   9.676471e+00 2.500000e-01 1.093301e+01
    endloop
  endfacet
  facet normal 0.000000e+00 -3.826834e-01 9.238795e-01
    outer loop
      vertex   9.676471e+00 2.500000e-01 1.093301e+01
      vertex   1.244118e+01 2.500000e-01 1.093301e+01
      vertex   9.676471e+00 3.705905e-01 1.098296e+01
    endloop
  endfacet
  facet normal 6.046729e-19 -3.826834e-01 9.238795e-01
    outer loop
      vertex   9.676471e+00 2.500000e-01 1.093301e+01
      vertex   9.676471e+00 3.705905e-01 1.098296e+01
      vertex   6.911765e+00 3.705905e-01 1.098296e+01
    endloop
  endfacet
  facet normal 0.000000e+00 -1.305262e-01 9.914449e-01
    outer loop
      vertex   6.911765e+00 3.705905e-01 1.098296e+01
      vertex   9.676471e+00 3.705905e-01 1.098296e+01
      vertex   2.350000e+01 5.000000e-01 1.100000e+01
    endloop
  endfacet
  facet normal 0.000000e+00 -7.933533e-01 6.087614e-01
    outer loop
      vertex   1.520588e+01 1.464466e-01 1.085355e+01
      vertex   1.797059e+01 6.698730e-02 1.075000e+01
      vertex   1.797059e+01 1.464466e-01 1.085355e+01
    endloop
  endfacet
  facet normal 0.000000e+00 -7.933533e-01 6.087614e-01
    outer loop
      vertex   1.244118e+01 6.698730e-02 1.075000e+01
      vertex   9.676471e+00 1.464466e-01 1.085355e+01
      vertex   9.676471e+00 6.698730e-02 1.075000e+01
    endloop
  endfacet
  facet normal -2.985933e-19 -7.933533e-01 6.087614e-01
    outer loop
      vertex   9.676471e+00 6.698730e-02 1.075000e+01
      vertex   9.676471e+00 1.464466e-01 1.085355e+01
      vertex   6.911765e+00 1.464466e-01 1.085355e+01
    endloop
  endfacet
  facet normal -1.991168e-17 -7.933533e-01 6.087614e-01
    outer loop
      vertex   9.676471e+00 6.698730e-02 1.075000e+01
      vertex   6.911765e+00 1.464466e-01 1.085355e+01
      vertex   6.911765e+00 6.698730e-02 1.075000e+01
    endloop
  endfacet
  facet normal -9.818543e-19 -7.933533e-01 6.087614e-01
    outer loop
      vertex   6.911765e+00 6.698730e-02 1.075000e+01
      vertex   6.911765e+00 1.464466e-01 1.085355e+01
      vertex   4.147059e+00 1.464466e-01 1.085355e+01
    endloop
  endfacet
  facet normal -2.157680e-17 -7.933533e-01 6.087614e-01
    outer loop
      vertex   1.382353e+00 1.464466e-01 1.085355e+01
      vertex   1.382353e+00 6.698730e-02 1.075000e+01
      vertex   4.147059e+00 6.698730e-02 1.075000e+01
    endloop
  endfacet
  facet normal 4.876097e-19 -9.238795e-01 3.826834e-01
    outer loop
      vertex   -6.911765e+00 1.703709e-02 1.062941e+01
      vertex   -6.911765e+00 6.698730e-02 1.075000e+01
      vertex   -9.676471e+00 6.698730e-02 1.075000e+01
    endloop
  endfacet
  facet normal 0.000000e+00 -7.933533e-01 6.087614e-01
    outer loop
      vertex   -9.676471e+00 6.698730e-02 1.075000e+01
      vertex   -6.911765e+00 6.698730e-02 1.075000e+01
      vertex   -9.676471e+00 1.464466e-01 1.085355e+01
    endloop
  endfacet
  facet normal -1.605043e-18 -7.933533e-01 6.087614e-01
    outer loop
      vertex   -9.676471e+00 6.698730e-02 1.075000e+01
      vertex   -9.676471e+00 1.464466e-01 1.085355e+01
      vertex   -1.244118e+01 1.464466e-01 1.085355e+01
    endloop
  endfacet
  facet normal 0.000000e+00 -6.087614e-01 7.933533e-01
    outer loop
      vertex   -1.244118e+01 1.464466e-01 1.085355e+01
      vertex   -9.676471e+00 1.464466e-01 1.085355e+01
      vertex   -1.244118e+01 2.500000e-01 1.093301e+01
    endloop
  endfacet
  facet normal 3.786605e-19 -6.087614e-01 7.933533e-01
    outer loop
      vertex   -1.244118e+01 1.464466e-01 1.085355e+01
      vertex   -1.244118e+01 2.500000e-01 1.093301e+01
      vertex   -1.520588e+01 2.500000e-01 1.093301e+01
    endloop
  endfacet
  facet normal 0.000000e+00 -3.826834e-01 9.238795e-01
    outer loop
      vertex   -1.520588e+01 2.500000e-01 1.093301e+01
      vertex   -1.244118e+01 2.500000e-01 1.093301e+01
      vertex   -1.520588e+01 3.705905e-01 1.098296e+01
    endloop
  endfacet
  facet normal -3.797248e-19 -3.826834e-01 9.238795e-01
    outer loop
      vertex   -1.520588e+01 2.500000e-01 1.093301e+01
      vertex   -1.520588e+01 3.705905e-01 1.098296e+01
      vertex   -1.797059e+01 3.705905e-01 1.098296e+01
    endloop
  endfacet
  facet normal 0.000000e+00 -1.305262e-01 9.914449e-01
    outer loop
      vertex   -1.797059e+01 3.705905e-01 1.098296e+01
      vertex   -1.520588e+01 3.705905e-01 1.098296e+01
      vertex   -2.350000e+01 5.000000e-01 1.100000e+01
    endloop
  endfacet
  facet normal 0.000000e+00 -7.933533e-01 6.087614e-01
    outer loop
      vertex   -9.676471e+00 1.464466e-01 1.085355e+01
      vertex   -6.911765e+00 6.698730e-02 1.075000e+01
      vertex   -6.911765e+00 1.464466e-01 1.085355e+01
    endloop
  endfacet
  facet normal -1.991168e-17 -7.933533e-01 6.087614e-01
    outer loop
      vertex   -1.244118e+01 6.698730e-02 1.075000e+01
      vertex   -1.520588e+01 1.464466e-01 1.085355e+01
      vertex   -1.520588e+01 6.698730e-02 1.075000e+01
    endloop
  endfacet
  facet normal 1.152279e-18 -7.933533e-01 6.087614e-01
    outer loop
      vertex   -1.520588e+01 6.698730e-02 1.075000e+01
      vertex   -1.520588e+01 1.464466e-01 1.085355e+01
      vertex   -1.797059e+01 1.464466e-01 1.085355e+01
    endloop
  endfacet
  facet normal -1.991168e-17 -7.933533e-01 6.087614e-01
    outer loop
      vertex   -1.520588e+01 6.698730e-02 1.075000e+01
      vertex   -1.797059e+01 1.464466e-01 1.085355e+01
      vertex   -1.797059e+01 6.698730e-02 1.075000e+01
    endloop
  endfacet
  facet normal 4.690183e-19 -7.933533e-01 6.087614e-01
    outer loop
      vertex   -1.797059e+01 6.698730e-02 1.075000e+01
      vertex   -1.797059e+01 1.464466e-01 1.085355e+01
      vertex   -2.073529e+01 1.464466e-01 1.085355e+01
    endloop
  endfacet
  facet normal 0.000000e+00 -6.087614e-01 7.933533e-01
    outer loop
      vertex   1.520588e+01 1.464466e-01 1.085355e+01
      vertex   1.797059e+01 1.464466e-01 1.085355e+01
      vertex   1.520588e+01 2.500000e-01 1.093301e+01
    endloop
  endfacet
  facet normal 0.000000e+00 -6.087614e-01 7.933533e-01
    outer loop
      vertex   1.520588e+01 2.500000e-01 1.093301e+01
      vertex   1.797059e+01 1.464466e-01 1.085355e+01
      vertex   1.797059e+01 2.500000e-01 1.093301e+01
    endloop
  endfacet
  facet normal 0.000000e+00 -3.826834e-01 9.238795e-01
    outer loop
      vertex   1.520588e+01 2.500000e-01 1.093301e+01
      vertex   1.797059e+01 2.500000e-01 1.093301e+01
      vertex   1.520588e+01 3.705905e-01 1.098296e+01
    endloop
  endfacet
  facet normal -7.683710e-18 -3.826834e-01 9.238795e-01
    outer loop
      vertex   1.520588e+01 3.705905e-01 1.098296e+01
      vertex   1.797059e+01 2.500000e-01 1.093301e+01
      vertex   1.797059e+01 3.705905e-01 1.098296e+01
    endloop
  endfacet
  facet normal -2.620770e-18 -1.305262e-01 9.914449e-01
    outer loop
      vertex   1.520588e+01 3.705905e-01 1.098296e+01
      vertex   1.797059e+01 3.705905e-01 1.098296e+01
      vertex   2.350000e+01 5.000000e-01 1.100000e+01
    endloop
  endfacet
  facet normal 0.000000e+00 -6.087614e-01 7.933533e-01
    outer loop
      vertex   9.676471e+00 1.464466e-01 1.085355e+01
      vertex   6.911765e+00 2.500000e-01 1.093301e+01
      vertex   6.911765e+00 1.464466e-01 1.085355e+01
    endloop
  endfacet
  facet normal 1.272556e-18 -6.087614e-01 7.933533e-01
    outer loop
      vertex   6.911765e+00 1.464466e-01 1.085355e+01
      vertex   6.911765e+00 2.500000e-01 1.093301e+01
      vertex   4.147059e+00 2.500000e-01 1.093301e+01
    endloop
  endfacet
  facet normal 0.000000e+00 -6.087614e-01 7.933533e-01
    outer loop
      vertex   6.911765e+00 1.464466e-01 1.085355e+01
      vertex   4.147059e+00 2.500000e-01 1.093301e+01
      vertex   4.147059e+00 1.464466e-01 1.085355e+01
    endloop
  endfacet
  facet normal 1.272556e-18 -6.087614e-01 7.933533e-01
    outer loop
      vertex   4.147059e+00 1.464466e-01 1.085355e+01
      vertex   4.147059e+00 2.500000e-01 1.093301e+01
      vertex   1.382353e+00 2.500000e-01 1.093301e+01
    endloop
  endfacet
  facet normal 0.000000e+00 -6.087614e-01 7.933533e-01
    outer loop
      vertex   -9.676471e+00 1.464466e-01 1.085355e+01
      vertex   -6.911765e+00 1.464466e-01 1.085355e+01
      vertex   -9.676471e+00 2.500000e-01 1.093301e+01
    endloop
  endfacet
  facet normal 0.000000e+00 -6.087614e-01 7.933533e-01
    outer loop
      vertex   -9.676471e+00 2.500000e-01 1.093301e+01
      vertex   -6.911765e+00 1.464466e-01 1.085355e+01
      vertex   -6.911765e+00 2.500000e-01 1.093301e+01
    endloop
  endfacet
  facet normal 0.000000e+00 -3.826834e-01 9.238795e-01
    outer loop
      vertex   -9.676471e+00 2.500000e-01 1.093301e+01
      vertex   -6.911765e+00 2.500000e-01 1.093301e+01
      vertex   -9.676471e+00 3.705905e-01 1.098296e+01
    endloop
  endfacet
  facet normal 0.000000e+00 -3.826834e-01 9.238795e-01
    outer loop
      vertex   -9.676471e+00 3.705905e-01 1.098296e+01
      vertex   -6.911765e+00 2.500000e-01 1.093301e+01
      vertex   -6.911765e+00 3.705905e-01 1.098296e+01
    endloop
  endfacet
  facet normal 0.000000e+00 -1.305262e-01 9.914449e-01
    outer loop
      vertex   -9.676471e+00 3.705905e-01 1.098296e+01
      vertex   -6.911765e+00 3.705905e-01 1.098296e+01
      vertex   -2.350000e+01 5.000000e-01 1.100000e+01
    endloop
  endfacet
  facet normal 3.786605e-19 -6.087614e-01 7.933533e-01
    outer loop
      vertex   -2.073529e+01 2.500000e-01 1.093301e+01
      vertex   -2.073529e+01 1.464466e-01 1.085355e+01
      vertex   -1.797059e+01 1.464466e-01 1.085355e+01
    endloop
  endfacet
  facet normal 0.000000e+00 -6.087614e-01 7.933533e-01
    outer loop
      vertex   -2.073529e+01 2.500000e-01 1.093301e+01
      vertex   -1.797059e+01 1.464466e-01 1.085355e+01
      vertex   -1.797059e+01 2.500000e-01 1.093301e+01
    endloop
  endfacet
  facet normal 3.786605e-19 -6.087614e-01 7.933533e-01
    outer loop
      vertex   -1.797059e+01 2.500000e-01 1.093301e+01
      vertex   -1.797059e+01 1.464466e-01 1.085355e+01
      vertex   -1.520588e+01 1.464466e-01 1.085355e+01
    endloop
  endfacet
  facet normal 1.272556e-18 -6.087614e-01 7.933533e-01
    outer loop
      vertex   1.520588e+01 1.464466e-01 1.085355e+01
      vertex   1.520588e+01 2.500000e-01 1.093301e+01
      vertex   1.244118e+01 2.500000e-01 1.093301e+01
    endloop
  endfacet
  facet normal 0.000000e+00 -3.826834e-01 9.238795e-01
    outer loop
      vertex   1.244118e+01 2.500000e-01 1.093301e+01
      vertex   1.520588e+01 2.500000e-01 1.093301e+01
      vertex   1.244118e+01 3.705905e-01 1.098296e+01
    endloop
  endfacet
  facet normal -1.476275e-17 -3.826834e-01 9.238795e-01
    outer loop
      vertex   1.244118e+01 2.500000e-01 1.093301e+01
      vertex   1.244118e+01 3.705905e-01 1.098296e+01
      vertex   9.676471e+00 3.705905e-01 1.098296e+01
    endloop
  endfacet
  facet normal -5.241541e-18 -1.305262e-01 9.914449e-01
    outer loop
      vertex   9.676471e+00 3.705905e-01 1.098296e+01
      vertex   1.244118e+01 3.705905e-01 1.098296e+01
      vertex   2.350000e+01 5.000000e-01 1.100000e+01
    endloop
  endfacet
  facet normal -7.683710e-18 -3.826834e-01 9.238795e-01
    outer loop
      vertex   1.244118e+01 3.705905e-01 1.098296e+01
      vertex   1.520588e+01 2.500000e-01 1.093301e+01
      vertex   1.520588e+01 3.705905e-01 1.098296e+01
    endloop
  endfacet
  facet normal 6.046729e-19 -3.826834e-01 9.238795e-01
    outer loop
      vertex   1.382353e+00 3.705905e-01 1.098296e+01
      vertex   1.382353e+00 2.500000e-01 1.093301e+01
      vertex   4.147059e+00 2.500000e-01 1.093301e+01
    endloop
  endfacet
  facet normal 0.000000e+00 -3.826834e-01 9.238795e-01
    outer loop
      vertex   1.382353e+00 3.705905e-01 1.098296e+01
      vertex   4.147059e+00 2.500000e-01 1.093301e+01
      vertex   4.147059e+00 3.705905e-01 1.098296e+01
    endloop
  endfacet
  facet normal 6.046729e-19 -3.826834e-01 9.238795e-01
    outer loop
      vertex   4.147059e+00 3.705905e-01 1.098296e+01
      vertex   4.147059e+00 2.500000e-01 1.093301e+01
      vertex   6.911765e+00 2.500000e-01 1.093301e+01
    endloop
  endfacet
  facet normal 3.786605e-19 -6.087614e-01 7.933533e-01
    outer loop
      vertex   -9.676471e+00 1.464466e-01 1.085355e+01
      vertex   -9.676471e+00 2.500000e-01 1.093301e+01
      vertex   -1.244118e+01 2.500000e-01 1.093301e+01
    endloop
  endfacet
  facet normal 0.000000e+00 -3.826834e-01 9.238795e-01
    outer loop
      vertex   -1.244118e+01 2.500000e-01 1.093301e+01
      vertex   -9.676471e+00 2.500000e-01 1.093301e+01
      vertex   -1.244118e+01 3.705905e-01 1.098296e+01
    endloop
  endfacet
  facet normal -3.797248e-19 -3.826834e-01 9.238795e-01
    outer loop
      vertex   -1.244118e+01 2.500000e-01 1.093301e+01
      vertex   -1.244118e+01 3.705905e-01 1.098296e+01
      vertex   -1.520588e+01 3.705905e-01 1.098296e+01
    endloop
  endfacet
  facet normal 0.000000e+00 -1.305262e-01 9.914449e-01
    outer loop
      vertex   -1.520588e+01 3.705905e-01 1.098296e+01
      vertex   -1.244118e+01 3.705905e-01 1.098296e+01
      vertex   -2.350000e+01 5.000000e-01 1.100000e+01
    endloop
  endfacet
  facet normal -7.683710e-18 -3.826834e-01 9.238795e-01
    outer loop
      vertex   -1.244118e+01 3.705905e-01 1.098296e+01
      vertex   -9.676471e+00 2.500000e-01 1.093301e+01
      vertex   -9.676471e+00 3.705905e-01 1.098296e+01
    endloop
  endfacet
  facet normal -3.797248e-19 -3.826834e-01 9.238795e-01
    outer loop
      vertex   -2.073529e+01 3.705905e-01 1.098296e+01
      vertex   -2.073529e+01 2.500000e-01 1.093301e+01
      vertex   -1.797059e+01 2.500000e-01 1.093301e+01
    endloop
  endfacet
  facet normal -2.222186e-18 -1.305262e-01 9.914449e-01
    outer loop
      vertex   2.350000e+01 5.000000e-01 1.100000e+01
      vertex   1.244118e+01 3.705905e-01 1.098296e+01
      vertex   1.520588e+01 3.705905e-01 1.098296e+01
    endloop
  endfacet
  facet normal -2.106498e-18 -1.305262e-01 9.914449e-01
    outer loop
      vertex   -2.350000e+01 5.000000e-01 1.100000e+01
      vertex   -1.244118e+01 3.705905e-01 1.098296e+01
      vertex   -9.676471e+00 3.705905e-01 1.098296e+01
    endloop
  endfacet
  facet normal -1.305262e-01 0.000000e+00 9.914449e-01
    outer loop
      vertex   -2.350000e+01 5.000000e-01 1.100000e+01
      vertex   -2.350000e+01 6.000000e+00 1.100000e+01
      vertex   -2.362941e+01 3.250000e+00 1.098296e+01
    endloop
  endfacet
  facet normal -1.305262e-01 0.000000e+00 9.914449e-01
    outer loop
      vertex   -2.362941e+01 3.250000e+00 1.098296e+01
      vertex   -2.350000e+01 6.000000e+00 1.100000e+01
      vertex   -2.362941e+01 6.000000e+00 1.098296e+01
    endloop
  endfacet
  facet normal -3.826834e-01 0.000000e+00 9.238795e-01
    outer loop
      vertex   -2.362941e+01 3.250000e+00 1.098296e+01
      vertex   -2.362941e+01 6.000000e+00 1.098296e+01
      vertex   -2.375000e+01 3.250000e+00 1.093301e+01
    endloop
  endfacet
  facet normal -3.826834e-01 0.000000e+00 9.238795e-01
    outer loop
      vertex   -2.375000e+01 3.250000e+00 1.093301e+01
      vertex   -2.362941e+01 6.000000e+00 1.098296e+01
      vertex   -2.375000e+01 6.000000e+00 1.093301e+01
    endloop
  endfacet
  facet normal -6.087614e-01 0.000000e+00 7.933533e-01
    outer loop
      vertex   -2.375000e+01 3.250000e+00 1.093301e+01
      vertex   -2.375000e+01 6.000000e+00 1.093301e+01
      vertex   -2.385355e+01 3.250000e+00 1.085355e+01
    endloop
  endfacet
  facet normal -6.087614e-01 0.000000e+00 7.933533e-01
    outer loop
      vertex   -2.385355e+01 3.250000e+00 1.085355e+01
      vertex   -2.375000e+01 6.000000e+00 1.093301e+01
      vertex   -2.385355e+01 6.000000e+00 1.085355e+01
    endloop
  endfacet
  facet normal -7.933533e-01 0.000000e+00 6.087614e-01
    outer loop
      vertex   -2.385355e+01 3.250000e+00 1.085355e+01
      vertex   -2.385355e+01 6.000000e+00 1.085355e+01
      vertex   -2.393301e+01 3.250000e+00 1.075000e+01
    endloop
  endfacet
  facet normal -7.933533e-01 0.000000e+00 6.087614e-01
    outer loop
      vertex   -2.393301e+01 3.250000e+00 1.075000e+01
      vertex   -2.385355e+01 6.000000e+00 1.085355e+01
      vertex   -2.393301e+01 6.000000e+00 1.075000e+01
    endloop
  endfacet
  facet normal -9.238795e-01 0.000000e+00 3.826834e-01
    outer loop
      vertex   -2.393301e+01 3.250000e+00 1.075000e+01
      vertex   -2.393301e+01 6.000000e+00 1.075000e+01
      vertex   -2.398296e+01 3.250000e+00 1.062941e+01
    endloop
  endfacet
  facet normal -9.238795e-01 0.000000e+00 3.826834e-01
    outer loop
      vertex   -2.398296e+01 3.250000e+00 1.062941e+01
      vertex   -2.393301e+01 6.000000e+00 1.075000e+01
      vertex   -2.398296e+01 6.000000e+00 1.062941e+01
    endloop
  endfacet
  facet normal -9.914449e-01 0.000000e+00 1.305262e-01
    outer loop
      vertex   -2.398296e+01 3.250000e+00 1.062941e+01
      vertex   -2.398296e+01 6.000000e+00 1.062941e+01
      vertex   -2.400000e+01 6.000000e+00 1.050000e+01
    endloop
  endfacet
  facet normal -9.914449e-01 0.000000e+00 1.305262e-01
    outer loop
      vertex   -2.400000e+01 6.000000e+00 1.050000e+01
      vertex   -2.400000e+01 5.000000e-01 1.050000e+01
      vertex   -2.398296e+01 3.250000e+00 1.062941e+01
    endloop
  endfacet
  facet normal -9.914449e-01 -1.280844e-15 1.305262e-01
    outer loop
      vertex   -2.398296e+01 3.250000e+00 1.062941e+01
      vertex   -2.400000e+01 5.000000e-01 1.050000e+01
      vertex   -2.398296e+01 5.000000e-01 1.062941e+01
    endloop
  endfacet
  facet normal -9.238795e-01 -1.193556e-15 3.826834e-01
    outer loop
      vertex   -2.398296e+01 3.250000e+00 1.062941e+01
      vertex   -2.398296e+01 5.000000e-01 1.062941e+01
      vertex   -2.393301e+01 3.250000e+00 1.075000e+01
    endloop
  endfacet
  facet normal -9.238795e-01 -1.687943e-15 3.826834e-01
    outer loop
      vertex   -2.393301e+01 3.250000e+00 1.075000e+01
      vertex   -2.398296e+01 5.000000e-01 1.062941e+01
      vertex   -2.393301e+01 5.000000e-01 1.075000e+01
    endloop
  endfacet
  facet normal -7.933533e-01 -1.811386e-15 6.087614e-01
    outer loop
      vertex   -2.393301e+01 3.250000e+00 1.075000e+01
      vertex   -2.393301e+01 5.000000e-01 1.075000e+01
      vertex   -2.385355e+01 3.250000e+00 1.085355e+01
    endloop
  endfacet
  facet normal -7.933533e-01 0.000000e+00 6.087614e-01
    outer loop
      vertex   -2.385355e+01 3.250000e+00 1.085355e+01
      vertex   -2.393301e+01 5.000000e-01 1.075000e+01
      vertex   -2.385355e+01 5.000000e-01 1.085355e+01
    endloop
  endfacet
  facet normal -6.087614e-01 0.000000e+00 7.933533e-01
    outer loop
      vertex   -2.385355e+01 3.250000e+00 1.085355e+01
      vertex   -2.385355e+01 5.000000e-01 1.085355e+01
      vertex   -2.375000e+01 3.250000e+00 1.093301e+01
    endloop
  endfacet
  facet normal -6.087614e-01 -5.124650e-16 7.933533e-01
    outer loop
      vertex   -2.375000e+01 3.250000e+00 1.093301e+01
      vertex   -2.385355e+01 5.000000e-01 1.085355e+01
      vertex   -2.375000e+01 5.000000e-01 1.093301e+01
    endloop
  endfacet
  facet normal -3.826834e-01 -5.967781e-16 9.238795e-01
    outer loop
      vertex   -2.375000e+01 3.250000e+00 1.093301e+01
      vertex   -2.375000e+01 5.000000e-01 1.093301e+01
      vertex   -2.362941e+01 3.250000e+00 1.098296e+01
    endloop
  endfacet
  facet normal -3.826834e-01 -9.887743e-16 9.238795e-01
    outer loop
      vertex   -2.362941e+01 3.250000e+00 1.098296e+01
      vertex   -2.375000e+01 5.000000e-01 1.093301e+01
      vertex   -2.362941e+01 5.000000e-01 1.098296e+01
    endloop
  endfacet
  facet normal -1.305262e-01 -3.372525e-16 9.914449e-01
    outer loop
      vertex   -2.362941e+01 3.250000e+00 1.098296e+01
      vertex   -2.362941e+01 5.000000e-01 1.098296e+01
      vertex   -2.350000e+01 5.000000e-01 1.100000e+01
    endloop
  endfacet
  facet normal -9.914449e-01 0.000000e+00 -1.305262e-01
    outer loop
      vertex   -2.400000e+01 5.000000e-01 -1.050000e+01
      vertex   -2.400000e+01 6.000000e+00 -1.050000e+01
      vertex   -2.398296e+01 3.250000e+00 -1.062941e+01
    endloop
  endfacet
  facet normal -9.914449e-01 0.000000e+00 -1.305262e-01
    outer loop
      vertex   -2.398296e+01 3.250000e+00 -1.062941e+01
      vertex   -2.400000e+01 6.000000e+00 -1.050000e+01
      vertex   -2.398296e+01 6.000000e+00 -1.062941e+01
    endloop
  endfacet
  facet normal -9.238795e-01 0.000000e+00 -3.826834e-01
    outer loop
      vertex   -2.398296e+01 3.250000e+00 -1.062941e+01
      vertex   -2.398296e+01 6.000000e+00 -1.062941e+01
      vertex   -2.393301e+01 3.250000e+00 -1.075000e+01
    endloop
  endfacet
  facet normal -9.238795e-01 -2.634306e-15 -3.826834e-01
    outer loop
      vertex   -2.393301e+01 3.250000e+00 -1.075000e+01
      vertex   -2.398296e+01 6.000000e+00 -1.062941e+01
      vertex   -2.393301e+01 6.000000e+00 -1.075000e+01
    endloop
  endfacet
  facet normal -7.933533e-01 -2.443088e-15 -6.087614e-01
    outer loop
      vertex   -2.393301e+01 3.250000e+00 -1.075000e+01
      vertex   -2.393301e+01 6.000000e+00 -1.075000e+01
      vertex   -2.385355e+01 3.250000e+00 -1.085355e+01
    endloop
  endfacet
  facet normal -7.933533e-01 0.000000e+00 -6.087614e-01
    outer loop
      vertex   -2.385355e+01 3.250000e+00 -1.085355e+01
      vertex   -2.393301e+01 6.000000e+00 -1.075000e+01
      vertex   -2.385355e+01 6.000000e+00 -1.085355e+01
    endloop
  endfacet
  facet normal -6.087614e-01 0.000000e+00 -7.933533e-01
    outer loop
      vertex   -2.385355e+01 3.250000e+00 -1.085355e+01
      vertex   -2.385355e+01 6.000000e+00 -1.085355e+01
      vertex   -2.375000e+01 3.250000e+00 -1.093301e+01
    endloop
  endfacet
  facet normal -6.087614e-01 0.000000e+00 -7.933533e-01
    outer loop
      vertex   -2.375000e+01 3.250000e+00 -1.093301e+01
      vertex   -2.385355e+01 6.000000e+00 -1.085355e+01
      vertex   -2.375000e+01 6.000000e+00 -1.093301e+01
    endloop
  endfacet
  facet normal -3.826834e-01 0.000000e+00 -9.238795e-01
    outer loop
      vertex   -2.375000e+01 3.250000e+00 -1.093301e+01
      vertex   -2.375000e+01 6.000000e+00 -1.093301e+01
      vertex   -2.362941e+01 3.250000e+00 -1.098296e+01
    endloop
  endfacet
  facet normal -3.826834e-01 0.000000e+00 -9.238795e-01
    outer loop
      vertex   -2.362941e+01 3.250000e+00 -1.098296e+01
      vertex   -2.375000e+01 6.000000e+00 -1.093301e+01
      vertex   -2.362941e+01 6.000000e+00 -1.098296e+01
    endloop
  endfacet
  facet normal -1.305262e-01 0.000000e+00 -9.914449e-01
    outer loop
      vertex   -2.362941e+01 3.250000e+00 -1.098296e+01
      vertex   -2.362941e+01 6.000000e+00 -1.098296e+01
      vertex   -2.350000e+01 6.000000e+00 -1.100000e+01
    endloop
  endfacet
  facet normal -1.305262e-01 -0.000000e+00 -9.914449e-01
    outer loop
      vertex   -2.350000e+01 6.000000e+00 -1.100000e+01
      vertex   -2.350000e+01 5.000000e-01 -1.100000e+01
      vertex   -2.362941e+01 3.250000e+00 -1.098296e+01
    endloop
  endfacet
  facet normal -1.305262e-01 -1.686263e-16 -9.914449e-01
    outer loop
      vertex   -2.362941e+01 3.250000e+00 -1.098296e+01
      vertex   -2.350000e+01 5.000000e-01 -1.100000e+01
      vertex   -2.362941e+01 5.000000e-01 -1.098296e+01
    endloop
  endfacet
  facet normal -3.826834e-01 -4.943872e-16 -9.238795e-01
    outer loop
      vertex   -2.362941e+01 3.250000e+00 -1.098296e+01
      vertex   -2.362941e+01 5.000000e-01 -1.098296e+01
      vertex   -2.375000e+01 3.250000e+00 -1.093301e+01
    endloop
  endfacet
  facet normal -3.826834e-01 -1.193556e-15 -9.238795e-01
    outer loop
      vertex   -2.375000e+01 3.250000e+00 -1.093301e+01
      vertex   -2.362941e+01 5.000000e-01 -1.098296e+01
      vertex   -2.375000e+01 5.000000e-01 -1.093301e+01
    endloop
  endfacet
  facet normal -6.087614e-01 -1.024930e-15 -7.933533e-01
    outer loop
      vertex   -2.375000e+01 3.250000e+00 -1.093301e+01
      vertex   -2.375000e+01 5.000000e-01 -1.093301e+01
      vertex   -2.385355e+01 3.250000e+00 -1.085355e+01
    endloop
  endfacet
  facet normal -6.087614e-01 -0.000000e+00 -7.933533e-01
    outer loop
      vertex   -2.385355e+01 3.250000e+00 -1.085355e+01
      vertex   -2.375000e+01 5.000000e-01 -1.093301e+01
      vertex   -2.385355e+01 5.000000e-01 -1.085355e+01
    endloop
  endfacet
  facet normal -7.933533e-01 -0.000000e+00 -6.087614e-01
    outer loop
      vertex   -2.385355e+01 3.250000e+00 -1.085355e+01
      vertex   -2.385355e+01 5.000000e-01 -1.085355e+01
      vertex   -2.393301e+01 3.250000e+00 -1.075000e+01
    endloop
  endfacet
  facet normal -7.933533e-01 -0.000000e+00 -6.087614e-01
    outer loop
      vertex   -2.393301e+01 3.250000e+00 -1.075000e+01
      vertex   -2.385355e+01 5.000000e-01 -1.085355e+01
      vertex   -2.393301e+01 5.000000e-01 -1.075000e+01
    endloop
  endfacet
  facet normal -9.238795e-01 -0.000000e+00 -3.826834e-01
    outer loop
      vertex   -2.393301e+01 3.250000e+00 -1.075000e+01
      vertex   -2.393301e+01 5.000000e-01 -1.075000e+01
      vertex   -2.398296e+01 3.250000e+00 -1.062941e+01
    endloop
  endfacet
  facet normal -9.238795e-01 -1.193556e-15 -3.826834e-01
    outer loop
      vertex   -2.398296e+01 3.250000e+00 -1.062941e+01
      vertex   -2.393301e+01 5.000000e-01 -1.075000e+01
      vertex   -2.398296e+01 5.000000e-01 -1.062941e+01
    endloop
  endfacet
  facet normal -9.914449e-01 -1.280844e-15 -1.305262e-01
    outer loop
      vertex   -2.398296e+01 3.250000e+00 -1.062941e+01
      vertex   -2.398296e+01 5.000000e-01 -1.062941e+01
      vertex   -2.400000e+01 5.000000e-01 -1.050000e+01
    endloop
  endfacet
  facet normal 1.305262e-01 0.000000e+00 -9.914449e-01
    outer loop
      vertex   2.350000e+01 5.000000e-01 -1.100000e+01
      vertex   2.350000e+01 6.000000e+00 -1.100000e+01
      vertex   2.362941e+01 3.250000e+00 -1.098296e+01
    endloop
  endfacet
  facet normal 1.305262e-01 0.000000e+00 -9.914449e-01
    outer loop
      vertex   2.362941e+01 3.250000e+00 -1.098296e+01
      vertex   2.350000e+01 6.000000e+00 -1.100000e+01
      vertex   2.362941e+01 6.000000e+00 -1.098296e+01
    endloop
  endfacet
  facet normal 3.826834e-01 0.000000e+00 -9.238795e-01
    outer loop
      vertex   2.362941e+01 3.250000e+00 -1.098296e+01
      vertex   2.362941e+01 6.000000e+00 -1.098296e+01
      vertex   2.375000e+01 3.250000e+00 -1.093301e+01
    endloop
  endfacet
  facet normal 3.826834e-01 0.000000e+00 -9.238795e-01
    outer loop
      vertex   2.375000e+01 3.250000e+00 -1.093301e+01
      vertex   2.362941e+01 6.000000e+00 -1.098296e+01
      vertex   2.375000e+01 6.000000e+00 -1.093301e+01
    endloop
  endfacet
  facet normal 6.087614e-01 0.000000e+00 -7.933533e-01
    outer loop
      vertex   2.375000e+01 3.250000e+00 -1.093301e+01
      vertex   2.375000e+01 6.000000e+00 -1.093301e+01
      vertex   2.385355e+01 3.250000e+00 -1.085355e+01
    endloop
  endfacet
  facet normal 6.087614e-01 0.000000e+00 -7.933533e-01
    outer loop
      vertex   2.385355e+01 3.250000e+00 -1.085355e+01
      vertex   2.375000e+01 6.000000e+00 -1.093301e+01
      vertex   2.385355e+01 6.000000e+00 -1.085355e+01
    endloop
  endfacet
  facet normal 7.933533e-01 0.000000e+00 -6.087614e-01
    outer loop
      vertex   2.385355e+01 3.250000e+00 -1.085355e+01
      vertex   2.385355e+01 6.000000e+00 -1.085355e+01
      vertex   2.393301e+01 3.250000e+00 -1.075000e+01
    endloop
  endfacet
  facet normal 7.933533e-01 3.932282e-16 -6.087614e-01
    outer loop
      vertex   2.393301e+01 3.250000e+00 -1.075000e+01
      vertex   2.385355e+01 6.000000e+00 -1.085355e+01
      vertex   2.393301e+01 6.000000e+00 -1.075000e+01
    endloop
  endfacet
  facet normal 9.238795e-01 2.471936e-16 -3.826834e-01
    outer loop
      vertex   2.393301e+01 3.250000e+00 -1.075000e+01
      vertex   2.393301e+01 6.000000e+00 -1.075000e+01
      vertex   2.398296e+01 3.250000e+00 -1.062941e+01
    endloop
  endfacet
  facet normal 9.238795e-01 0.000000e+00 -3.826834e-01
    outer loop
      vertex   2.398296e+01 3.250000e+00 -1.062941e+01
      vertex   2.393301e+01 6.000000e+00 -1.075000e+01
      vertex   2.398296e+01 6.000000e+00 -1.062941e+01
    endloop
  endfacet
  facet normal 9.914449e-01 0.000000e+00 -1.305262e-01
    outer loop
      vertex   2.398296e+01 3.250000e+00 -1.062941e+01
      vertex   2.398296e+01 6.000000e+00 -1.062941e+01
      vertex   2.400000e+01 6.000000e+00 -1.050000e+01
    endloop
  endfacet
  facet normal 9.914449e-01 -4.215656e-17 -1.305262e-01
    outer loop
      vertex   2.400000e+01 6.000000e+00 -1.050000e+01
      vertex   2.400000e+01 5.000000e-01 -1.050000e+01
      vertex   2.398296e+01 3.250000e+00 -1.062941e+01
    endloop
  endfacet
  facet normal 9.914449e-01 -1.280844e-15 -1.305262e-01
    outer loop
      vertex   2.398296e+01 3.250000e+00 -1.062941e+01
      vertex   2.400000e+01 5.000000e-01 -1.050000e+01
      vertex   2.398296e+01 5.000000e-01 -1.062941e+01
    endloop
  endfacet
  facet normal 9.238795e-01 -1.193556e-15 -3.826834e-01
    outer loop
      vertex   2.398296e+01 3.250000e+00 -1.062941e+01
      vertex   2.398296e+01 5.000000e-01 -1.062941e+01
      vertex   2.393301e+01 3.250000e+00 -1.075000e+01
    endloop
  endfacet
  facet normal 9.238795e-01 -2.471936e-16 -3.826834e-01
    outer loop
      vertex   2.393301e+01 3.250000e+00 -1.075000e+01
      vertex   2.398296e+01 5.000000e-01 -1.062941e+01
      vertex   2.393301e+01 5.000000e-01 -1.075000e+01
    endloop
  endfacet
  facet normal 7.933533e-01 -3.932282e-16 -6.087614e-01
    outer loop
      vertex   2.393301e+01 3.250000e+00 -1.075000e+01
      vertex   2.393301e+01 5.000000e-01 -1.075000e+01
      vertex   2.385355e+01 3.250000e+00 -1.085355e+01
    endloop
  endfacet
  facet normal 7.933533e-01 0.000000e+00 -6.087614e-01
    outer loop
      vertex   2.385355e+01 3.250000e+00 -1.085355e+01
      vertex   2.393301e+01 5.000000e-01 -1.075000e+01
      vertex   2.385355e+01 5.000000e-01 -1.085355e+01
    endloop
  endfacet
  facet normal 6.087614e-01 0.000000e+00 -7.933533e-01
    outer loop
      vertex   2.385355e+01 3.250000e+00 -1.085355e+01
      vertex   2.385355e+01 5.000000e-01 -1.085355e+01
      vertex   2.375000e+01 3.250000e+00 -1.093301e+01
    endloop
  endfacet
  facet normal 6.087614e-01 -1.298921e-15 -7.933533e-01
    outer loop
      vertex   2.375000e+01 3.250000e+00 -1.093301e+01
      vertex   2.385355e+01 5.000000e-01 -1.085355e+01
      vertex   2.375000e+01 5.000000e-01 -1.093301e+01
    endloop
  endfacet
  facet normal 3.826834e-01 -1.091165e-15 -9.238795e-01
    outer loop
      vertex   2.375000e+01 3.250000e+00 -1.093301e+01
      vertex   2.375000e+01 5.000000e-01 -1.093301e+01
      vertex   2.362941e+01 3.250000e+00 -1.098296e+01
    endloop
  endfacet
  facet normal 3.826834e-01 0.000000e+00 -9.238795e-01
    outer loop
      vertex   2.362941e+01 3.250000e+00 -1.098296e+01
      vertex   2.375000e+01 5.000000e-01 -1.093301e+01
      vertex   2.362941e+01 5.000000e-01 -1.098296e+01
    endloop
  endfacet
  facet normal 1.305262e-01 0.000000e+00 -9.914449e-01
    outer loop
      vertex   2.362941e+01 3.250000e+00 -1.098296e+01
      vertex   2.362941e+01 5.000000e-01 -1.098296e+01
      vertex   2.350000e+01 5.000000e-01 -1.100000e+01
    endloop
  endfacet
  facet normal 1.000000e+00 0.000000e+00 -0.000000e+00
    outer loop
      vertex   2.400000e+01 6.000000e+00 4.599901e+00
      vertex   2.400000e+01 6.000000e+00 1.050000e+01
      vertex   2.400000e+01 1.600000e+00 4.599901e+00
    endloop
  endfacet
  facet normal 1.000000e+00 0.000000e+00 -0.000000e+00
    outer loop
      vertex   2.400000e+01 1.600000e+00 4.599901e+00
      vertex   2.400000e+01 6.000000e+00 1.050000e+01
      vertex   2.400000e+01 5.000000e-01 1.050000e+01
    endloop
  endfacet
  facet normal 1.000000e+00 0.000000e+00 0.000000e+00
    outer loop
      vertex   2.400000e+01 1.600000e+00 4.599901e+00
      vertex   2.400000e+01 5.000000e-01 1.050000e+01
      vertex   2.400000e+01 5.000000e-01 -1.050000e+01
    endloop
  endfacet
  facet normal 1.000000e+00 0.000000e+00 0.000000e+00
    outer loop
      vertex   2.400000e+01 1.600000e+00 4.599901e+00
      vertex   2.400000e+01 5.000000e-01 -1.050000e+01
      vertex   2.400000e+01 1.600000e+00 -4.600099e+00
    endloop
  endfacet
  facet normal 1.000000e+00 0.000000e+00 0.000000e+00
    outer loop
      vertex   2.400000e+01 1.600000e+00 -4.600099e+00
      vertex   2.400000e+01 5.000000e-01 -1.050000e+01
      vertex   2.400000e+01 6.000000e+00 -1.050000e+01
    endloop
  endfacet
  facet normal 1.000000e+00 -0.000000e+00 0.000000e+00
    outer loop
      vertex   2.400000e+01 1.600000e+00 -4.600099e+00
      vertex   2.400000e+01 6.000000e+00 -1.050000e+01
      vertex   2.400000e+01 6.000000e+00 -4.600099e+00
    endloop
  endfacet
  facet normal 0.000000e+00 0.000000e+00 -1.000000e+00
    outer loop
      vertex   2.350000e+01 5.000000e-01 -1.100000e+01
      vertex   -2.350000e+01 5.000000e-01 -1.100000e+01
      vertex   2.350000e+01 6.000000e+00 -1.100000e+01
    endloop
  endfacet
  facet normal -0.000000e+00 0.000000e+00 -1.000000e+00
    outer loop
      vertex   2.350000e+01 6.000000e+00 -1.100000e+01
      vertex   -2.350000e+01 5.000000e-01 -1.100000e+01
      vertex   -2.350000e+01 6.000000e+00 -1.100000e+01
    endloop
  endfacet
  facet normal 0.000000e+00 -1.000000e+00 0.000000e+00
    outer loop
      vertex   -2.350000e+01 0.000000e+00 -1.050000e+01
      vertex   2.350000e+01 0.000000e+00 -1.050000e+01
      vertex   -2.350000e+01 0.000000e+00 1.050000e+01
    endloop
  endfacet
  facet normal 0.000000e+00 -1.000000e+00 0.000000e+00
    outer loop
      vertex   -2.350000e+01 0.000000e+00 1.050000e+01
      vertex   2.350000e+01 0.000000e+00 -1.050000e+01
      vertex   2.350000e+01 0.000000e+00 1.050000e+01
    endloop
  endfacet
  facet normal -0.000000e+00 0.000000e+00 1.000000e+00
    outer loop
      vertex   2.300000e+01 4.000000e+00 -4.600099e+00
      vertex   2.300000e+01 1.600000e+00 -4.600099e+00
      vertex   2.349973e+01 4.000000e+00 -4.600099e+00
    endloop
  endfacet
  facet normal 0.000000e+00 0.000000e+00 1.000000e+00
    outer loop
      vertex   2.349973e+01 4.000000e+00 -4.600099e+00
      vertex   2.300000e+01 1.600000e+00 -4.600099e+00
      vertex   2.400000e+01 1.600000e+00 -4.600099e+00
    endloop
  endfacet
  facet normal -0.000000e+00 0.000000e+00 1.000000e+00
    outer loop
      vertex   2.349973e+01 4.000000e+00 -4.600099e+00
      vertex   2.400000e+01 1.600000e+00 -4.600099e+00
      vertex   2.400000e+01 6.000000e+00 -4.600099e+00
    endloop
  endfacet
  facet normal 0.000000e+00 0.000000e+00 1.000000e+00
    outer loop
      vertex   2.400000e+01 6.000000e+00 -4.600099e+00
      vertex   2.349973e+01 6.000000e+00 -4.600099e+00
      vertex   2.349973e+01 4.000000e+00 -4.600099e+00
    endloop
  endfacet
  facet normal 0.000000e+00 1.000000e+00 0.000000e+00
    outer loop
      vertex   2.300000e+01 1.600000e+00 -4.600099e+00
      vertex   2.300000e+01 1.600000e+00 4.599901e+00
      vertex   2.400000e+01 1.600000e+00 -4.600099e+00
    endloop
  endfacet
  facet normal 0.000000e+00 1.000000e+00 -0.000000e+00
    outer loop
      vertex   2.400000e+01 1.600000e+00 -4.600099e+00
      vertex   2.300000e+01 1.600000e+00 4.599901e+00
      vertex   2.400000e+01 1.600000e+00 4.599901e+00
    endloop
  endfacet
  facet normal 0.000000e+00 0.000000e+00 -1.000000e+00
    outer loop
      vertex   2.300000e+01 4.000000e+00 4.599901e+00
      vertex   2.350027e+01 4.000000e+00 4.599901e+00
      vertex   2.300000e+01 1.600000e+00 4.599901e+00
    endloop
  endfacet
  facet normal 0.000000e+00 0.000000e+00 -1.000000e+00
    outer loop
      vertex   2.300000e+01 1.600000e+00 4.599901e+00
      vertex   2.350027e+01 4.000000e+00 4.599901e+00
      vertex   2.400000e+01 1.600000e+00 4.599901e+00
    endloop
  endfacet
  facet normal -9.694388e-16 -2.018587e-16 -1.000000e+00
    outer loop
      vertex   2.400000e+01 1.600000e+00 4.599901e+00
      vertex   2.350027e+01 4.000000e+00 4.599901e+00
      vertex   2.400000e+01 6.000000e+00 4.599901e+00
    endloop
  endfacet
  facet normal -0.000000e+00 -4.440892e-16 -1.000000e+00
    outer loop
      vertex   2.400000e+01 6.000000e+00 4.599901e+00
      vertex   2.350027e+01 4.000000e+00 4.599901e+00
      vertex   2.350027e+01 6.000000e+00 4.599901e+00
    endloop
  endfacet
  facet normal 0.000000e+00 1.000000e+00 0.000000e+00
    outer loop
      vertex   2.362941e+01 6.000000e+00 1.098296e+01
      vertex   2.375000e+01 6.000000e+00 1.093301e+01
      vertex   2.350000e+01 6.000000e+00 1.100000e+01
    endloop
  endfacet
  facet normal 0.000000e+00 1.000000e+00 0.000000e+00
    outer loop
      vertex   2.350000e+01 6.000000e+00 1.100000e+01
      vertex   2.375000e+01 6.000000e+00 1.093301e+01
      vertex   2.350061e+01 6.000000e+00 1.049864e+01
    endloop
  endfacet
  facet normal 0.000000e+00 1.000000e+00 0.000000e+00
    outer loop
      vertex   2.350000e+01 6.000000e+00 1.100000e+01
      vertex   2.350061e+01 6.000000e+00 1.049864e+01
      vertex   -2.349939e+01 6.000000e+00 1.050136e+01
    endloop
  endfacet
  facet normal 0.000000e+00 1.000000e+00 0.000000e+00
    outer loop
      vertex   2.375000e+01 6.000000e+00 1.093301e+01
      vertex   2.385355e+01 6.000000e+00 1.085355e+01
      vertex   2.350061e+01 6.000000e+00 1.049864e+01
    endloop
  endfacet
  facet normal 0.000000e+00 1.000000e+00 0.000000e+00
    outer loop
      vertex   2.350061e+01 6.000000e+00 1.049864e+01
      vertex   2.385355e+01 6.000000e+00 1.085355e+01
      vertex   2.393301e+01 6.000000e+00 1.075000e+01
    endloop
  endfacet
  facet normal 0.000000e+00 1.000000e+00 0.000000e+00
    outer loop
      vertex   2.350061e+01 6.000000e+00 1.049864e+01
      vertex   2.393301e+01 6.000000e+00 1.075000e+01
      vertex   2.398296e+01 6.000000e+00 1.062941e+01
    endloop
  endfacet
  facet normal 0.000000e+00 1.000000e+00 0.000000e+00
    outer loop
      vertex   2.398296e+01 6.000000e+00 1.062941e+01
      vertex   2.400000e+01 6.000000e+00 1.050000e+01
      vertex   2.350061e+01 6.000000e+00 1.049864e+01
    endloop
  endfacet
  facet normal -0.000000e+00 1.000000e+00 0.000000e+00
    outer loop
      vertex   2.350061e+01 6.000000e+00 1.049864e+01
      vertex   2.400000e+01 6.000000e+00 1.050000e+01
      vertex   2.400000e+01 6.000000e+00 4.599901e+00
    endloop
  endfacet
  facet normal 0.000000e+00 1.000000e+00 0.000000e+00
    outer loop
      vertex   2.350061e+01 6.000000e+00 1.049864e+01
      vertex   2.400000e+01 6.000000e+00 4.599901e+00
      vertex   2.350027e+01 6.000000e+00 4.599901e+00
    endloop
  endfacet
  facet normal 0.000000e+00 1.000000e+00 -0.000000e+00
    outer loop
      vertex   -2.350061e+01 6.000000e+00 -1.049864e+01
      vertex   -2.400000e+01 6.000000e+00 1.050000e+01
      vertex   -2.349939e+01 6.000000e+00 1.050136e+01
    endloop
  endfacet
  facet normal 0.000000e+00 1.000000e+00 0.000000e+00
    outer loop
      vertex   -2.349939e+01 6.000000e+00 1.050136e+01
      vertex   -2.400000e+01 6.000000e+00 1.050000e+01
      vertex   -2.398296e+01 6.000000e+00 1.062941e+01
    endloop
  endfacet
  facet normal 0.000000e+00 1.000000e+00 0.000000e+00
    outer loop
      vertex   -2.349939e+01 6.000000e+00 1.050136e+01
      vertex   -2.398296e+01 6.000000e+00 1.062941e+01
      vertex   -2.393301e+01 6.000000e+00 1.075000e+01
    endloop
  endfacet
  facet normal 0.000000e+00 1.000000e+00 0.000000e+00
    outer loop
      vertex   2.349939e+01 6.000000e+00 -1.050136e+01
      vertex   -2.350000e+01 6.000000e+00 -1.100000e+01
      vertex   -2.350061e+01 6.000000e+00 -1.049864e+01
    endloop
  endfacet
  facet normal 0.000000e+00 1.000000e+00 0.000000e+00
    outer loop
      vertex   -2.350061e+01 6.000000e+00 -1.049864e+01
      vertex   -2.350000e+01 6.000000e+00 -1.100000e+01
      vertex   -2.375000e+01 6.000000e+00 -1.093301e+01
    endloop
  endfacet
  facet normal 0.000000e+00 1.000000e+00 0.000000e+00
    outer loop
      vertex   -2.350061e+01 6.000000e+00 -1.049864e+01
      vertex   -2.375000e+01 6.000000e+00 -1.093301e+01
      vertex   -2.385355e+01 6.000000e+00 -1.085355e+01
    endloop
  endfacet
  facet normal 0.000000e+00 1.000000e+00 0.000000e+00
    outer loop
      vertex   2.349973e+01 6.000000e+00 -4.600099e+00
      vertex   2.400000e+01 6.000000e+00 -1.050000e+01
      vertex   2.349939e+01 6.000000e+00 -1.050136e+01
    endloop
  endfacet
  facet normal -0.000000e+00 1.000000e+00 0.000000e+00
    outer loop
      vertex   2.349939e+01 6.000000e+00 -1.050136e+01
      vertex   2.400000e+01 6.000000e+00 -1.050000e+01
      vertex   2.398296e+01 6.000000e+00 -1.062941e+01
    endloop
  endfacet
  facet normal 0.000000e+00 1.000000e+00 0.000000e+00
    outer loop
      vertex   2.349939e+01 6.000000e+00 -1.050136e+01
      vertex   2.398296e+01 6.000000e+00 -1.062941e+01
      vertex   2.393301e+01 6.000000e+00 -1.075000e+01
    endloop
  endfacet
  facet normal -0.000000e+00 1.000000e+00 0.000000e+00
    outer loop
      vertex   2.349973e+01 6.000000e+00 -4.600099e+00
      vertex   2.400000e+01 6.000000e+00 -4.600099e+00
      vertex   2.400000e+01 6.000000e+00 -1.050000e+01
    endloop
  endfacet
  facet normal 0.000000e+00 1.000000e+00 0.000000e+00
    outer loop
      vertex   2.393301e+01 6.000000e+00 -1.075000e+01
      vertex   2.385355e+01 6.000000e+00 -1.085355e+01
      vertex   2.349939e+01 6.000000e+00 -1.050136e+01
    endloop
  endfacet
  facet normal 0.000000e+00 1.000000e+00 0.000000e+00
    outer loop
      vertex   2.349939e+01 6.000000e+00 -1.050136e+01
      vertex   2.385355e+01 6.000000e+00 -1.085355e+01
      vertex   2.375000e+01 6.000000e+00 -1.093301e+01
    endloop
  endfacet
  facet normal 0.000000e+00 1.000000e+00 0.000000e+00
    outer loop
      vertex   2.349939e+01 6.000000e+00 -1.050136e+01
      vertex   2.375000e+01 6.000000e+00 -1.093301e+01
      vertex   2.350000e+01 6.000000e+00 -1.100000e+01
    endloop
  endfacet
  facet normal 0.000000e+00 1.000000e+00 0.000000e+00
    outer loop
      vertex   2.350000e+01 6.000000e+00 -1.100000e+01
      vertex   2.375000e+01 6.000000e+00 -1.093301e+01
      vertex   2.362941e+01 6.000000e+00 -1.098296e+01
    endloop
  endfacet
  facet normal 0.000000e+00 1.000000e+00 0.000000e+00
    outer loop
      vertex   2.350000e+01 6.000000e+00 -1.100000e+01
      vertex   -2.350000e+01 6.000000e+00 -1.100000e+01
      vertex   2.349939e+01 6.000000e+00 -1.050136e+01
    endloop
  endfacet
  facet normal 0.000000e+00 1.000000e+00 0.000000e+00
    outer loop
      vertex   -2.350000e+01 6.000000e+00 -1.100000e+01
      vertex   -2.362941e+01 6.000000e+00 -1.098296e+01
      vertex   -2.375000e+01 6.000000e+00 -1.093301e+01
    endloop
  endfacet
  facet normal 0.000000e+00 1.000000e+00 -0.000000e+00
    outer loop
      vertex   -2.385355e+01 6.000000e+00 -1.085355e+01
      vertex   -2.393301e+01 6.000000e+00 -1.075000e+01
      vertex   -2.350061e+01 6.000000e+00 -1.049864e+01
    endloop
  endfacet
  facet normal 0.000000e+00 1.000000e+00 0.000000e+00
    outer loop
      vertex   -2.350061e+01 6.000000e+00 -1.049864e+01
      vertex   -2.393301e+01 6.000000e+00 -1.075000e+01
      vertex   -2.398296e+01 6.000000e+00 -1.062941e+01
    endloop
  endfacet
  facet normal 0.000000e+00 1.000000e+00 0.000000e+00
    outer loop
      vertex   -2.350061e+01 6.000000e+00 -1.049864e+01
      vertex   -2.398296e+01 6.000000e+00 -1.062941e+01
      vertex   -2.400000e+01 6.000000e+00 -1.050000e+01
    endloop
  endfacet
  facet normal 0.000000e+00 1.000000e+00 0.000000e+00
    outer loop
      vertex   -2.400000e+01 6.000000e+00 -1.050000e+01
      vertex   -2.400000e+01 6.000000e+00 1.050000e+01
      vertex   -2.350061e+01 6.000000e+00 -1.049864e+01
    endloop
  endfacet
  facet normal -0.000000e+00 1.000000e+00 0.000000e+00
    outer loop
      vertex   -2.393301e+01 6.000000e+00 1.075000e+01
      vertex   -2.385355e+01 6.000000e+00 1.085355e+01
      vertex   -2.349939e+01 6.000000e+00 1.050136e+01
    endloop
  endfacet
  facet normal 0.000000e+00 1.000000e+00 0.000000e+00
    outer loop
      vertex   -2.349939e+01 6.000000e+00 1.050136e+01
      vertex   -2.385355e+01 6.000000e+00 1.085355e+01
      vertex   -2.375000e+01 6.000000e+00 1.093301e+01
    endloop
  endfacet
  facet normal 0.000000e+00 1.000000e+00 0.000000e+00
    outer loop
      vertex   -2.349939e+01 6.000000e+00 1.050136e+01
      vertex   -2.375000e+01 6.000000e+00 1.093301e+01
      vertex   -2.350000e+01 6.000000e+00 1.100000e+01
    endloop
  endfacet
  facet normal 0.000000e+00 1.000000e+00 0.000000e+00
    outer loop
      vertex   -2.350000e+01 6.000000e+00 1.100000e+01
      vertex   -2.375000e+01 6.000000e+00 1.093301e+01
      vertex   -2.362941e+01 6.000000e+00 1.098296e+01
    endloop
  endfacet
  facet normal -0.000000e+00 1.000000e+00 0.000000e+00
    outer loop
      vertex   -2.350000e+01 6.000000e+00 1.100000e+01
      vertex   2.350000e+01 6.000000e+00 1.100000e+01
      vertex   -2.349939e+01 6.000000e+00 1.050136e+01
    endloop
  endfacet
  facet normal -1.000000e+00 2.576892e-20 5.802645e-05
    outer loop
      vertex   2.350027e+01 4.000000e+00 4.599901e+00
      vertex   2.350061e+01 4.000000e+00 1.049864e+01
      vertex   2.350027e+01 6.000000e+00 4.599901e+00
    endloop
  endfacet
  facet normal -1.000000e+00 1.692835e-20 5.802645e-05
    outer loop
      vertex   2.350027e+01 6.000000e+00 4.599901e+00
      vertex   2.350061e+01 4.000000e+00 1.049864e+01
      vertex   2.350061e+01 6.000000e+00 1.049864e+01
    endloop
  endfacet
  facet normal -1.000000e+00 3.552714e-15 5.802645e-05
    outer loop
      vertex   2.349973e+01 6.000000e+00 -4.600099e+00
      vertex   2.349939e+01 6.000000e+00 -1.050136e+01
      vertex   2.349973e+01 4.000000e+00 -4.600099e+00
    endloop
  endfacet
  facet normal -1.000000e+00 2.294809e-21 5.802645e-05
    outer loop
      vertex   2.349973e+01 4.000000e+00 -4.600099e+00
      vertex   2.349939e+01 6.000000e+00 -1.050136e+01
      vertex   2.349939e+01 4.000000e+00 -1.050136e+01
    endloop
  endfacet
  facet normal 5.802645e-05 0.000000e+00 1.000000e+00
    outer loop
      vertex   2.349939e+01 6.000000e+00 -1.050136e+01
      vertex   -2.350061e+01 6.000000e+00 -1.049864e+01
      vertex   2.349939e+01 4.000000e+00 -1.050136e+01
    endloop
  endfacet
  facet normal 5.802645e-05 8.955538e-20 1.000000e+00
    outer loop
      vertex   2.349939e+01 4.000000e+00 -1.050136e+01
      vertex   -2.350061e+01 6.000000e+00 -1.049864e+01
      vertex   -2.350061e+01 4.000000e+00 -1.049864e+01
    endloop
  endfacet
  facet normal 1.000000e+00 0.000000e+00 -5.802645e-05
    outer loop
      vertex   -2.350061e+01 6.000000e+00 -1.049864e+01
      vertex   -2.349939e+01 6.000000e+00 1.050136e+01
      vertex   -2.350061e+01 4.000000e+00 -1.049864e+01
    endloop
  endfacet
  facet normal 1.000000e+00 2.503585e-20 -5.802645e-05
    outer loop
      vertex   -2.350061e+01 4.000000e+00 -1.049864e+01
      vertex   -2.349939e+01 6.000000e+00 1.050136e+01
      vertex   -2.349939e+01 4.000000e+00 1.050136e+01
    endloop
  endfacet
  facet normal -5.802645e-05 -0.000000e+00 -1.000000e+00
    outer loop
      vertex   -2.349939e+01 6.000000e+00 1.050136e+01
      vertex   2.350061e+01 6.000000e+00 1.049864e+01
      vertex   -2.349939e+01 4.000000e+00 1.050136e+01
    endloop
  endfacet
  facet normal -5.802645e-05 -1.165870e-19 -1.000000e+00
    outer loop
      vertex   -2.349939e+01 4.000000e+00 1.050136e+01
      vertex   2.350061e+01 6.000000e+00 1.049864e+01
      vertex   2.350061e+01 4.000000e+00 1.049864e+01
    endloop
  endfacet
  facet normal -0.000000e+00 1.000000e+00 0.000000e+00
    outer loop
      vertex   2.300000e+01 4.000000e+00 -4.600099e+00
      vertex   2.349973e+01 4.000000e+00 -4.600099e+00
      vertex   2.300000e+01 4.000000e+00 -1.000000e+01
    endloop
  endfacet
  facet normal -0.000000e+00 1.000000e+00 0.000000e+00
    outer loop
      vertex   2.300000e+01 4.000000e+00 -1.000000e+01
      vertex   2.349973e+01 4.000000e+00 -4.600099e+00
      vertex   2.349939e+01 4.000000e+00 -1.050136e+01
    endloop
  endfacet
  facet normal 0.000000e+00 1.000000e+00 0.000000e+00
    outer loop
      vertex   2.300000e+01 4.000000e+00 -1.000000e+01
      vertex   2.349939e+01 4.000000e+00 -1.050136e+01
      vertex   -2.300000e+01 4.000000e+00 -1.000000e+01
    endloop
  endfacet
  facet normal 0.000000e+00 1.000000e+00 0.000000e+00
    outer loop
      vertex   -2.300000e+01 4.000000e+00 -1.000000e+01
      vertex   2.349939e+01 4.000000e+00 -1.050136e+01
      vertex   -2.350061e+01 4.000000e+00 -1.049864e+01
    endloop
  endfacet
  facet normal 0.000000e+00 1.000000e+00 -0.000000e+00
    outer loop
      vertex   -2.300000e+01 4.000000e+00 -1.000000e+01
      vertex   -2.350061e+01 4.000000e+00 -1.049864e+01
      vertex   -2.300000e+01 4.000000e+00 1.000000e+01
    endloop
  endfacet
  facet normal 0.000000e+00 1.000000e+00 0.000000e+00
    outer loop
      vertex   -2.300000e+01 4.000000e+00 1.000000e+01
      vertex   -2.350061e+01 4.000000e+00 -1.049864e+01
      vertex   -2.349939e+01 4.000000e+00 1.050136e+01
    endloop
  endfacet
  facet normal 0.000000e+00 1.000000e+00 -0.000000e+00
    outer loop
      vertex   -2.300000e+01 4.000000e+00 1.000000e+01
      vertex   -2.349939e+01 4.000000e+00 1.050136e+01
      vertex   2.300000e+01 4.000000e+00 1.000000e+01
    endloop
  endfacet
  facet normal 0.000000e+00 1.000000e+00 -0.000000e+00
    outer loop
      vertex   2.300000e+01 4.000000e+00 1.000000e+01
      vertex   -2.349939e+01 4.000000e+00 1.050136e+01
      vertex   2.350061e+01 4.000000e+00 1.049864e+01
    endloop
  endfacet
  facet normal -0.000000e+00 1.000000e+00 0.000000e+00
    outer loop
      vertex   2.300000e+01 4.000000e+00 1.000000e+01
      vertex   2.350061e+01 4.000000e+00 1.049864e+01
      vertex   2.350027e+01 4.000000e+00 4.599901e+00
    endloop
  endfacet
  facet normal 0.000000e+00 1.000000e+00 0.000000e+00
    outer loop
      vertex   2.350027e+01 4.000000e+00 4.599901e+00
      vertex   2.300000e+01 4.000000e+00 4.599901e+00
      vertex   2.300000e+01 4.000000e+00 1.000000e+01
    endloop
  endfacet
  facet normal 0.000000e+00 -1.776357e-15 -1.000000e+00
    outer loop
      vertex   -2.300000e+01 4.000000e+00 1.000000e+01
      vertex   2.300000e+01 4.000000e+00 1.000000e+01
      vertex   -2.300000e+01 1.000000e+00 1.000000e+01
    endloop
  endfacet
  facet normal 0.000000e+00 -1.776357e-15 -1.000000e+00
    outer loop
      vertex   -2.300000e+01 1.000000e+00 1.000000e+01
      vertex   2.300000e+01 4.000000e+00 1.000000e+01
      vertex   2.300000e+01 1.000000e+00 1.000000e+01
    endloop
  endfacet
  facet normal -1.000000e+00 0.000000e+00 6.579219e-16
    outer loop
      vertex   2.300000e+01 4.000000e+00 -4.600099e+00
      vertex   2.300000e+01 4.000000e+00 -1.000000e+01
      vertex   2.300000e+01 1.600000e+00 -4.600099e+00
    endloop
  endfacet
  facet normal -1.000000e+00 -1.184238e-15 1.315844e-16
    outer loop
      vertex   2.300000e+01 1.600000e+00 -4.600099e+00
      vertex   2.300000e+01 4.000000e+00 -1.000000e+01
      vertex   2.300000e+01 1.000000e+00 -1.000000e+01
    endloop
  endfacet
  facet normal -1.000000e+00 -0.000000e+00 0.000000e+00
    outer loop
      vertex   2.300000e+01 1.600000e+00 -4.600099e+00
      vertex   2.300000e+01 1.000000e+00 -1.000000e+01
      vertex   2.300000e+01 1.600000e+00 4.599901e+00
    endloop
  endfacet
  facet normal -1.000000e+00 -0.000000e+00 0.000000e+00
    outer loop
      vertex   2.300000e+01 1.600000e+00 4.599901e+00
      vertex   2.300000e+01 1.000000e+00 -1.000000e+01
      vertex   2.300000e+01 1.000000e+00 1.000000e+01
    endloop
  endfacet
  facet normal -1.000000e+00 -1.184238e-15 -1.315796e-16
    outer loop
      vertex   2.300000e+01 1.600000e+00 4.599901e+00
      vertex   2.300000e+01 1.000000e+00 1.000000e+01
      vertex   2.300000e+01 4.000000e+00 1.000000e+01
    endloop
  endfacet
  facet normal -1.000000e+00 0.000000e+00 -6.578979e-16
    outer loop
      vertex   2.300000e+01 4.000000e+00 1.000000e+01
      vertex   2.300000e+01 4.000000e+00 4.599901e+00
      vertex   2.300000e+01 1.600000e+00 4.599901e+00
    endloop
  endfacet
  facet normal 9.914449e-01 0.000000e+00 1.305262e-01
    outer loop
      vertex   2.080296e+01 2.000000e+00 7.749410e+00
      vertex   2.080296e+01 1.000000e+00 7.749410e+00
      vertex   2.082000e+01 2.000000e+00 7.620000e+00
    endloop
  endfacet
  facet normal 9.914449e-01 0.000000e+00 1.305262e-01
    outer loop
      vertex   2.082000e+01 2.000000e+00 7.620000e+00
      vertex   2.080296e+01 1.000000e+00 7.749410e+00
      vertex   2.082000e+01 1.000000e+00 7.620000e+00
    endloop
  endfacet
  facet normal 9.914449e-01 0.000000e+00 -1.305262e-01
    outer loop
      vertex   2.082000e+01 2.000000e+00 7.620000e+00
      vertex   2.082000e+01 1.000000e+00 7.620000e+00
      vertex   2.080296e+01 2.000000e+00 7.490590e+00
    endloop
  endfacet
  facet normal 9.914449e-01 0.000000e+00 -1.305262e-01
    outer loop
      vertex   2.080296e+01 2.000000e+00 7.490590e+00
      vertex   2.082000e+01 1.000000e+00 7.620000e+00
      vertex   2.080296e+01 1.000000e+00 7.490590e+00
    endloop
  endfacet
  facet normal 9.238795e-01 0.000000e+00 -3.826834e-01
    outer loop
      vertex   2.080296e+01 2.000000e+00 7.490590e+00
      vertex   2.080296e+01 1.000000e+00 7.490590e+00
      vertex   2.075301e+01 2.000000e+00 7.370000e+00
    endloop
  endfacet
  facet normal 9.238795e-01 0.000000e+00 -3.826834e-01
    outer loop
      vertex   2.075301e+01 2.000000e+00 7.370000e+00
      vertex   2.080296e+01 1.000000e+00 7.490590e+00
      vertex   2.075301e+01 1.000000e+00 7.370000e+00
    endloop
  endfacet
  facet normal 7.933533e-01 0.000000e+00 -6.087614e-01
    outer loop
      vertex   2.075301e+01 2.000000e+00 7.370000e+00
      vertex   2.075301e+01 1.000000e+00 7.370000e+00
      vertex   2.067355e+01 2.000000e+00 7.266447e+00
    endloop
  endfacet
  facet normal 7.933533e-01 0.000000e+00 -6.087614e-01
    outer loop
      vertex   2.067355e+01 2.000000e+00 7.266447e+00
      vertex   2.075301e+01 1.000000e+00 7.370000e+00
      vertex   2.067355e+01 1.000000e+00 7.266447e+00
    endloop
  endfacet
  facet normal 6.087614e-01 0.000000e+00 -7.933533e-01
    outer loop
      vertex   2.067355e+01 2.000000e+00 7.266447e+00
      vertex   2.067355e+01 1.000000e+00 7.266447e+00
      vertex   2.057000e+01 2.000000e+00 7.186987e+00
    endloop
  endfacet
  facet normal 6.087614e-01 7.046393e-16 -7.933533e-01
    outer loop
      vertex   2.057000e+01 2.000000e+00 7.186987e+00
      vertex   2.067355e+01 1.000000e+00 7.266447e+00
      vertex   2.057000e+01 1.000000e+00 7.186987e+00
    endloop
  endfacet
  facet normal 3.826834e-01 8.205699e-16 -9.238795e-01
    outer loop
      vertex   2.057000e+01 2.000000e+00 7.186987e+00
      vertex   2.057000e+01 1.000000e+00 7.186987e+00
      vertex   2.044941e+01 2.000000e+00 7.137037e+00
    endloop
  endfacet
  facet normal 3.826834e-01 -2.719129e-15 -9.238795e-01
    outer loop
      vertex   2.044941e+01 2.000000e+00 7.137037e+00
      vertex   2.057000e+01 1.000000e+00 7.186987e+00
      vertex   2.044941e+01 1.000000e+00 7.137037e+00
    endloop
  endfacet
  facet normal 1.305262e-01 -9.274444e-16 -9.914449e-01
    outer loop
      vertex   2.044941e+01 2.000000e+00 7.137037e+00
      vertex   2.044941e+01 1.000000e+00 7.137037e+00
      vertex   2.032000e+01 2.000000e+00 7.120000e+00
    endloop
  endfacet
  facet normal 1.305262e-01 0.000000e+00 -9.914449e-01
    outer loop
      vertex   2.032000e+01 2.000000e+00 7.120000e+00
      vertex   2.044941e+01 1.000000e+00 7.137037e+00
      vertex   2.032000e+01 1.000000e+00 7.120000e+00
    endloop
  endfacet
  facet normal -1.305262e-01 -0.000000e+00 -9.914449e-01
    outer loop
      vertex   2.032000e+01 2.000000e+00 7.120000e+00
      vertex   2.032000e+01 1.000000e+00 7.120000e+00
      vertex   2.019059e+01 2.000000e+00 7.137037e+00
    endloop
  endfacet
  facet normal -1.305262e-01 -0.000000e+00 -9.914449e-01
    outer loop
      vertex   2.019059e+01 2.000000e+00 7.137037e+00
      vertex   2.032000e+01 1.000000e+00 7.120000e+00
      vertex   2.019059e+01 1.000000e+00 7.137037e+00
    endloop
  endfacet
  facet normal -3.826834e-01 -0.000000e+00 -9.238795e-01
    outer loop
      vertex   2.019059e+01 2.000000e+00 7.137037e+00
      vertex   2.019059e+01 1.000000e+00 7.137037e+00
      vertex   2.007000e+01 2.000000e+00 7.186987e+00
    endloop
  endfacet
  facet normal -3.826834e-01 -0.000000e+00 -9.238795e-01
    outer loop
      vertex   2.007000e+01 2.000000e+00 7.186987e+00
      vertex   2.019059e+01 1.000000e+00 7.137037e+00
      vertex   2.007000e+01 1.000000e+00 7.186987e+00
    endloop
  endfacet
  facet normal -6.087614e-01 -0.000000e+00 -7.933533e-01
    outer loop
      vertex   2.007000e+01 2.000000e+00 7.186987e+00
      vertex   2.007000e+01 1.000000e+00 7.186987e+00
      vertex   1.996645e+01 2.000000e+00 7.266447e+00
    endloop
  endfacet
  facet normal -6.087614e-01 2.162755e-15 -7.933533e-01
    outer loop
      vertex   1.996645e+01 2.000000e+00 7.266447e+00
      vertex   2.007000e+01 1.000000e+00 7.186987e+00
      vertex   1.996645e+01 1.000000e+00 7.266447e+00
    endloop
  endfacet
  facet normal -7.933533e-01 2.818557e-15 -6.087614e-01
    outer loop
      vertex   1.996645e+01 2.000000e+00 7.266447e+00
      vertex   1.996645e+01 1.000000e+00 7.266447e+00
      vertex   1.988699e+01 2.000000e+00 7.370000e+00
    endloop
  endfacet
  facet normal -7.933533e-01 -0.000000e+00 -6.087614e-01
    outer loop
      vertex   1.988699e+01 2.000000e+00 7.370000e+00
      vertex   1.996645e+01 1.000000e+00 7.266447e+00
      vertex   1.988699e+01 1.000000e+00 7.370000e+00
    endloop
  endfacet
  facet normal -9.238795e-01 -0.000000e+00 -3.826834e-01
    outer loop
      vertex   1.988699e+01 2.000000e+00 7.370000e+00
      vertex   1.988699e+01 1.000000e+00 7.370000e+00
      vertex   1.983704e+01 2.000000e+00 7.490590e+00
    endloop
  endfacet
  facet normal -9.238795e-01 -0.000000e+00 -3.826834e-01
    outer loop
      vertex   1.983704e+01 2.000000e+00 7.490590e+00
      vertex   1.988699e+01 1.000000e+00 7.370000e+00
      vertex   1.983704e+01 1.000000e+00 7.490590e+00
    endloop
  endfacet
  facet normal -9.914449e-01 -0.000000e+00 -1.305262e-01
    outer loop
      vertex   1.983704e+01 2.000000e+00 7.490590e+00
      vertex   1.983704e+01 1.000000e+00 7.490590e+00
      vertex   1.982000e+01 2.000000e+00 7.620000e+00
    endloop
  endfacet
  facet normal -9.914449e-01 -0.000000e+00 -1.305262e-01
    outer loop
      vertex   1.982000e+01 2.000000e+00 7.620000e+00
      vertex   1.983704e+01 1.000000e+00 7.490590e+00
      vertex   1.982000e+01 1.000000e+00 7.620000e+00
    endloop
  endfacet
  facet normal -9.914449e-01 0.000000e+00 1.305262e-01
    outer loop
      vertex   1.982000e+01 2.000000e+00 7.620000e+00
      vertex   1.982000e+01 1.000000e+00 7.620000e+00
      vertex   1.983704e+01 2.000000e+00 7.749410e+00
    endloop
  endfacet
  facet normal -9.914449e-01 0.000000e+00 1.305262e-01
    outer loop
      vertex   1.983704e+01 2.000000e+00 7.749410e+00
      vertex   1.982000e+01 1.000000e+00 7.620000e+00
      vertex   1.983704e+01 1.000000e+00 7.749410e+00
    endloop
  endfacet
  facet normal -9.238795e-01 0.000000e+00 3.826834e-01
    outer loop
      vertex   1.983704e+01 2.000000e+00 7.749410e+00
      vertex   1.983704e+01 1.000000e+00 7.749410e+00
      vertex   1.988699e+01 2.000000e+00 7.870000e+00
    endloop
  endfacet
  facet normal -9.238795e-01 0.000000e+00 3.826834e-01
    outer loop
      vertex   1.988699e+01 2.000000e+00 7.870000e+00
      vertex   1.983704e+01 1.000000e+00 7.749410e+00
      vertex   1.988699e+01 1.000000e+00 7.870000e+00
    endloop
  endfacet
  facet normal -7.933533e-01 0.000000e+00 6.087614e-01
    outer loop
      vertex   1.988699e+01 2.000000e+00 7.870000e+00
      vertex   1.988699e+01 1.000000e+00 7.870000e+00
      vertex   1.996645e+01 2.000000e+00 7.973553e+00
    endloop
  endfacet
  facet normal -7.933533e-01 -2.818557e-15 6.087614e-01
    outer loop
      vertex   1.996645e+01 2.000000e+00 7.973553e+00
      vertex   1.988699e+01 1.000000e+00 7.870000e+00
      vertex   1.996645e+01 1.000000e+00 7.973553e+00
    endloop
  endfacet
  facet normal -6.087614e-01 -2.162755e-15 7.933533e-01
    outer loop
      vertex   1.996645e+01 2.000000e+00 7.973553e+00
      vertex   1.996645e+01 1.000000e+00 7.973553e+00
      vertex   2.007000e+01 2.000000e+00 8.053013e+00
    endloop
  endfacet
  facet normal -6.087614e-01 0.000000e+00 7.933533e-01
    outer loop
      vertex   2.007000e+01 2.000000e+00 8.053013e+00
      vertex   1.996645e+01 1.000000e+00 7.973553e+00
      vertex   2.007000e+01 1.000000e+00 8.053013e+00
    endloop
  endfacet
  facet normal -3.826834e-01 0.000000e+00 9.238795e-01
    outer loop
      vertex   2.007000e+01 2.000000e+00 8.053013e+00
      vertex   2.007000e+01 1.000000e+00 8.053013e+00
      vertex   2.019059e+01 2.000000e+00 8.102963e+00
    endloop
  endfacet
  facet normal -3.826834e-01 0.000000e+00 9.238795e-01
    outer loop
      vertex   2.019059e+01 2.000000e+00 8.102963e+00
      vertex   2.007000e+01 1.000000e+00 8.053013e+00
      vertex   2.019059e+01 1.000000e+00 8.102963e+00
    endloop
  endfacet
  facet normal -1.305262e-01 0.000000e+00 9.914449e-01
    outer loop
      vertex   2.019059e+01 2.000000e+00 8.102963e+00
      vertex   2.019059e+01 1.000000e+00 8.102963e+00
      vertex   2.032000e+01 2.000000e+00 8.120000e+00
    endloop
  endfacet
  facet normal -1.305262e-01 0.000000e+00 9.914449e-01
    outer loop
      vertex   2.032000e+01 2.000000e+00 8.120000e+00
      vertex   2.019059e+01 1.000000e+00 8.102963e+00
      vertex   2.032000e+01 1.000000e+00 8.120000e+00
    endloop
  endfacet
  facet normal 1.305262e-01 0.000000e+00 9.914449e-01
    outer loop
      vertex   2.032000e+01 2.000000e+00 8.120000e+00
      vertex   2.032000e+01 1.000000e+00 8.120000e+00
      vertex   2.044941e+01 2.000000e+00 8.102963e+00
    endloop
  endfacet
  facet normal 1.305262e-01 9.274444e-16 9.914449e-01
    outer loop
      vertex   2.044941e+01 2.000000e+00 8.102963e+00
      vertex   2.032000e+01 1.000000e+00 8.120000e+00
      vertex   2.044941e+01 1.000000e+00 8.102963e+00
    endloop
  endfacet
  facet normal 3.826834e-01 2.719129e-15 9.238795e-01
    outer loop
      vertex   2.044941e+01 2.000000e+00 8.102963e+00
      vertex   2.044941e+01 1.000000e+00 8.102963e+00
      vertex   2.057000e+01 2.000000e+00 8.053013e+00
    endloop
  endfacet
  facet normal 3.826834e-01 0.000000e+00 9.238795e-01
    outer loop
      vertex   2.057000e+01 2.000000e+00 8.053013e+00
      vertex   2.044941e+01 1.000000e+00 8.102963e+00
      vertex   2.057000e+01 1.000000e+00 8.053013e+00
    endloop
  endfacet
  facet normal 6.087614e-01 0.000000e+00 7.933533e-01
    outer loop
      vertex   2.057000e+01 2.000000e+00 8.053013e+00
      vertex   2.057000e+01 1.000000e+00 8.053013e+00
      vertex   2.067355e+01 2.000000e+00 7.973553e+00
    endloop
  endfacet
  facet normal 6.087614e-01 0.000000e+00 7.933533e-01
    outer loop
      vertex   2.067355e+01 2.000000e+00 7.973553e+00
      vertex   2.057000e+01 1.000000e+00 8.053013e+00
      vertex   2.067355e+01 1.000000e+00 7.973553e+00
    endloop
  endfacet
  facet normal 7.933533e-01 0.000000e+00 6.087614e-01
    outer loop
      vertex   2.067355e+01 2.000000e+00 7.973553e+00
      vertex   2.067355e+01 1.000000e+00 7.973553e+00
      vertex   2.075301e+01 2.000000e+00 7.870000e+00
    endloop
  endfacet
  facet normal 7.933533e-01 0.000000e+00 6.087614e-01
    outer loop
      vertex   2.075301e+01 2.000000e+00 7.870000e+00
      vertex   2.067355e+01 1.000000e+00 7.973553e+00
      vertex   2.075301e+01 1.000000e+00 7.870000e+00
    endloop
  endfacet
  facet normal 9.238795e-01 0.000000e+00 3.826834e-01
    outer loop
      vertex   2.075301e+01 2.000000e+00 7.870000e+00
      vertex   2.075301e+01 1.000000e+00 7.870000e+00
      vertex   2.080296e+01 2.000000e+00 7.749410e+00
    endloop
  endfacet
  facet normal 9.238795e-01 0.000000e+00 3.826834e-01
    outer loop
      vertex   2.080296e+01 2.000000e+00 7.749410e+00
      vertex   2.075301e+01 1.000000e+00 7.870000e+00
      vertex   2.080296e+01 1.000000e+00 7.749410e+00
    endloop
  endfacet
  facet normal 0.000000e+00 1.000000e+00 -0.000000e+00
    outer loop
      vertex   2.080296e+01 2.000000e+00 7.490590e+00
      vertex   1.983704e+01 2.000000e+00 7.490590e+00
      vertex   2.082000e+01 2.000000e+00 7.620000e+00
    endloop
  endfacet
  facet normal 0.000000e+00 1.000000e+00 0.000000e+00
    outer loop
      vertex   2.082000e+01 2.000000e+00 7.620000e+00
      vertex   1.983704e+01 2.000000e+00 7.490590e+00
      vertex   1.982000e+01 2.000000e+00 7.620000e+00
    endloop
  endfacet
  facet normal 0.000000e+00 1.000000e+00 0.000000e+00
    outer loop
      vertex   2.082000e+01 2.000000e+00 7.620000e+00
      vertex   1.982000e+01 2.000000e+00 7.620000e+00
      vertex   2.080296e+01 2.000000e+00 7.749410e+00
    endloop
  endfacet
  facet normal 0.000000e+00 1.000000e+00 0.000000e+00
    outer loop
      vertex   2.080296e+01 2.000000e+00 7.749410e+00
      vertex   1.982000e+01 2.000000e+00 7.620000e+00
      vertex   1.983704e+01 2.000000e+00 7.749410e+00
    endloop
  endfacet
  facet normal 0.000000e+00 1.000000e+00 0.000000e+00
    outer loop
      vertex   2.080296e+01 2.000000e+00 7.749410e+00
      vertex   1.983704e+01 2.000000e+00 7.749410e+00
      vertex   2.075301e+01 2.000000e+00 7.870000e+00
    endloop
  endfacet
  facet normal 0.000000e+00 1.000000e+00 0.000000e+00
    outer loop
      vertex   2.075301e+01 2.000000e+00 7.870000e+00
      vertex   1.983704e+01 2.000000e+00 7.749410e+00
      vertex   1.988699e+01 2.000000e+00 7.870000e+00
    endloop
  endfacet
  facet normal 0.000000e+00 1.000000e+00 0.000000e+00
    outer loop
      vertex   2.075301e+01 2.000000e+00 7.870000e+00
      vertex   1.988699e+01 2.000000e+00 7.870000e+00
      vertex   2.067355e+01 2.000000e+00 7.973553e+00
    endloop
  endfacet
  facet normal 0.000000e+00 1.000000e+00 0.000000e+00
    outer loop
      vertex   2.067355e+01 2.000000e+00 7.973553e+00
      vertex   1.988699e+01 2.000000e+00 7.870000e+00
      vertex   1.996645e+01 2.000000e+00 7.973553e+00
    endloop
  endfacet
  facet normal 0.000000e+00 1.000000e+00 0.000000e+00
    outer loop
      vertex   2.067355e+01 2.000000e+00 7.973553e+00
      vertex   1.996645e+01 2.000000e+00 7.973553e+00
      vertex   2.057000e+01 2.000000e+00 8.053013e+00
    endloop
  endfacet
  facet normal 0.000000e+00 1.000000e+00 0.000000e+00
    outer loop
      vertex   2.057000e+01 2.000000e+00 8.053013e+00
      vertex   1.996645e+01 2.000000e+00 7.973553e+00
      vertex   2.007000e+01 2.000000e+00 8.053013e+00
    endloop
  endfacet
  facet normal 0.000000e+00 1.000000e+00 0.000000e+00
    outer loop
      vertex   2.057000e+01 2.000000e+00 8.053013e+00
      vertex   2.007000e+01 2.000000e+00 8.053013e+00
      vertex   2.044941e+01 2.000000e+00 8.102963e+00
    endloop
  endfacet
  facet normal 0.000000e+00 1.000000e+00 0.000000e+00
    outer loop
      vertex   2.044941e+01 2.000000e+00 8.102963e+00
      vertex   2.007000e+01 2.000000e+00 8.053013e+00
      vertex   2.019059e+01 2.000000e+00 8.102963e+00
    endloop
  endfacet
  facet normal 0.000000e+00 1.000000e+00 0.000000e+00
    outer loop
      vertex   2.044941e+01 2.000000e+00 8.102963e+00
      vertex   2.019059e+01 2.000000e+00 8.102963e+00
      vertex   2.032000e+01 2.000000e+00 8.120000e+00
    endloop
  endfacet
  facet normal -0.000000e+00 1.000000e+00 0.000000e+00
    outer loop
      vertex   1.983704e+01 2.000000e+00 7.490590e+00
      vertex   2.080296e+01 2.000000e+00 7.490590e+00
      vertex   1.988699e+01 2.000000e+00 7.370000e+00
    endloop
  endfacet
  facet normal 0.000000e+00 1.000000e+00 0.000000e+00
    outer loop
      vertex   1.988699e+01 2.000000e+00 7.370000e+00
      vertex   2.080296e+01 2.000000e+00 7.490590e+00
      vertex   2.075301e+01 2.000000e+00 7.370000e+00
    endloop
  endfacet
  facet normal -0.000000e+00 1.000000e+00 0.000000e+00
    outer loop
      vertex   1.988699e+01 2.000000e+00 7.370000e+00
      vertex   2.075301e+01 2.000000e+00 7.370000e+00
      vertex   1.996645e+01 2.000000e+00 7.266447e+00
    endloop
  endfacet
  facet normal 0.000000e+00 1.000000e+00 0.000000e+00
    outer loop
      vertex   1.996645e+01 2.000000e+00 7.266447e+00
      vertex   2.075301e+01 2.000000e+00 7.370000e+00
      vertex   2.067355e+01 2.000000e+00 7.266447e+00
    endloop
  endfacet
  facet normal -0.000000e+00 1.000000e+00 0.000000e+00
    outer loop
      vertex   1.996645e+01 2.000000e+00 7.266447e+00
      vertex   2.067355e+01 2.000000e+00 7.266447e+00
      vertex   2.007000e+01 2.000000e+00 7.186987e+00
    endloop
  endfacet
  facet normal 0.000000e+00 1.000000e+00 0.000000e+00
    outer loop
      vertex   2.007000e+01 2.000000e+00 7.186987e+00
      vertex   2.067355e+01 2.000000e+00 7.266447e+00
      vertex   2.057000e+01 2.000000e+00 7.186987e+00
    endloop
  endfacet
  facet normal -0.000000e+00 1.000000e+00 0.000000e+00
    outer loop
      vertex   2.007000e+01 2.000000e+00 7.186987e+00
      vertex   2.057000e+01 2.000000e+00 7.186987e+00
      vertex   2.019059e+01 2.000000e+00 7.137037e+00
    endloop
  endfacet
  facet normal 0.000000e+00 1.000000e+00 0.000000e+00
    outer loop
      vertex   2.019059e+01 2.000000e+00 7.137037e+00
      vertex   2.057000e+01 2.000000e+00 7.186987e+00
      vertex   2.044941e+01 2.000000e+00 7.137037e+00
    endloop
  endfacet
  facet normal -0.000000e+00 1.000000e+00 0.000000e+00
    outer loop
      vertex   2.019059e+01 2.000000e+00 7.137037e+00
      vertex   2.044941e+01 2.000000e+00 7.137037e+00
      vertex   2.032000e+01 2.000000e+00 7.120000e+00
    endloop
  endfacet
  facet normal 9.914449e-01 0.000000e+00 1.305262e-01
    outer loop
      vertex   2.080296e+01 2.000000e+00 -7.490590e+00
      vertex   2.080296e+01 1.000000e+00 -7.490590e+00
      vertex   2.082000e+01 2.000000e+00 -7.620000e+00
    endloop
  endfacet
  facet normal 9.914449e-01 0.000000e+00 1.305262e-01
    outer loop
      vertex   2.082000e+01 2.000000e+00 -7.620000e+00
      vertex   2.080296e+01 1.000000e+00 -7.490590e+00
      vertex   2.082000e+01 1.000000e+00 -7.620000e+00
    endloop
  endfacet
  facet normal 9.914449e-01 0.000000e+00 -1.305262e-01
    outer loop
      vertex   2.082000e+01 2.000000e+00 -7.620000e+00
      vertex   2.082000e+01 1.000000e+00 -7.620000e+00
      vertex   2.080296e+01 2.000000e+00 -7.749410e+00
    endloop
  endfacet
  facet normal 9.914449e-01 0.000000e+00 -1.305262e-01
    outer loop
      vertex   2.080296e+01 2.000000e+00 -7.749410e+00
      vertex   2.082000e+01 1.000000e+00 -7.620000e+00
      vertex   2.080296e+01 1.000000e+00 -7.749410e+00
    endloop
  endfacet
  facet normal 9.238795e-01 0.000000e+00 -3.826834e-01
    outer loop
      vertex   2.080296e+01 2.000000e+00 -7.749410e+00
      vertex   2.080296e+01 1.000000e+00 -7.749410e+00
      vertex   2.075301e+01 2.000000e+00 -7.870000e+00
    endloop
  endfacet
  facet normal 9.238795e-01 0.000000e+00 -3.826834e-01
    outer loop
      vertex   2.075301e+01 2.000000e+00 -7.870000e+00
      vertex   2.080296e+01 1.000000e+00 -7.749410e+00
      vertex   2.075301e+01 1.000000e+00 -7.870000e+00
    endloop
  endfacet
  facet normal 7.933533e-01 0.000000e+00 -6.087614e-01
    outer loop
      vertex   2.075301e+01 2.000000e+00 -7.870000e+00
      vertex   2.075301e+01 1.000000e+00 -7.870000e+00
      vertex   2.067355e+01 2.000000e+00 -7.973553e+00
    endloop
  endfacet
  facet normal 7.933533e-01 0.000000e+00 -6.087614e-01
    outer loop
      vertex   2.067355e+01 2.000000e+00 -7.973553e+00
      vertex   2.075301e+01 1.000000e+00 -7.870000e+00
      vertex   2.067355e+01 1.000000e+00 -7.973553e+00
    endloop
  endfacet
  facet normal 6.087614e-01 0.000000e+00 -7.933533e-01
    outer loop
      vertex   2.067355e+01 2.000000e+00 -7.973553e+00
      vertex   2.067355e+01 1.000000e+00 -7.973553e+00
      vertex   2.057000e+01 2.000000e+00 -8.053013e+00
    endloop
  endfacet
  facet normal 6.087614e-01 0.000000e+00 -7.933533e-01
    outer loop
      vertex   2.057000e+01 2.000000e+00 -8.053013e+00
      vertex   2.067355e+01 1.000000e+00 -7.973553e+00
      vertex   2.057000e+01 1.000000e+00 -8.053013e+00
    endloop
  endfacet
  facet normal 3.826834e-01 0.000000e+00 -9.238795e-01
    outer loop
      vertex   2.057000e+01 2.000000e+00 -8.053013e+00
      vertex   2.057000e+01 1.000000e+00 -8.053013e+00
      vertex   2.044941e+01 2.000000e+00 -8.102963e+00
    endloop
  endfacet
  facet normal 3.826834e-01 0.000000e+00 -9.238795e-01
    outer loop
      vertex   2.044941e+01 2.000000e+00 -8.102963e+00
      vertex   2.057000e+01 1.000000e+00 -8.053013e+00
      vertex   2.044941e+01 1.000000e+00 -8.102963e+00
    endloop
  endfacet
  facet normal 1.305262e-01 0.000000e+00 -9.914449e-01
    outer loop
      vertex   2.044941e+01 2.000000e+00 -8.102963e+00
      vertex   2.044941e+01 1.000000e+00 -8.102963e+00
      vertex   2.032000e+01 2.000000e+00 -8.120000e+00
    endloop
  endfacet
  facet normal 1.305262e-01 0.000000e+00 -9.914449e-01
    outer loop
      vertex   2.032000e+01 2.000000e+00 -8.120000e+00
      vertex   2.044941e+01 1.000000e+00 -8.102963e+00
      vertex   2.032000e+01 1.000000e+00 -8.120000e+00
    endloop
  endfacet
  facet normal -1.305262e-01 -0.000000e+00 -9.914449e-01
    outer loop
      vertex   2.032000e+01 2.000000e+00 -8.120000e+00
      vertex   2.032000e+01 1.000000e+00 -8.120000e+00
      vertex   2.019059e+01 2.000000e+00 -8.102963e+00
    endloop
  endfacet
  facet normal -1.305262e-01 -0.000000e+00 -9.914449e-01
    outer loop
      vertex   2.019059e+01 2.000000e+00 -8.102963e+00
      vertex   2.032000e+01 1.000000e+00 -8.120000e+00
      vertex   2.019059e+01 1.000000e+00 -8.102963e+00
    endloop
  endfacet
  facet normal -3.826834e-01 -0.000000e+00 -9.238795e-01
    outer loop
      vertex   2.019059e+01 2.000000e+00 -8.102963e+00
      vertex   2.019059e+01 1.000000e+00 -8.102963e+00
      vertex   2.007000e+01 2.000000e+00 -8.053013e+00
    endloop
  endfacet
  facet normal -3.826834e-01 -0.000000e+00 -9.238795e-01
    outer loop
      vertex   2.007000e+01 2.000000e+00 -8.053013e+00
      vertex   2.019059e+01 1.000000e+00 -8.102963e+00
      vertex   2.007000e+01 1.000000e+00 -8.053013e+00
    endloop
  endfacet
  facet normal -6.087614e-01 -0.000000e+00 -7.933533e-01
    outer loop
      vertex   2.007000e+01 2.000000e+00 -8.053013e+00
      vertex   2.007000e+01 1.000000e+00 -8.053013e+00
      vertex   1.996645e+01 2.000000e+00 -7.973553e+00
    endloop
  endfacet
  facet normal -6.087614e-01 -0.000000e+00 -7.933533e-01
    outer loop
      vertex   1.996645e+01 2.000000e+00 -7.973553e+00
      vertex   2.007000e+01 1.000000e+00 -8.053013e+00
      vertex   1.996645e+01 1.000000e+00 -7.973553e+00
    endloop
  endfacet
  facet normal -7.933533e-01 -0.000000e+00 -6.087614e-01
    outer loop
      vertex   1.996645e+01 2.000000e+00 -7.973553e+00
      vertex   1.996645e+01 1.000000e+00 -7.973553e+00
      vertex   1.988699e+01 2.000000e+00 -7.870000e+00
    endloop
  endfacet
  facet normal -7.933533e-01 -0.000000e+00 -6.087614e-01
    outer loop
      vertex   1.988699e+01 2.000000e+00 -7.870000e+00
      vertex   1.996645e+01 1.000000e+00 -7.973553e+00
      vertex   1.988699e+01 1.000000e+00 -7.870000e+00
    endloop
  endfacet
  facet normal -9.238795e-01 -0.000000e+00 -3.826834e-01
    outer loop
      vertex   1.988699e+01 2.000000e+00 -7.870000e+00
      vertex   1.988699e+01 1.000000e+00 -7.870000e+00
      vertex   1.983704e+01 2.000000e+00 -7.749410e+00
    endloop
  endfacet
  facet normal -9.238795e-01 -6.797823e-16 -3.826834e-01
    outer loop
      vertex   1.983704e+01 2.000000e+00 -7.749410e+00
      vertex   1.988699e+01 1.000000e+00 -7.870000e+00
      vertex   1.983704e+01 1.000000e+00 -7.749410e+00
    endloop
  endfacet
  facet normal -9.914449e-01 -2.318611e-16 -1.305262e-01
    outer loop
      vertex   1.983704e+01 2.000000e+00 -7.749410e+00
      vertex   1.983704e+01 1.000000e+00 -7.749410e+00
      vertex   1.982000e+01 2.000000e+00 -7.620000e+00
    endloop
  endfacet
  facet normal -9.914449e-01 -0.000000e+00 -1.305262e-01
    outer loop
      vertex   1.982000e+01 2.000000e+00 -7.620000e+00
      vertex   1.983704e+01 1.000000e+00 -7.749410e+00
      vertex   1.982000e+01 1.000000e+00 -7.620000e+00
    endloop
  endfacet
  facet normal -9.914449e-01 0.000000e+00 1.305262e-01
    outer loop
      vertex   1.982000e+01 2.000000e+00 -7.620000e+00
      vertex   1.982000e+01 1.000000e+00 -7.620000e+00
      vertex   1.983704e+01 2.000000e+00 -7.490590e+00
    endloop
  endfacet
  facet normal -9.914449e-01 2.318611e-16 1.305262e-01
    outer loop
      vertex   1.983704e+01 2.000000e+00 -7.490590e+00
      vertex   1.982000e+01 1.000000e+00 -7.620000e+00
      vertex   1.983704e+01 1.000000e+00 -7.490590e+00
    endloop
  endfacet
  facet normal -9.238795e-01 6.797823e-16 3.826834e-01
    outer loop
      vertex   1.983704e+01 2.000000e+00 -7.490590e+00
      vertex   1.983704e+01 1.000000e+00 -7.490590e+00
      vertex   1.988699e+01 2.000000e+00 -7.370000e+00
    endloop
  endfacet
  facet normal -9.238795e-01 0.000000e+00 3.826834e-01
    outer loop
      vertex   1.988699e+01 2.000000e+00 -7.370000e+00
      vertex   1.983704e+01 1.000000e+00 -7.490590e+00
      vertex   1.988699e+01 1.000000e+00 -7.370000e+00
    endloop
  endfacet
  facet normal -7.933533e-01 0.000000e+00 6.087614e-01
    outer loop
      vertex   1.988699e+01 2.000000e+00 -7.370000e+00
      vertex   1.988699e+01 1.000000e+00 -7.370000e+00
      vertex   1.996645e+01 2.000000e+00 -7.266447e+00
    endloop
  endfacet
  facet normal -7.933533e-01 0.000000e+00 6.087614e-01
    outer loop
      vertex   1.996645e+01 2.000000e+00 -7.266447e+00
      vertex   1.988699e+01 1.000000e+00 -7.370000e+00
      vertex   1.996645e+01 1.000000e+00 -7.266447e+00
    endloop
  endfacet
  facet normal -6.087614e-01 0.000000e+00 7.933533e-01
    outer loop
      vertex   1.996645e+01 2.000000e+00 -7.266447e+00
      vertex   1.996645e+01 1.000000e+00 -7.266447e+00
      vertex   2.007000e+01 2.000000e+00 -7.186987e+00
    endloop
  endfacet
  facet normal -6.087614e-01 0.000000e+00 7.933533e-01
    outer loop
      vertex   2.007000e+01 2.000000e+00 -7.186987e+00
      vertex   1.996645e+01 1.000000e+00 -7.266447e+00
      vertex   2.007000e+01 1.000000e+00 -7.186987e+00
    endloop
  endfacet
  facet normal -3.826834e-01 0.000000e+00 9.238795e-01
    outer loop
      vertex   2.007000e+01 2.000000e+00 -7.186987e+00
      vertex   2.007000e+01 1.000000e+00 -7.186987e+00
      vertex   2.019059e+01 2.000000e+00 -7.137037e+00
    endloop
  endfacet
  facet normal -3.826834e-01 0.000000e+00 9.238795e-01
    outer loop
      vertex   2.019059e+01 2.000000e+00 -7.137037e+00
      vertex   2.007000e+01 1.000000e+00 -7.186987e+00
      vertex   2.019059e+01 1.000000e+00 -7.137037e+00
    endloop
  endfacet
  facet normal -1.305262e-01 0.000000e+00 9.914449e-01
    outer loop
      vertex   2.019059e+01 2.000000e+00 -7.137037e+00
      vertex   2.019059e+01 1.000000e+00 -7.137037e+00
      vertex   2.032000e+01 2.000000e+00 -7.120000e+00
    endloop
  endfacet
  facet normal -1.305262e-01 0.000000e+00 9.914449e-01
    outer loop
      vertex   2.032000e+01 2.000000e+00 -7.120000e+00
      vertex   2.019059e+01 1.000000e+00 -7.137037e+00
      vertex   2.032000e+01 1.000000e+00 -7.120000e+00
    endloop
  endfacet
  facet normal 1.305262e-01 0.000000e+00 9.914449e-01
    outer loop
      vertex   2.032000e+01 2.000000e+00 -7.120000e+00
      vertex   2.032000e+01 1.000000e+00 -7.120000e+00
      vertex   2.044941e+01 2.000000e+00 -7.137037e+00
    endloop
  endfacet
  facet normal 1.305262e-01 0.000000e+00 9.914449e-01
    outer loop
      vertex   2.044941e+01 2.000000e+00 -7.137037e+00
      vertex   2.032000e+01 1.000000e+00 -7.120000e+00
      vertex   2.044941e+01 1.000000e+00 -7.137037e+00
    endloop
  endfacet
  facet normal 3.826834e-01 0.000000e+00 9.238795e-01
    outer loop
      vertex   2.044941e+01 2.000000e+00 -7.137037e+00
      vertex   2.044941e+01 1.000000e+00 -7.137037e+00
      vertex   2.057000e+01 2.000000e+00 -7.186987e+00
    endloop
  endfacet
  facet normal 3.826834e-01 0.000000e+00 9.238795e-01
    outer loop
      vertex   2.057000e+01 2.000000e+00 -7.186987e+00
      vertex   2.044941e+01 1.000000e+00 -7.137037e+00
      vertex   2.057000e+01 1.000000e+00 -7.186987e+00
    endloop
  endfacet
  facet normal 6.087614e-01 0.000000e+00 7.933533e-01
    outer loop
      vertex   2.057000e+01 2.000000e+00 -7.186987e+00
      vertex   2.057000e+01 1.000000e+00 -7.186987e+00
      vertex   2.067355e+01 2.000000e+00 -7.266447e+00
    endloop
  endfacet
  facet normal 6.087614e-01 0.000000e+00 7.933533e-01
    outer loop
      vertex   2.067355e+01 2.000000e+00 -7.266447e+00
      vertex   2.057000e+01 1.000000e+00 -7.186987e+00
      vertex   2.067355e+01 1.000000e+00 -7.266447e+00
    endloop
  endfacet
  facet normal 7.933533e-01 0.000000e+00 6.087614e-01
    outer loop
      vertex   2.067355e+01 2.000000e+00 -7.266447e+00
      vertex   2.067355e+01 1.000000e+00 -7.266447e+00
      vertex   2.075301e+01 2.000000e+00 -7.370000e+00
    endloop
  endfacet
  facet normal 7.933533e-01 0.000000e+00 6.087614e-01
    outer loop
      vertex   2.075301e+01 2.000000e+00 -7.370000e+00
      vertex   2.067355e+01 1.000000e+00 -7.266447e+00
      vertex   2.075301e+01 1.000000e+00 -7.370000e+00
    endloop
  endfacet
  facet normal 9.238795e-01 0.000000e+00 3.826834e-01
    outer loop
      vertex   2.075301e+01 2.000000e+00 -7.370000e+00
      vertex   2.075301e+01 1.000000e+00 -7.370000e+00
      vertex   2.080296e+01 2.000000e+00 -7.490590e+00
    endloop
  endfacet
  facet normal 9.238795e-01 0.000000e+00 3.826834e-01
    outer loop
      vertex   2.080296e+01 2.000000e+00 -7.490590e+00
      vertex   2.075301e+01 1.000000e+00 -7.370000e+00
      vertex   2.080296e+01 1.000000e+00 -7.490590e+00
    endloop
  endfacet
  facet normal 0.000000e+00 1.000000e+00 -0.000000e+00
    outer loop
      vertex   2.080296e+01 2.000000e+00 -7.749410e+00
      vertex   1.983704e+01 2.000000e+00 -7.749410e+00
      vertex   2.082000e+01 2.000000e+00 -7.620000e+00
    endloop
  endfacet
  facet normal 0.000000e+00 1.000000e+00 0.000000e+00
    outer loop
      vertex   2.082000e+01 2.000000e+00 -7.620000e+00
      vertex   1.983704e+01 2.000000e+00 -7.749410e+00
      vertex   1.982000e+01 2.000000e+00 -7.620000e+00
    endloop
  endfacet
  facet normal 0.000000e+00 1.000000e+00 0.000000e+00
    outer loop
      vertex   2.082000e+01 2.000000e+00 -7.620000e+00
      vertex   1.982000e+01 2.000000e+00 -7.620000e+00
      vertex   2.080296e+01 2.000000e+00 -7.490590e+00
    endloop
  endfacet
  facet normal 0.000000e+00 1.000000e+00 0.000000e+00
    outer loop
      vertex   2.080296e+01 2.000000e+00 -7.490590e+00
      vertex   1.982000e+01 2.000000e+00 -7.620000e+00
      vertex   1.983704e+01 2.000000e+00 -7.490590e+00
    endloop
  endfacet
  facet normal 0.000000e+00 1.000000e+00 0.000000e+00
    outer loop
      vertex   2.080296e+01 2.000000e+00 -7.490590e+00
      vertex   1.983704e+01 2.000000e+00 -7.490590e+00
      vertex   2.075301e+01 2.000000e+00 -7.370000e+00
    endloop
  endfacet
  facet normal 0.000000e+00 1.000000e+00 0.000000e+00
    outer loop
      vertex   2.075301e+01 2.000000e+00 -7.370000e+00
      vertex   1.983704e+01 2.000000e+00 -7.490590e+00
      vertex   1.988699e+01 2.000000e+00 -7.370000e+00
    endloop
  endfacet
  facet normal 0.000000e+00 1.000000e+00 0.000000e+00
    outer loop
      vertex   2.075301e+01 2.000000e+00 -7.370000e+00
      vertex   1.988699e+01 2.000000e+00 -7.370000e+00
      vertex   2.067355e+01 2.000000e+00 -7.266447e+00
    endloop
  endfacet
  facet normal 0.000000e+00 1.000000e+00 0.000000e+00
    outer loop
      vertex   2.067355e+01 2.000000e+00 -7.266447e+00
      vertex   1.988699e+01 2.000000e+00 -7.370000e+00
      vertex   1.996645e+01 2.000000e+00 -7.266447e+00
    endloop
  endfacet
  facet normal 0.000000e+00 1.000000e+00 0.000000e+00
    outer loop
      vertex   2.067355e+01 2.000000e+00 -7.266447e+00
      vertex   1.996645e+01 2.000000e+00 -7.266447e+00
      vertex   2.057000e+01 2.000000e+00 -7.186987e+00
    endloop
  endfacet
  facet normal 0.000000e+00 1.000000e+00 0.000000e+00
    outer loop
      vertex   2.057000e+01 2.000000e+00 -7.186987e+00
      vertex   1.996645e+01 2.000000e+00 -7.266447e+00
      vertex   2.007000e+01 2.000000e+00 -7.186987e+00
    endloop
  endfacet
  facet normal 0.000000e+00 1.000000e+00 0.000000e+00
    outer loop
      vertex   2.057000e+01 2.000000e+00 -7.186987e+00
      vertex   2.007000e+01 2.000000e+00 -7.186987e+00
      vertex   2.044941e+01 2.000000e+00 -7.137037e+00
    endloop
  endfacet
  facet normal 0.000000e+00 1.000000e+00 0.000000e+00
    outer loop
      vertex   2.044941e+01 2.000000e+00 -7.137037e+00
      vertex   2.007000e+01 2.000000e+00 -7.186987e+00
      vertex   2.019059e+01 2.000000e+00 -7.137037e+00
    endloop
  endfacet
  facet normal 0.000000e+00 1.000000e+00 0.000000e+00
    outer loop
      vertex   2.044941e+01 2.000000e+00 -7.137037e+00
      vertex   2.019059e+01 2.000000e+00 -7.137037e+00
      vertex   2.032000e+01 2.000000e+00 -7.120000e+00
    endloop
  endfacet
  facet normal -0.000000e+00 1.000000e+00 0.000000e+00
    outer loop
      vertex   1.983704e+01 2.000000e+00 -7.749410e+00
      vertex   2.080296e+01 2.000000e+00 -7.749410e+00
      vertex   1.988699e+01 2.000000e+00 -7.870000e+00
    endloop
  endfacet
  facet normal 0.000000e+00 1.000000e+00 0.000000e+00
    outer loop
      vertex   1.988699e+01 2.000000e+00 -7.870000e+00
      vertex   2.080296e+01 2.000000e+00 -7.749410e+00
      vertex   2.075301e+01 2.000000e+00 -7.870000e+00
    endloop
  endfacet
  facet normal -0.000000e+00 1.000000e+00 0.000000e+00
    outer loop
      vertex   1.988699e+01 2.000000e+00 -7.870000e+00
      vertex   2.075301e+01 2.000000e+00 -7.870000e+00
      vertex   1.996645e+01 2.000000e+00 -7.973553e+00
    endloop
  endfacet
  facet normal -0.000000e+00 1.000000e+00 0.000000e+00
    outer loop
      vertex   1.996645e+01 2.000000e+00 -7.973553e+00
      vertex   2.075301e+01 2.000000e+00 -7.870000e+00
      vertex   2.067355e+01 2.000000e+00 -7.973553e+00
    endloop
  endfacet
  facet normal 0.000000e+00 1.000000e+00 0.000000e+00
    outer loop
      vertex   1.996645e+01 2.000000e+00 -7.973553e+00
      vertex   2.067355e+01 2.000000e+00 -7.973553e+00
      vertex   2.007000e+01 2.000000e+00 -8.053013e+00
    endloop
  endfacet
  facet normal 0.000000e+00 1.000000e+00 0.000000e+00
    outer loop
      vertex   2.007000e+01 2.000000e+00 -8.053013e+00
      vertex   2.067355e+01 2.000000e+00 -7.973553e+00
      vertex   2.057000e+01 2.000000e+00 -8.053013e+00
    endloop
  endfacet
  facet normal -0.000000e+00 1.000000e+00 0.000000e+00
    outer loop
      vertex   2.007000e+01 2.000000e+00 -8.053013e+00
      vertex   2.057000e+01 2.000000e+00 -8.053013e+00
      vertex   2.019059e+01 2.000000e+00 -8.102963e+00
    endloop
  endfacet
  facet normal 0.000000e+00 1.000000e+00 0.000000e+00
    outer loop
      vertex   2.019059e+01 2.000000e+00 -8.102963e+00
      vertex   2.057000e+01 2.000000e+00 -8.053013e+00
      vertex   2.044941e+01 2.000000e+00 -8.102963e+00
    endloop
  endfacet
  facet normal -0.000000e+00 1.000000e+00 0.000000e+00
    outer loop
      vertex   2.019059e+01 2.000000e+00 -8.102963e+00
      vertex   2.044941e+01 2.000000e+00 -8.102963e+00
      vertex   2.032000e+01 2.000000e+00 -8.120000e+00
    endloop
  endfacet
  facet normal 9.914449e-01 0.000000e+00 1.305262e-01
    outer loop
      vertex   -1.983704e+01 2.000000e+00 7.749410e+00
      vertex   -1.983704e+01 1.000000e+00 7.749410e+00
      vertex   -1.982000e+01 2.000000e+00 7.620000e+00
    endloop
  endfacet
  facet normal 9.914449e-01 0.000000e+00 1.305262e-01
    outer loop
      vertex   -1.982000e+01 2.000000e+00 7.620000e+00
      vertex   -1.983704e+01 1.000000e+00 7.749410e+00
      vertex   -1.982000e+01 1.000000e+00 7.620000e+00
    endloop
  endfacet
  facet normal 9.914449e-01 0.000000e+00 -1.305262e-01
    outer loop
      vertex   -1.982000e+01 2.000000e+00 7.620000e+00
      vertex   -1.982000e+01 1.000000e+00 7.620000e+00
      vertex   -1.983704e+01 2.000000e+00 7.490590e+00
    endloop
  endfacet
  facet normal 9.914449e-01 0.000000e+00 -1.305262e-01
    outer loop
      vertex   -1.983704e+01 2.000000e+00 7.490590e+00
      vertex   -1.982000e+01 1.000000e+00 7.620000e+00
      vertex   -1.983704e+01 1.000000e+00 7.490590e+00
    endloop
  endfacet
  facet normal 9.238795e-01 0.000000e+00 -3.826834e-01
    outer loop
      vertex   -1.983704e+01 2.000000e+00 7.490590e+00
      vertex   -1.983704e+01 1.000000e+00 7.490590e+00
      vertex   -1.988699e+01 2.000000e+00 7.370000e+00
    endloop
  endfacet
  facet normal 9.238795e-01 0.000000e+00 -3.826834e-01
    outer loop
      vertex   -1.988699e+01 2.000000e+00 7.370000e+00
      vertex   -1.983704e+01 1.000000e+00 7.490590e+00
      vertex   -1.988699e+01 1.000000e+00 7.370000e+00
    endloop
  endfacet
  facet normal 7.933533e-01 0.000000e+00 -6.087614e-01
    outer loop
      vertex   -1.988699e+01 2.000000e+00 7.370000e+00
      vertex   -1.988699e+01 1.000000e+00 7.370000e+00
      vertex   -1.996645e+01 2.000000e+00 7.266447e+00
    endloop
  endfacet
  facet normal 7.933533e-01 0.000000e+00 -6.087614e-01
    outer loop
      vertex   -1.996645e+01 2.000000e+00 7.266447e+00
      vertex   -1.988699e+01 1.000000e+00 7.370000e+00
      vertex   -1.996645e+01 1.000000e+00 7.266447e+00
    endloop
  endfacet
  facet normal 6.087614e-01 0.000000e+00 -7.933533e-01
    outer loop
      vertex   -1.996645e+01 2.000000e+00 7.266447e+00
      vertex   -1.996645e+01 1.000000e+00 7.266447e+00
      vertex   -2.007000e+01 2.000000e+00 7.186987e+00
    endloop
  endfacet
  facet normal 6.087614e-01 -2.162755e-15 -7.933533e-01
    outer loop
      vertex   -2.007000e+01 2.000000e+00 7.186987e+00
      vertex   -1.996645e+01 1.000000e+00 7.266447e+00
      vertex   -2.007000e+01 1.000000e+00 7.186987e+00
    endloop
  endfacet
  facet normal 3.826834e-01 -1.359565e-15 -9.238795e-01
    outer loop
      vertex   -2.007000e+01 2.000000e+00 7.186987e+00
      vertex   -2.007000e+01 1.000000e+00 7.186987e+00
      vertex   -2.019059e+01 2.000000e+00 7.137037e+00
    endloop
  endfacet
  facet normal 3.826834e-01 0.000000e+00 -9.238795e-01
    outer loop
      vertex   -2.019059e+01 2.000000e+00 7.137037e+00
      vertex   -2.007000e+01 1.000000e+00 7.186987e+00
      vertex   -2.019059e+01 1.000000e+00 7.137037e+00
    endloop
  endfacet
  facet normal 1.305262e-01 0.000000e+00 -9.914449e-01
    outer loop
      vertex   -2.019059e+01 2.000000e+00 7.137037e+00
      vertex   -2.019059e+01 1.000000e+00 7.137037e+00
      vertex   -2.032000e+01 2.000000e+00 7.120000e+00
    endloop
  endfacet
  facet normal 1.305262e-01 0.000000e+00 -9.914449e-01
    outer loop
      vertex   -2.032000e+01 2.000000e+00 7.120000e+00
      vertex   -2.019059e+01 1.000000e+00 7.137037e+00
      vertex   -2.032000e+01 1.000000e+00 7.120000e+00
    endloop
  endfacet
  facet normal -1.305262e-01 -0.000000e+00 -9.914449e-01
    outer loop
      vertex   -2.032000e+01 2.000000e+00 7.120000e+00
      vertex   -2.032000e+01 1.000000e+00 7.120000e+00
      vertex   -2.044941e+01 2.000000e+00 7.137037e+00
    endloop
  endfacet
  facet normal -1.305262e-01 -0.000000e+00 -9.914449e-01
    outer loop
      vertex   -2.044941e+01 2.000000e+00 7.137037e+00
      vertex   -2.032000e+01 1.000000e+00 7.120000e+00
      vertex   -2.044941e+01 1.000000e+00 7.137037e+00
    endloop
  endfacet
  facet normal -3.826834e-01 -0.000000e+00 -9.238795e-01
    outer loop
      vertex   -2.044941e+01 2.000000e+00 7.137037e+00
      vertex   -2.044941e+01 1.000000e+00 7.137037e+00
      vertex   -2.057000e+01 2.000000e+00 7.186987e+00
    endloop
  endfacet
  facet normal -3.826834e-01 1.359565e-15 -9.238795e-01
    outer loop
      vertex   -2.057000e+01 2.000000e+00 7.186987e+00
      vertex   -2.044941e+01 1.000000e+00 7.137037e+00
      vertex   -2.057000e+01 1.000000e+00 7.186987e+00
    endloop
  endfacet
  facet normal -6.087614e-01 2.162755e-15 -7.933533e-01
    outer loop
      vertex   -2.057000e+01 2.000000e+00 7.186987e+00
      vertex   -2.057000e+01 1.000000e+00 7.186987e+00
      vertex   -2.067355e+01 2.000000e+00 7.266447e+00
    endloop
  endfacet
  facet normal -6.087614e-01 -0.000000e+00 -7.933533e-01
    outer loop
      vertex   -2.067355e+01 2.000000e+00 7.266447e+00
      vertex   -2.057000e+01 1.000000e+00 7.186987e+00
      vertex   -2.067355e+01 1.000000e+00 7.266447e+00
    endloop
  endfacet
  facet normal -7.933533e-01 -0.000000e+00 -6.087614e-01
    outer loop
      vertex   -2.067355e+01 2.000000e+00 7.266447e+00
      vertex   -2.067355e+01 1.000000e+00 7.266447e+00
      vertex   -2.075301e+01 2.000000e+00 7.370000e+00
    endloop
  endfacet
  facet normal -7.933533e-01 -0.000000e+00 -6.087614e-01
    outer loop
      vertex   -2.075301e+01 2.000000e+00 7.370000e+00
      vertex   -2.067355e+01 1.000000e+00 7.266447e+00
      vertex   -2.075301e+01 1.000000e+00 7.370000e+00
    endloop
  endfacet
  facet normal -9.238795e-01 -0.000000e+00 -3.826834e-01
    outer loop
      vertex   -2.075301e+01 2.000000e+00 7.370000e+00
      vertex   -2.075301e+01 1.000000e+00 7.370000e+00
      vertex   -2.080296e+01 2.000000e+00 7.490590e+00
    endloop
  endfacet
  facet normal -9.238795e-01 -3.398912e-16 -3.826834e-01
    outer loop
      vertex   -2.080296e+01 2.000000e+00 7.490590e+00
      vertex   -2.075301e+01 1.000000e+00 7.370000e+00
      vertex   -2.080296e+01 1.000000e+00 7.490590e+00
    endloop
  endfacet
  facet normal -9.914449e-01 -1.159305e-16 -1.305262e-01
    outer loop
      vertex   -2.080296e+01 2.000000e+00 7.490590e+00
      vertex   -2.080296e+01 1.000000e+00 7.490590e+00
      vertex   -2.082000e+01 2.000000e+00 7.620000e+00
    endloop
  endfacet
  facet normal -9.914449e-01 -0.000000e+00 -1.305262e-01
    outer loop
      vertex   -2.082000e+01 2.000000e+00 7.620000e+00
      vertex   -2.080296e+01 1.000000e+00 7.490590e+00
      vertex   -2.082000e+01 1.000000e+00 7.620000e+00
    endloop
  endfacet
  facet normal -9.914449e-01 0.000000e+00 1.305262e-01
    outer loop
      vertex   -2.082000e+01 2.000000e+00 7.620000e+00
      vertex   -2.082000e+01 1.000000e+00 7.620000e+00
      vertex   -2.080296e+01 2.000000e+00 7.749410e+00
    endloop
  endfacet
  facet normal -9.914449e-01 1.159305e-16 1.305262e-01
    outer loop
      vertex   -2.080296e+01 2.000000e+00 7.749410e+00
      vertex   -2.082000e+01 1.000000e+00 7.620000e+00
      vertex   -2.080296e+01 1.000000e+00 7.749410e+00
    endloop
  endfacet
  facet normal -9.238795e-01 3.398912e-16 3.826834e-01
    outer loop
      vertex   -2.080296e+01 2.000000e+00 7.749410e+00
      vertex   -2.080296e+01 1.000000e+00 7.749410e+00
      vertex   -2.075301e+01 2.000000e+00 7.870000e+00
    endloop
  endfacet
  facet normal -9.238795e-01 0.000000e+00 3.826834e-01
    outer loop
      vertex   -2.075301e+01 2.000000e+00 7.870000e+00
      vertex   -2.080296e+01 1.000000e+00 7.749410e+00
      vertex   -2.075301e+01 1.000000e+00 7.870000e+00
    endloop
  endfacet
  facet normal -7.933533e-01 0.000000e+00 6.087614e-01
    outer loop
      vertex   -2.075301e+01 2.000000e+00 7.870000e+00
      vertex   -2.075301e+01 1.000000e+00 7.870000e+00
      vertex   -2.067355e+01 2.000000e+00 7.973553e+00
    endloop
  endfacet
  facet normal -7.933533e-01 0.000000e+00 6.087614e-01
    outer loop
      vertex   -2.067355e+01 2.000000e+00 7.973553e+00
      vertex   -2.075301e+01 1.000000e+00 7.870000e+00
      vertex   -2.067355e+01 1.000000e+00 7.973553e+00
    endloop
  endfacet
  facet normal -6.087614e-01 0.000000e+00 7.933533e-01
    outer loop
      vertex   -2.067355e+01 2.000000e+00 7.973553e+00
      vertex   -2.067355e+01 1.000000e+00 7.973553e+00
      vertex   -2.057000e+01 2.000000e+00 8.053013e+00
    endloop
  endfacet
  facet normal -6.087614e-01 -2.162755e-15 7.933533e-01
    outer loop
      vertex   -2.057000e+01 2.000000e+00 8.053013e+00
      vertex   -2.067355e+01 1.000000e+00 7.973553e+00
      vertex   -2.057000e+01 1.000000e+00 8.053013e+00
    endloop
  endfacet
  facet normal -3.826834e-01 -1.359565e-15 9.238795e-01
    outer loop
      vertex   -2.057000e+01 2.000000e+00 8.053013e+00
      vertex   -2.057000e+01 1.000000e+00 8.053013e+00
      vertex   -2.044941e+01 2.000000e+00 8.102963e+00
    endloop
  endfacet
  facet normal -3.826834e-01 0.000000e+00 9.238795e-01
    outer loop
      vertex   -2.044941e+01 2.000000e+00 8.102963e+00
      vertex   -2.057000e+01 1.000000e+00 8.053013e+00
      vertex   -2.044941e+01 1.000000e+00 8.102963e+00
    endloop
  endfacet
  facet normal -1.305262e-01 0.000000e+00 9.914449e-01
    outer loop
      vertex   -2.044941e+01 2.000000e+00 8.102963e+00
      vertex   -2.044941e+01 1.000000e+00 8.102963e+00
      vertex   -2.032000e+01 2.000000e+00 8.120000e+00
    endloop
  endfacet
  facet normal -1.305262e-01 0.000000e+00 9.914449e-01
    outer loop
      vertex   -2.032000e+01 2.000000e+00 8.120000e+00
      vertex   -2.044941e+01 1.000000e+00 8.102963e+00
      vertex   -2.032000e+01 1.000000e+00 8.120000e+00
    endloop
  endfacet
  facet normal 1.305262e-01 0.000000e+00 9.914449e-01
    outer loop
      vertex   -2.032000e+01 2.000000e+00 8.120000e+00
      vertex   -2.032000e+01 1.000000e+00 8.120000e+00
      vertex   -2.019059e+01 2.000000e+00 8.102963e+00
    endloop
  endfacet
  facet normal 1.305262e-01 0.000000e+00 9.914449e-01
    outer loop
      vertex   -2.019059e+01 2.000000e+00 8.102963e+00
      vertex   -2.032000e+01 1.000000e+00 8.120000e+00
      vertex   -2.019059e+01 1.000000e+00 8.102963e+00
    endloop
  endfacet
  facet normal 3.826834e-01 0.000000e+00 9.238795e-01
    outer loop
      vertex   -2.019059e+01 2.000000e+00 8.102963e+00
      vertex   -2.019059e+01 1.000000e+00 8.102963e+00
      vertex   -2.007000e+01 2.000000e+00 8.053013e+00
    endloop
  endfacet
  facet normal 3.826834e-01 1.359565e-15 9.238795e-01
    outer loop
      vertex   -2.007000e+01 2.000000e+00 8.053013e+00
      vertex   -2.019059e+01 1.000000e+00 8.102963e+00
      vertex   -2.007000e+01 1.000000e+00 8.053013e+00
    endloop
  endfacet
  facet normal 6.087614e-01 2.162755e-15 7.933533e-01
    outer loop
      vertex   -2.007000e+01 2.000000e+00 8.053013e+00
      vertex   -2.007000e+01 1.000000e+00 8.053013e+00
      vertex   -1.996645e+01 2.000000e+00 7.973553e+00
    endloop
  endfacet
  facet normal 6.087614e-01 0.000000e+00 7.933533e-01
    outer loop
      vertex   -1.996645e+01 2.000000e+00 7.973553e+00
      vertex   -2.007000e+01 1.000000e+00 8.053013e+00
      vertex   -1.996645e+01 1.000000e+00 7.973553e+00
    endloop
  endfacet
  facet normal 7.933533e-01 0.000000e+00 6.087614e-01
    outer loop
      vertex   -1.996645e+01 2.000000e+00 7.973553e+00
      vertex   -1.996645e+01 1.000000e+00 7.973553e+00
      vertex   -1.988699e+01 2.000000e+00 7.870000e+00
    endloop
  endfacet
  facet normal 7.933533e-01 0.000000e+00 6.087614e-01
    outer loop
      vertex   -1.988699e+01 2.000000e+00 7.870000e+00
      vertex   -1.996645e+01 1.000000e+00 7.973553e+00
      vertex   -1.988699e+01 1.000000e+00 7.870000e+00
    endloop
  endfacet
  facet normal 9.238795e-01 0.000000e+00 3.826834e-01
    outer loop
      vertex   -1.988699e+01 2.000000e+00 7.870000e+00
      vertex   -1.988699e+01 1.000000e+00 7.870000e+00
      vertex   -1.983704e+01 2.000000e+00 7.749410e+00
    endloop
  endfacet
  facet normal 9.238795e-01 0.000000e+00 3.826834e-01
    outer loop
      vertex   -1.983704e+01 2.000000e+00 7.749410e+00
      vertex   -1.988699e+01 1.000000e+00 7.870000e+00
      vertex   -1.983704e+01 1.000000e+00 7.749410e+00
    endloop
  endfacet
  facet normal 0.000000e+00 1.000000e+00 -0.000000e+00
    outer loop
      vertex   -1.983704e+01 2.000000e+00 7.490590e+00
      vertex   -2.080296e+01 2.000000e+00 7.490590e+00
      vertex   -1.982000e+01 2.000000e+00 7.620000e+00
    endloop
  endfacet
  facet normal 0.000000e+00 1.000000e+00 0.000000e+00
    outer loop
      vertex   -1.982000e+01 2.000000e+00 7.620000e+00
      vertex   -2.080296e+01 2.000000e+00 7.490590e+00
      vertex   -2.082000e+01 2.000000e+00 7.620000e+00
    endloop
  endfacet
  facet normal 0.000000e+00 1.000000e+00 0.000000e+00
    outer loop
      vertex   -1.982000e+01 2.000000e+00 7.620000e+00
      vertex   -2.082000e+01 2.000000e+00 7.620000e+00
      vertex   -1.983704e+01 2.000000e+00 7.749410e+00
    endloop
  endfacet
  facet normal 0.000000e+00 1.000000e+00 0.000000e+00
    outer loop
      vertex   -1.983704e+01 2.000000e+00 7.749410e+00
      vertex   -2.082000e+01 2.000000e+00 7.620000e+00
      vertex   -2.080296e+01 2.000000e+00 7.749410e+00
    endloop
  endfacet
  facet normal 0.000000e+00 1.000000e+00 0.000000e+00
    outer loop
      vertex   -1.983704e+01 2.000000e+00 7.749410e+00
      vertex   -2.080296e+01 2.000000e+00 7.749410e+00
      vertex   -1.988699e+01 2.000000e+00 7.870000e+00
    endloop
  endfacet
  facet normal 0.000000e+00 1.000000e+00 0.000000e+00
    outer loop
      vertex   -1.988699e+01 2.000000e+00 7.870000e+00
      vertex   -2.080296e+01 2.000000e+00 7.749410e+00
      vertex   -2.075301e+01 2.000000e+00 7.870000e+00
    endloop
  endfacet
  facet normal 0.000000e+00 1.000000e+00 0.000000e+00
    outer loop
      vertex   -1.988699e+01 2.000000e+00 7.870000e+00
      vertex   -2.075301e+01 2.000000e+00 7.870000e+00
      vertex   -1.996645e+01 2.000000e+00 7.973553e+00
    endloop
  endfacet
  facet normal 0.000000e+00 1.000000e+00 0.000000e+00
    outer loop
      vertex   -1.996645e+01 2.000000e+00 7.973553e+00
      vertex   -2.075301e+01 2.000000e+00 7.870000e+00
      vertex   -2.067355e+01 2.000000e+00 7.973553e+00
    endloop
  endfacet
  facet normal 0.000000e+00 1.000000e+00 0.000000e+00
    outer loop
      vertex   -1.996645e+01 2.000000e+00 7.973553e+00
      vertex   -2.067355e+01 2.000000e+00 7.973553e+00
      vertex   -2.007000e+01 2.000000e+00 8.053013e+00
    endloop
  endfacet
  facet normal 0.000000e+00 1.000000e+00 0.000000e+00
    outer loop
      vertex   -2.007000e+01 2.000000e+00 8.053013e+00
      vertex   -2.067355e+01 2.000000e+00 7.973553e+00
      vertex   -2.057000e+01 2.000000e+00 8.053013e+00
    endloop
  endfacet
  facet normal 0.000000e+00 1.000000e+00 0.000000e+00
    outer loop
      vertex   -2.007000e+01 2.000000e+00 8.053013e+00
      vertex   -2.057000e+01 2.000000e+00 8.053013e+00
      vertex   -2.019059e+01 2.000000e+00 8.102963e+00
    endloop
  endfacet
  facet normal 0.000000e+00 1.000000e+00 0.000000e+00
    outer loop
      vertex   -2.019059e+01 2.000000e+00 8.102963e+00
      vertex   -2.057000e+01 2.000000e+00 8.053013e+00
      vertex   -2.044941e+01 2.000000e+00 8.102963e+00
    endloop
  endfacet
  facet normal 0.000000e+00 1.000000e+00 0.000000e+00
    outer loop
      vertex   -2.019059e+01 2.000000e+00 8.102963e+00
      vertex   -2.044941e+01 2.000000e+00 8.102963e+00
      vertex   -2.032000e+01 2.000000e+00 8.120000e+00
    endloop
  endfacet
  facet normal -0.000000e+00 1.000000e+00 0.000000e+00
    outer loop
      vertex   -2.080296e+01 2.000000e+00 7.490590e+00
      vertex   -1.983704e+01 2.000000e+00 7.490590e+00
      vertex   -2.075301e+01 2.000000e+00 7.370000e+00
    endloop
  endfacet
  facet normal 0.000000e+00 1.000000e+00 0.000000e+00
    outer loop
      vertex   -2.075301e+01 2.000000e+00 7.370000e+00
      vertex   -1.983704e+01 2.000000e+00 7.490590e+00
      vertex   -1.988699e+01 2.000000e+00 7.370000e+00
    endloop
  endfacet
  facet normal -0.000000e+00 1.000000e+00 0.000000e+00
    outer loop
      vertex   -2.075301e+01 2.000000e+00 7.370000e+00
      vertex   -1.988699e+01 2.000000e+00 7.370000e+00
      vertex   -2.067355e+01 2.000000e+00 7.266447e+00
    endloop
  endfacet
  facet normal 0.000000e+00 1.000000e+00 0.000000e+00
    outer loop
      vertex   -2.067355e+01 2.000000e+00 7.266447e+00
      vertex   -1.988699e+01 2.000000e+00 7.370000e+00
      vertex   -1.996645e+01 2.000000e+00 7.266447e+00
    endloop
  endfacet
  facet normal -0.000000e+00 1.000000e+00 0.000000e+00
    outer loop
      vertex   -2.067355e+01 2.000000e+00 7.266447e+00
      vertex   -1.996645e+01 2.000000e+00 7.266447e+00
      vertex   -2.057000e+01 2.000000e+00 7.186987e+00
    endloop
  endfacet
  facet normal 0.000000e+00 1.000000e+00 0.000000e+00
    outer loop
      vertex   -2.057000e+01 2.000000e+00 7.186987e+00
      vertex   -1.996645e+01 2.000000e+00 7.266447e+00
      vertex   -2.007000e+01 2.000000e+00 7.186987e+00
    endloop
  endfacet
  facet normal -0.000000e+00 1.000000e+00 0.000000e+00
    outer loop
      vertex   -2.057000e+01 2.000000e+00 7.186987e+00
      vertex   -2.007000e+01 2.000000e+00 7.186987e+00
      vertex   -2.044941e+01 2.000000e+00 7.137037e+00
    endloop
  endfacet
  facet normal 0.000000e+00 1.000000e+00 0.000000e+00
    outer loop
      vertex   -2.044941e+01 2.000000e+00 7.137037e+00
      vertex   -2.007000e+01 2.000000e+00 7.186987e+00
      vertex   -2.019059e+01 2.000000e+00 7.137037e+00
    endloop
  endfacet
  facet normal -0.000000e+00 1.000000e+00 0.000000e+00
    outer loop
      vertex   -2.044941e+01 2.000000e+00 7.137037e+00
      vertex   -2.019059e+01 2.000000e+00 7.137037e+00
      vertex   -2.032000e+01 2.000000e+00 7.120000e+00
    endloop
  endfacet
  facet normal 9.914449e-01 0.000000e+00 1.305262e-01
    outer loop
      vertex   -1.983704e+01 2.000000e+00 -7.490590e+00
      vertex   -1.983704e+01 1.000000e+00 -7.490590e+00
      vertex   -1.982000e+01 2.000000e+00 -7.620000e+00
    endloop
  endfacet
  facet normal 9.914449e-01 0.000000e+00 1.305262e-01
    outer loop
      vertex   -1.982000e+01 2.000000e+00 -7.620000e+00
      vertex   -1.983704e+01 1.000000e+00 -7.490590e+00
      vertex   -1.982000e+01 1.000000e+00 -7.620000e+00
    endloop
  endfacet
  facet normal 9.914449e-01 0.000000e+00 -1.305262e-01
    outer loop
      vertex   -1.982000e+01 2.000000e+00 -7.620000e+00
      vertex   -1.982000e+01 1.000000e+00 -7.620000e+00
      vertex   -1.983704e+01 2.000000e+00 -7.749410e+00
    endloop
  endfacet
  facet normal 9.914449e-01 0.000000e+00 -1.305262e-01
    outer loop
      vertex   -1.983704e+01 2.000000e+00 -7.749410e+00
      vertex   -1.982000e+01 1.000000e+00 -7.620000e+00
      vertex   -1.983704e+01 1.000000e+00 -7.749410e+00
    endloop
  endfacet
  facet normal 9.238795e-01 0.000000e+00 -3.826834e-01
    outer loop
      vertex   -1.983704e+01 2.000000e+00 -7.749410e+00
      vertex   -1.983704e+01 1.000000e+00 -7.749410e+00
      vertex   -1.988699e+01 2.000000e+00 -7.870000e+00
    endloop
  endfacet
  facet normal 9.238795e-01 0.000000e+00 -3.826834e-01
    outer loop
      vertex   -1.988699e+01 2.000000e+00 -7.870000e+00
      vertex   -1.983704e+01 1.000000e+00 -7.749410e+00
      vertex   -1.988699e+01 1.000000e+00 -7.870000e+00
    endloop
  endfacet
  facet normal 7.933533e-01 0.000000e+00 -6.087614e-01
    outer loop
      vertex   -1.988699e+01 2.000000e+00 -7.870000e+00
      vertex   -1.988699e+01 1.000000e+00 -7.870000e+00
      vertex   -1.996645e+01 2.000000e+00 -7.973553e+00
    endloop
  endfacet
  facet normal 7.933533e-01 0.000000e+00 -6.087614e-01
    outer loop
      vertex   -1.996645e+01 2.000000e+00 -7.973553e+00
      vertex   -1.988699e+01 1.000000e+00 -7.870000e+00
      vertex   -1.996645e+01 1.000000e+00 -7.973553e+00
    endloop
  endfacet
  facet normal 6.087614e-01 0.000000e+00 -7.933533e-01
    outer loop
      vertex   -1.996645e+01 2.000000e+00 -7.973553e+00
      vertex   -1.996645e+01 1.000000e+00 -7.973553e+00
      vertex   -2.007000e+01 2.000000e+00 -8.053013e+00
    endloop
  endfacet
  facet normal 6.087614e-01 -2.162755e-15 -7.933533e-01
    outer loop
      vertex   -2.007000e+01 2.000000e+00 -8.053013e+00
      vertex   -1.996645e+01 1.000000e+00 -7.973553e+00
      vertex   -2.007000e+01 1.000000e+00 -8.053013e+00
    endloop
  endfacet
  facet normal 3.826834e-01 -1.359565e-15 -9.238795e-01
    outer loop
      vertex   -2.007000e+01 2.000000e+00 -8.053013e+00
      vertex   -2.007000e+01 1.000000e+00 -8.053013e+00
      vertex   -2.019059e+01 2.000000e+00 -8.102963e+00
    endloop
  endfacet
  facet normal 3.826834e-01 0.000000e+00 -9.238795e-01
    outer loop
      vertex   -2.019059e+01 2.000000e+00 -8.102963e+00
      vertex   -2.007000e+01 1.000000e+00 -8.053013e+00
      vertex   -2.019059e+01 1.000000e+00 -8.102963e+00
    endloop
  endfacet
  facet normal 1.305262e-01 0.000000e+00 -9.914449e-01
    outer loop
      vertex   -2.019059e+01 2.000000e+00 -8.102963e+00
      vertex   -2.019059e+01 1.000000e+00 -8.102963e+00
      vertex   -2.032000e+01 2.000000e+00 -8.120000e+00
    endloop
  endfacet
  facet normal 1.305262e-01 0.000000e+00 -9.914449e-01
    outer loop
      vertex   -2.032000e+01 2.000000e+00 -8.120000e+00
      vertex   -2.019059e+01 1.000000e+00 -8.102963e+00
      vertex   -2.032000e+01 1.000000e+00 -8.120000e+00
    endloop
  endfacet
  facet normal -1.305262e-01 -0.000000e+00 -9.914449e-01
    outer loop
      vertex   -2.032000e+01 2.000000e+00 -8.120000e+00
      vertex   -2.032000e+01 1.000000e+00 -8.120000e+00
      vertex   -2.044941e+01 2.000000e+00 -8.102963e+00
    endloop
  endfacet
  facet normal -1.305262e-01 -0.000000e+00 -9.914449e-01
    outer loop
      vertex   -2.044941e+01 2.000000e+00 -8.102963e+00
      vertex   -2.032000e+01 1.000000e+00 -8.120000e+00
      vertex   -2.044941e+01 1.000000e+00 -8.102963e+00
    endloop
  endfacet
  facet normal -3.826834e-01 -0.000000e+00 -9.238795e-01
    outer loop
      vertex   -2.044941e+01 2.000000e+00 -8.102963e+00
      vertex   -2.044941e+01 1.000000e+00 -8.102963e+00
      vertex   -2.057000e+01 2.000000e+00 -8.053013e+00
    endloop
  endfacet
  facet normal -3.826834e-01 1.359565e-15 -9.238795e-01
    outer loop
      vertex   -2.057000e+01 2.000000e+00 -8.053013e+00
      vertex   -2.044941e+01 1.000000e+00 -8.102963e+00
      vertex   -2.057000e+01 1.000000e+00 -8.053013e+00
    endloop
  endfacet
  facet normal -6.087614e-01 2.162755e-15 -7.933533e-01
    outer loop
      vertex   -2.057000e+01 2.000000e+00 -8.053013e+00
      vertex   -2.057000e+01 1.000000e+00 -8.053013e+00
      vertex   -2.067355e+01 2.000000e+00 -7.973553e+00
    endloop
  endfacet
  facet normal -6.087614e-01 -0.000000e+00 -7.933533e-01
    outer loop
      vertex   -2.067355e+01 2.000000e+00 -7.973553e+00
      vertex   -2.057000e+01 1.000000e+00 -8.053013e+00
      vertex   -2.067355e+01 1.000000e+00 -7.973553e+00
    endloop
  endfacet
  facet normal -7.933533e-01 -0.000000e+00 -6.087614e-01
    outer loop
      vertex   -2.067355e+01 2.000000e+00 -7.973553e+00
      vertex   -2.067355e+01 1.000000e+00 -7.973553e+00
      vertex   -2.075301e+01 2.000000e+00 -7.870000e+00
    endloop
  endfacet
  facet normal -7.933533e-01 -0.000000e+00 -6.087614e-01
    outer loop
      vertex   -2.075301e+01 2.000000e+00 -7.870000e+00
      vertex   -2.067355e+01 1.000000e+00 -7.973553e+00
      vertex   -2.075301e+01 1.000000e+00 -7.870000e+00
    endloop
  endfacet
  facet normal -9.238795e-01 -0.000000e+00 -3.826834e-01
    outer loop
      vertex   -2.075301e+01 2.000000e+00 -7.870000e+00
      vertex   -2.075301e+01 1.000000e+00 -7.870000e+00
      vertex   -2.080296e+01 2.000000e+00 -7.749410e+00
    endloop
  endfacet
  facet normal -9.238795e-01 -3.398912e-16 -3.826834e-01
    outer loop
      vertex   -2.080296e+01 2.000000e+00 -7.749410e+00
      vertex   -2.075301e+01 1.000000e+00 -7.870000e+00
      vertex   -2.080296e+01 1.000000e+00 -7.749410e+00
    endloop
  endfacet
  facet normal -9.914449e-01 -1.159305e-16 -1.305262e-01
    outer loop
      vertex   -2.080296e+01 2.000000e+00 -7.749410e+00
      vertex   -2.080296e+01 1.000000e+00 -7.749410e+00
      vertex   -2.082000e+01 2.000000e+00 -7.620000e+00
    endloop
  endfacet
  facet normal -9.914449e-01 -0.000000e+00 -1.305262e-01
    outer loop
      vertex   -2.082000e+01 2.000000e+00 -7.620000e+00
      vertex   -2.080296e+01 1.000000e+00 -7.749410e+00
      vertex   -2.082000e+01 1.000000e+00 -7.620000e+00
    endloop
  endfacet
  facet normal -9.914449e-01 0.000000e+00 1.305262e-01
    outer loop
      vertex   -2.082000e+01 2.000000e+00 -7.620000e+00
      vertex   -2.082000e+01 1.000000e+00 -7.620000e+00
      vertex   -2.080296e+01 2.000000e+00 -7.490590e+00
    endloop
  endfacet
  facet normal -9.914449e-01 1.159305e-16 1.305262e-01
    outer loop
      vertex   -2.080296e+01 2.000000e+00 -7.490590e+00
      vertex   -2.082000e+01 1.000000e+00 -7.620000e+00
      vertex   -2.080296e+01 1.000000e+00 -7.490590e+00
    endloop
  endfacet
  facet normal -9.238795e-01 3.398912e-16 3.826834e-01
    outer loop
      vertex   -2.080296e+01 2.000000e+00 -7.490590e+00
      vertex   -2.080296e+01 1.000000e+00 -7.490590e+00
      vertex   -2.075301e+01 2.000000e+00 -7.370000e+00
    endloop
  endfacet
  facet normal -9.238795e-01 0.000000e+00 3.826834e-01
    outer loop
      vertex   -2.075301e+01 2.000000e+00 -7.370000e+00
      vertex   -2.080296e+01 1.000000e+00 -7.490590e+00
      vertex   -2.075301e+01 1.000000e+00 -7.370000e+00
    endloop
  endfacet
  facet normal -7.933533e-01 0.000000e+00 6.087614e-01
    outer loop
      vertex   -2.075301e+01 2.000000e+00 -7.370000e+00
      vertex   -2.075301e+01 1.000000e+00 -7.370000e+00
      vertex   -2.067355e+01 2.000000e+00 -7.266447e+00
    endloop
  endfacet
  facet normal -7.933533e-01 0.000000e+00 6.087614e-01
    outer loop
      vertex   -2.067355e+01 2.000000e+00 -7.266447e+00
      vertex   -2.075301e+01 1.000000e+00 -7.370000e+00
      vertex   -2.067355e+01 1.000000e+00 -7.266447e+00
    endloop
  endfacet
  facet normal -6.087614e-01 0.000000e+00 7.933533e-01
    outer loop
      vertex   -2.067355e+01 2.000000e+00 -7.266447e+00
      vertex   -2.067355e+01 1.000000e+00 -7.266447e+00
      vertex   -2.057000e+01 2.000000e+00 -7.186987e+00
    endloop
  endfacet
  facet normal -6.087614e-01 -2.162755e-15 7.933533e-01
    outer loop
      vertex   -2.057000e+01 2.000000e+00 -7.186987e+00
      vertex   -2.067355e+01 1.000000e+00 -7.266447e+00
      vertex   -2.057000e+01 1.000000e+00 -7.186987e+00
    endloop
  endfacet
  facet normal -3.826834e-01 -1.359565e-15 9.238795e-01
    outer loop
      vertex   -2.057000e+01 2.000000e+00 -7.186987e+00
      vertex   -2.057000e+01 1.000000e+00 -7.186987e+00
      vertex   -2.044941e+01 2.000000e+00 -7.137037e+00
    endloop
  endfacet
  facet normal -3.826834e-01 0.000000e+00 9.238795e-01
    outer loop
      vertex   -2.044941e+01 2.000000e+00 -7.137037e+00
      vertex   -2.057000e+01 1.000000e+00 -7.186987e+00
      vertex   -2.044941e+01 1.000000e+00 -7.137037e+00
    endloop
  endfacet
  facet normal -1.305262e-01 0.000000e+00 9.914449e-01
    outer loop
      vertex   -2.044941e+01 2.000000e+00 -7.137037e+00
      vertex   -2.044941e+01 1.000000e+00 -7.137037e+00
      vertex   -2.032000e+01 2.000000e+00 -7.120000e+00
    endloop
  endfacet
  facet normal -1.305262e-01 0.000000e+00 9.914449e-01
    outer loop
      vertex   -2.032000e+01 2.000000e+00 -7.120000e+00
      vertex   -2.044941e+01 1.000000e+00 -7.137037e+00
      vertex   -2.032000e+01 1.000000e+00 -7.120000e+00
    endloop
  endfacet
  facet normal 1.305262e-01 0.000000e+00 9.914449e-01
    outer loop
      vertex   -2.032000e+01 2.000000e+00 -7.120000e+00
      vertex   -2.032000e+01 1.000000e+00 -7.120000e+00
      vertex   -2.019059e+01 2.000000e+00 -7.137037e+00
    endloop
  endfacet
  facet normal 1.305262e-01 0.000000e+00 9.914449e-01
    outer loop
      vertex   -2.019059e+01 2.000000e+00 -7.137037e+00
      vertex   -2.032000e+01 1.000000e+00 -7.120000e+00
      vertex   -2.019059e+01 1.000000e+00 -7.137037e+00
    endloop
  endfacet
  facet normal 3.826834e-01 0.000000e+00 9.238795e-01
    outer loop
      vertex   -2.019059e+01 2.000000e+00 -7.137037e+00
      vertex   -2.019059e+01 1.000000e+00 -7.137037e+00
      vertex   -2.007000e+01 2.000000e+00 -7.186987e+00
    endloop
  endfacet
  facet normal 3.826834e-01 1.359565e-15 9.238795e-01
    outer loop
      vertex   -2.007000e+01 2.000000e+00 -7.186987e+00
      vertex   -2.019059e+01 1.000000e+00 -7.137037e+00
      vertex   -2.007000e+01 1.000000e+00 -7.186987e+00
    endloop
  endfacet
  facet normal 6.087614e-01 2.162755e-15 7.933533e-01
    outer loop
      vertex   -2.007000e+01 2.000000e+00 -7.186987e+00
      vertex   -2.007000e+01 1.000000e+00 -7.186987e+00
      vertex   -1.996645e+01 2.000000e+00 -7.266447e+00
    endloop
  endfacet
  facet normal 6.087614e-01 0.000000e+00 7.933533e-01
    outer loop
      vertex   -1.996645e+01 2.000000e+00 -7.266447e+00
      vertex   -2.007000e+01 1.000000e+00 -7.186987e+00
      vertex   -1.996645e+01 1.000000e+00 -7.266447e+00
    endloop
  endfacet
  facet normal 7.933533e-01 0.000000e+00 6.087614e-01
    outer loop
      vertex   -1.996645e+01 2.000000e+00 -7.266447e+00
      vertex   -1.996645e+01 1.000000e+00 -7.266447e+00
      vertex   -1.988699e+01 2.000000e+00 -7.370000e+00
    endloop
  endfacet
  facet normal 7.933533e-01 0.000000e+00 6.087614e-01
    outer loop
      vertex   -1.988699e+01 2.000000e+00 -7.370000e+00
      vertex   -1.996645e+01 1.000000e+00 -7.266447e+00
      vertex   -1.988699e+01 1.000000e+00 -7.370000e+00
    endloop
  endfacet
  facet normal 9.238795e-01 0.000000e+00 3.826834e-01
    outer loop
      vertex   -1.988699e+01 2.000000e+00 -7.370000e+00
      vertex   -1.988699e+01 1.000000e+00 -7.370000e+00
      vertex   -1.983704e+01 2.000000e+00 -7.490590e+00
    endloop
  endfacet
  facet normal 9.238795e-01 0.000000e+00 3.826834e-01
    outer loop
      vertex   -1.983704e+01 2.000000e+00 -7.490590e+00
      vertex   -1.988699e+01 1.000000e+00 -7.370000e+00
      vertex   -1.983704e+01 1.000000e+00 -7.490590e+00
    endloop
  endfacet
  facet normal 0.000000e+00 1.000000e+00 -0.000000e+00
    outer loop
      vertex   -1.983704e+01 2.000000e+00 -7.749410e+00
      vertex   -2.080296e+01 2.000000e+00 -7.749410e+00
      vertex   -1.982000e+01 2.000000e+00 -7.620000e+00
    endloop
  endfacet
  facet normal 0.000000e+00 1.000000e+00 0.000000e+00
    outer loop
      vertex   -1.982000e+01 2.000000e+00 -7.620000e+00
      vertex   -2.080296e+01 2.000000e+00 -7.749410e+00
      vertex   -2.082000e+01 2.000000e+00 -7.620000e+00
    endloop
  endfacet
  facet normal 0.000000e+00 1.000000e+00 0.000000e+00
    outer loop
      vertex   -1.982000e+01 2.000000e+00 -7.620000e+00
      vertex   -2.082000e+01 2.000000e+00 -7.620000e+00
      vertex   -1.983704e+01 2.000000e+00 -7.490590e+00
    endloop
  endfacet
  facet normal 0.000000e+00 1.000000e+00 0.000000e+00
    outer loop
      vertex   -1.983704e+01 2.000000e+00 -7.490590e+00
      vertex   -2.082000e+01 2.000000e+00 -7.620000e+00
      vertex   -2.080296e+01 2.000000e+00 -7.490590e+00
    endloop
  endfacet
  facet normal 0.000000e+00 1.000000e+00 0.000000e+00
    outer loop
      vertex   -1.983704e+01 2.000000e+00 -7.490590e+00
      vertex   -2.080296e+01 2.000000e+00 -7.490590e+00
      vertex   -1.988699e+01 2.000000e+00 -7.370000e+00
    endloop
  endfacet
  facet normal 0.000000e+00 1.000000e+00 0.000000e+00
    outer loop
      vertex   -1.988699e+01 2.000000e+00 -7.370000e+00
      vertex   -2.080296e+01 2.000000e+00 -7.490590e+00
      vertex   -2.075301e+01 2.000000e+00 -7.370000e+00
    endloop
  endfacet
  facet normal 0.000000e+00 1.000000e+00 0.000000e+00
    outer loop
      vertex   -1.988699e+01 2.000000e+00 -7.370000e+00
      vertex   -2.075301e+01 2.000000e+00 -7.370000e+00
      vertex   -1.996645e+01 2.000000e+00 -7.266447e+00
    endloop
  endfacet
  facet normal 0.000000e+00 1.000000e+00 0.000000e+00
    outer loop
      vertex   -1.996645e+01 2.000000e+00 -7.266447e+00
      vertex   -2.075301e+01 2.000000e+00 -7.370000e+00
      vertex   -2.067355e+01 2.000000e+00 -7.266447e+00
    endloop
  endfacet
  facet normal 0.000000e+00 1.000000e+00 0.000000e+00
    outer loop
      vertex   -1.996645e+01 2.000000e+00 -7.266447e+00
      vertex   -2.067355e+01 2.000000e+00 -7.266447e+00
      vertex   -2.007000e+01 2.000000e+00 -7.186987e+00
    endloop
  endfacet
  facet normal 0.000000e+00 1.000000e+00 0.000000e+00
    outer loop
      vertex   -2.007000e+01 2.000000e+00 -7.186987e+00
      vertex   -2.067355e+01 2.000000e+00 -7.266447e+00
      vertex   -2.057000e+01 2.000000e+00 -7.186987e+00
    endloop
  endfacet
  facet normal 0.000000e+00 1.000000e+00 0.000000e+00
    outer loop
      vertex   -2.007000e+01 2.000000e+00 -7.186987e+00
      vertex   -2.057000e+01 2.000000e+00 -7.186987e+00
      vertex   -2.019059e+01 2.000000e+00 -7.137037e+00
    endloop
  endfacet
  facet normal 0.000000e+00 1.000000e+00 0.000000e+00
    outer loop
      vertex   -2.019059e+01 2.000000e+00 -7.137037e+00
      vertex   -2.057000e+01 2.000000e+00 -7.186987e+00
      vertex   -2.044941e+01 2.000000e+00 -7.137037e+00
    endloop
  endfacet
  facet normal 0.000000e+00 1.000000e+00 0.000000e+00
    outer loop
      vertex   -2.019059e+01 2.000000e+00 -7.137037e+00
      vertex   -2.044941e+01 2.000000e+00 -7.137037e+00
      vertex   -2.032000e+01 2.000000e+00 -7.120000e+00
    endloop
  endfacet
  facet normal -0.000000e+00 1.000000e+00 0.000000e+00
    outer loop
      vertex   -2.080296e+01 2.000000e+00 -7.749410e+00
      vertex   -1.983704e+01 2.000000e+00 -7.749410e+00
      vertex   -2.075301e+01 2.000000e+00 -7.870000e+00
    endloop
  endfacet
  facet normal 0.000000e+00 1.000000e+00 0.000000e+00
    outer loop
      vertex   -2.075301e+01 2.000000e+00 -7.870000e+00
      vertex   -1.983704e+01 2.000000e+00 -7.749410e+00
      vertex   -1.988699e+01 2.000000e+00 -7.870000e+00
    endloop
  endfacet
  facet normal -0.000000e+00 1.000000e+00 0.000000e+00
    outer loop
      vertex   -2.075301e+01 2.000000e+00 -7.870000e+00
      vertex   -1.988699e+01 2.000000e+00 -7.870000e+00
      vertex   -2.067355e+01 2.000000e+00 -7.973553e+00
    endloop
  endfacet
  facet normal 0.000000e+00 1.000000e+00 0.000000e+00
    outer loop
      vertex   -2.067355e+01 2.000000e+00 -7.973553e+00
      vertex   -1.988699e+01 2.000000e+00 -7.870000e+00
      vertex   -1.996645e+01 2.000000e+00 -7.973553e+00
    endloop
  endfacet
  facet normal -0.000000e+00 1.000000e+00 0.000000e+00
    outer loop
      vertex   -2.067355e+01 2.000000e+00 -7.973553e+00
      vertex   -1.996645e+01 2.000000e+00 -7.973553e+00
      vertex   -2.057000e+01 2.000000e+00 -8.053013e+00
    endloop
  endfacet
  facet normal 0.000000e+00 1.000000e+00 0.000000e+00
    outer loop
      vertex   -2.057000e+01 2.000000e+00 -8.053013e+00
      vertex   -1.996645e+01 2.000000e+00 -7.973553e+00
      vertex   -2.007000e+01 2.000000e+00 -8.053013e+00
    endloop
  endfacet
  facet normal -0.000000e+00 1.000000e+00 0.000000e+00
    outer loop
      vertex   -2.057000e+01 2.000000e+00 -8.053013e+00
      vertex   -2.007000e+01 2.000000e+00 -8.053013e+00
      vertex   -2.044941e+01 2.000000e+00 -8.102963e+00
    endloop
  endfacet
  facet normal 0.000000e+00 1.000000e+00 0.000000e+00
    outer loop
      vertex   -2.044941e+01 2.000000e+00 -8.102963e+00
      vertex   -2.007000e+01 2.000000e+00 -8.053013e+00
      vertex   -2.019059e+01 2.000000e+00 -8.102963e+00
    endloop
  endfacet
  facet normal -0.000000e+00 1.000000e+00 0.000000e+00
    outer loop
      vertex   -2.044941e+01 2.000000e+00 -8.102963e+00
      vertex   -2.019059e+01 2.000000e+00 -8.102963e+00
      vertex   -2.032000e+01 2.000000e+00 -8.120000e+00
    endloop
  endfacet
  facet normal 1.000000e+00 5.921189e-15 -0.000000e+00
    outer loop
      vertex   -2.300000e+01 4.000000e+00 -1.000000e+01
      vertex   -2.300000e+01 4.000000e+00 1.000000e+01
      vertex   -2.300000e+01 1.000000e+00 -1.000000e+01
    endloop
  endfacet
  facet normal 1.000000e+00 5.921189e-15 -0.000000e+00
    outer loop
      vertex   -2.300000e+01 1.000000e+00 -1.000000e+01
      vertex   -2.300000e+01 4.000000e+00 1.000000e+01
      vertex   -2.300000e+01 1.000000e+00 1.000000e+01
    endloop
  endfacet
  facet normal 0.000000e+00 0.000000e+00 1.000000e+00
    outer loop
      vertex   2.300000e+01 4.000000e+00 -1.000000e+01
      vertex   -2.300000e+01 4.000000e+00 -1.000000e+01
      vertex   2.300000e+01 1.000000e+00 -1.000000e+01
    endloop
  endfacet
  facet normal 0.000000e+00 0.000000e+00 1.000000e+00
    outer loop
      vertex   2.300000e+01 1.000000e+00 -1.000000e+01
      vertex   -2.300000e+01 4.000000e+00 -1.000000e+01
      vertex   -2.300000e+01 1.000000e+00 -1.000000e+01
    endloop
  endfacet
  facet normal 0.000000e+00 1.000000e+00 0.000000e+00
    outer loop
      vertex   2.080296e+01 1.000000e+00 7.490590e+00
      vertex   2.082000e+01 1.000000e+00 7.620000e+00
      vertex   2.300000e+01 1.000000e+00 1.000000e+01
    endloop
  endfacet
  facet normal 0.000000e+00 1.000000e+00 0.000000e+00
    outer loop
      vertex   2.300000e+01 1.000000e+00 1.000000e+01
      vertex   2.082000e+01 1.000000e+00 7.620000e+00
      vertex   2.080296e+01 1.000000e+00 7.749410e+00
    endloop
  endfacet
  facet normal 0.000000e+00 1.000000e+00 0.000000e+00
    outer loop
      vertex   2.300000e+01 1.000000e+00 1.000000e+01
      vertex   2.080296e+01 1.000000e+00 7.749410e+00
      vertex   2.075301e+01 1.000000e+00 7.870000e+00
    endloop
  endfacet
  facet normal 0.000000e+00 1.000000e+00 -0.000000e+00
    outer loop
      vertex   2.075301e+01 1.000000e+00 7.870000e+00
      vertex   2.067355e+01 1.000000e+00 7.973553e+00
      vertex   2.300000e+01 1.000000e+00 1.000000e+01
    endloop
  endfacet
  facet normal 0.000000e+00 1.000000e+00 0.000000e+00
    outer loop
      vertex   2.300000e+01 1.000000e+00 1.000000e+01
      vertex   2.067355e+01 1.000000e+00 7.973553e+00
      vertex   2.057000e+01 1.000000e+00 8.053013e+00
    endloop
  endfacet
  facet normal 0.000000e+00 1.000000e+00 0.000000e+00
    outer loop
      vertex   2.300000e+01 1.000000e+00 1.000000e+01
      vertex   2.057000e+01 1.000000e+00 8.053013e+00
      vertex   2.044941e+01 1.000000e+00 8.102963e+00
    endloop
  endfacet
  facet normal 0.000000e+00 1.000000e+00 -0.000000e+00
    outer loop
      vertex   2.044941e+01 1.000000e+00 8.102963e+00
      vertex   2.032000e+01 1.000000e+00 8.120000e+00
      vertex   2.300000e+01 1.000000e+00 1.000000e+01
    endloop
  endfacet
  facet normal 0.000000e+00 1.000000e+00 0.000000e+00
    outer loop
      vertex   2.300000e+01 1.000000e+00 1.000000e+01
      vertex   2.032000e+01 1.000000e+00 8.120000e+00
      vertex   2.019059e+01 1.000000e+00 8.102963e+00
    endloop
  endfacet
  facet normal 0.000000e+00 1.000000e+00 0.000000e+00
    outer loop
      vertex   2.300000e+01 1.000000e+00 1.000000e+01
      vertex   2.019059e+01 1.000000e+00 8.102963e+00
      vertex   2.007000e+01 1.000000e+00 8.053013e+00
    endloop
  endfacet
  facet normal 0.000000e+00 1.000000e+00 -0.000000e+00
    outer loop
      vertex   1.996645e+01 1.000000e+00 7.973553e+00
      vertex   -1.996645e+01 1.000000e+00 7.973553e+00
      vertex   2.007000e+01 1.000000e+00 8.053013e+00
    endloop
  endfacet
  facet normal 0.000000e+00 1.000000e+00 0.000000e+00
    outer loop
      vertex   2.007000e+01 1.000000e+00 8.053013e+00
      vertex   -1.996645e+01 1.000000e+00 7.973553e+00
      vertex   -2.007000e+01 1.000000e+00 8.053013e+00
    endloop
  endfacet
  facet normal 0.000000e+00 1.000000e+00 -0.000000e+00
    outer loop
      vertex   2.007000e+01 1.000000e+00 8.053013e+00
      vertex   -2.007000e+01 1.000000e+00 8.053013e+00
      vertex   2.300000e+01 1.000000e+00 1.000000e+01
    endloop
  endfacet
  facet normal 0.000000e+00 1.000000e+00 0.000000e+00
    outer loop
      vertex   2.300000e+01 1.000000e+00 1.000000e+01
      vertex   -2.007000e+01 1.000000e+00 8.053013e+00
      vertex   -2.300000e+01 1.000000e+00 1.000000e+01
    endloop
  endfacet
  facet normal 0.000000e+00 1.000000e+00 0.000000e+00
    outer loop
      vertex   -2.300000e+01 1.000000e+00 1.000000e+01
      vertex   -2.007000e+01 1.000000e+00 8.053013e+00
      vertex   -2.019059e+01 1.000000e+00 8.102963e+00
    endloop
  endfacet
  facet normal 0.000000e+00 1.000000e+00 0.000000e+00
    outer loop
      vertex   -2.300000e+01 1.000000e+00 1.000000e+01
      vertex   -2.019059e+01 1.000000e+00 8.102963e+00
      vertex   -2.032000e+01 1.000000e+00 8.120000e+00
    endloop
  endfacet
  facet normal 0.000000e+00 1.000000e+00 0.000000e+00
    outer loop
      vertex   -1.996645e+01 1.000000e+00 7.973553e+00
      vertex   1.996645e+01 1.000000e+00 7.973553e+00
      vertex   -1.988699e+01 1.000000e+00 7.870000e+00
    endloop
  endfacet
  facet normal -0.000000e+00 1.000000e+00 0.000000e+00
    outer loop
      vertex   -1.988699e+01 1.000000e+00 7.870000e+00
      vertex   1.996645e+01 1.000000e+00 7.973553e+00
      vertex   1.988699e+01 1.000000e+00 7.870000e+00
    endloop
  endfacet
  facet normal 0.000000e+00 1.000000e+00 0.000000e+00
    outer loop
      vertex   -1.988699e+01 1.000000e+00 7.870000e+00
      vertex   1.988699e+01 1.000000e+00 7.870000e+00
      vertex   -1.983704e+01 1.000000e+00 7.749410e+00
    endloop
  endfacet
  facet normal -0.000000e+00 1.000000e+00 0.000000e+00
    outer loop
      vertex   -1.983704e+01 1.000000e+00 7.749410e+00
      vertex   1.988699e+01 1.000000e+00 7.870000e+00
      vertex   1.983704e+01 1.000000e+00 7.749410e+00
    endloop
  endfacet
  facet normal 0.000000e+00 1.000000e+00 0.000000e+00
    outer loop
      vertex   -1.983704e+01 1.000000e+00 7.749410e+00
      vertex   1.983704e+01 1.000000e+00 7.749410e+00
      vertex   -1.982000e+01 1.000000e+00 7.620000e+00
    endloop
  endfacet
  facet normal 0.000000e+00 1.000000e+00 0.000000e+00
    outer loop
      vertex   -1.982000e+01 1.000000e+00 7.620000e+00
      vertex   1.983704e+01 1.000000e+00 7.749410e+00
      vertex   1.982000e+01 1.000000e+00 7.620000e+00
    endloop
  endfacet
  facet normal -0.000000e+00 1.000000e+00 0.000000e+00
    outer loop
      vertex   -1.982000e+01 1.000000e+00 7.620000e+00
      vertex   1.982000e+01 1.000000e+00 7.620000e+00
      vertex   -1.983704e+01 1.000000e+00 7.490590e+00
    endloop
  endfacet
  facet normal 0.000000e+00 1.000000e+00 0.000000e+00
    outer loop
      vertex   -1.983704e+01 1.000000e+00 7.490590e+00
      vertex   1.982000e+01 1.000000e+00 7.620000e+00
      vertex   1.983704e+01 1.000000e+00 7.490590e+00
    endloop
  endfacet
  facet normal -0.000000e+00 1.000000e+00 0.000000e+00
    outer loop
      vertex   -1.983704e+01 1.000000e+00 7.490590e+00
      vertex   1.983704e+01 1.000000e+00 7.490590e+00
      vertex   -1.988699e+01 1.000000e+00 7.370000e+00
    endloop
  endfacet
  facet normal 0.000000e+00 1.000000e+00 0.000000e+00
    outer loop
      vertex   -1.988699e+01 1.000000e+00 7.370000e+00
      vertex   1.983704e+01 1.000000e+00 7.490590e+00
      vertex   1.988699e+01 1.000000e+00 7.370000e+00
    endloop
  endfacet
  facet normal -0.000000e+00 1.000000e+00 0.000000e+00
    outer loop
      vertex   -1.988699e+01 1.000000e+00 7.370000e+00
      vertex   1.988699e+01 1.000000e+00 7.370000e+00
      vertex   -1.996645e+01 1.000000e+00 7.266447e+00
    endloop
  endfacet
  facet normal 0.000000e+00 1.000000e+00 0.000000e+00
    outer loop
      vertex   -1.996645e+01 1.000000e+00 7.266447e+00
      vertex   1.988699e+01 1.000000e+00 7.370000e+00
      vertex   1.996645e+01 1.000000e+00 7.266447e+00
    endloop
  endfacet
  facet normal -0.000000e+00 1.000000e+00 0.000000e+00
    outer loop
      vertex   -1.996645e+01 1.000000e+00 7.266447e+00
      vertex   1.996645e+01 1.000000e+00 7.266447e+00
      vertex   -2.007000e+01 1.000000e+00 7.186987e+00
    endloop
  endfacet
  facet normal 0.000000e+00 1.000000e+00 0.000000e+00
    outer loop
      vertex   -2.007000e+01 1.000000e+00 7.186987e+00
      vertex   1.996645e+01 1.000000e+00 7.266447e+00
      vertex   2.007000e+01 1.000000e+00 7.186987e+00
    endloop
  endfacet
  facet normal -0.000000e+00 1.000000e+00 0.000000e+00
    outer loop
      vertex   -2.007000e+01 1.000000e+00 7.186987e+00
      vertex   2.007000e+01 1.000000e+00 7.186987e+00
      vertex   -2.007000e+01 1.000000e+00 -7.186987e+00
    endloop
  endfacet
  facet normal -0.000000e+00 1.000000e+00 0.000000e+00
    outer loop
      vertex   -2.007000e+01 1.000000e+00 -7.186987e+00
      vertex   2.007000e+01 1.000000e+00 7.186987e+00
      vertex   2.007000e+01 1.000000e+00 -7.186987e+00
    endloop
  endfacet
  facet normal 0.000000e+00 1.000000e+00 0.000000e+00
    outer loop
      vertex   -2.007000e+01 1.000000e+00 -7.186987e+00
      vertex   2.007000e+01 1.000000e+00 -7.186987e+00
      vertex   -1.996645e+01 1.000000e+00 -7.266447e+00
    endloop
  endfacet
  facet normal -0.000000e+00 1.000000e+00 0.000000e+00
    outer loop
      vertex   -1.996645e+01 1.000000e+00 -7.266447e+00
      vertex   2.007000e+01 1.000000e+00 -7.186987e+00
      vertex   1.996645e+01 1.000000e+00 -7.266447e+00
    endloop
  endfacet
  facet normal 0.000000e+00 1.000000e+00 0.000000e+00
    outer loop
      vertex   -1.996645e+01 1.000000e+00 -7.266447e+00
      vertex   1.996645e+01 1.000000e+00 -7.266447e+00
      vertex   -1.988699e+01 1.000000e+00 -7.370000e+00
    endloop
  endfacet
  facet normal -0.000000e+00 1.000000e+00 0.000000e+00
    outer loop
      vertex   -1.988699e+01 1.000000e+00 -7.370000e+00
      vertex   1.996645e+01 1.000000e+00 -7.266447e+00
      vertex   1.988699e+01 1.000000e+00 -7.370000e+00
    endloop
  endfacet
  facet normal 0.000000e+00 1.000000e+00 0.000000e+00
    outer loop
      vertex   -1.988699e+01 1.000000e+00 -7.370000e+00
      vertex   1.988699e+01 1.000000e+00 -7.370000e+00
      vertex   -1.983704e+01 1.000000e+00 -7.490590e+00
    endloop
  endfacet
  facet normal -0.000000e+00 1.000000e+00 0.000000e+00
    outer loop
      vertex   -1.983704e+01 1.000000e+00 -7.490590e+00
      vertex   1.988699e+01 1.000000e+00 -7.370000e+00
      vertex   1.983704e+01 1.000000e+00 -7.490590e+00
    endloop
  endfacet
  facet normal 0.000000e+00 1.000000e+00 0.000000e+00
    outer loop
      vertex   -1.983704e+01 1.000000e+00 -7.490590e+00
      vertex   1.983704e+01 1.000000e+00 -7.490590e+00
      vertex   -1.982000e+01 1.000000e+00 -7.620000e+00
    endloop
  endfacet
  facet normal 0.000000e+00 1.000000e+00 0.000000e+00
    outer loop
      vertex   -1.982000e+01 1.000000e+00 -7.620000e+00
      vertex   1.983704e+01 1.000000e+00 -7.490590e+00
      vertex   1.982000e+01 1.000000e+00 -7.620000e+00
    endloop
  endfacet
  facet normal -0.000000e+00 1.000000e+00 0.000000e+00
    outer loop
      vertex   -1.982000e+01 1.000000e+00 -7.620000e+00
      vertex   1.982000e+01 1.000000e+00 -7.620000e+00
      vertex   -1.983704e+01 1.000000e+00 -7.749410e+00
    endloop
  endfacet
  facet normal 0.000000e+00 1.000000e+00 0.000000e+00
    outer loop
      vertex   -1.983704e+01 1.000000e+00 -7.749410e+00
      vertex   1.982000e+01 1.000000e+00 -7.620000e+00
      vertex   1.983704e+01 1.000000e+00 -7.749410e+00
    endloop
  endfacet
  facet normal -0.000000e+00 1.000000e+00 0.000000e+00
    outer loop
      vertex   -1.983704e+01 1.000000e+00 -7.749410e+00
      vertex   1.983704e+01 1.000000e+00 -7.749410e+00
      vertex   -1.988699e+01 1.000000e+00 -7.870000e+00
    endloop
  endfacet
  facet normal 0.000000e+00 1.000000e+00 0.000000e+00
    outer loop
      vertex   -1.988699e+01 1.000000e+00 -7.870000e+00
      vertex   1.983704e+01 1.000000e+00 -7.749410e+00
      vertex   1.988699e+01 1.000000e+00 -7.870000e+00
    endloop
  endfacet
  facet normal -0.000000e+00 1.000000e+00 0.000000e+00
    outer loop
      vertex   -1.988699e+01 1.000000e+00 -7.870000e+00
      vertex   1.988699e+01 1.000000e+00 -7.870000e+00
      vertex   -1.996645e+01 1.000000e+00 -7.973553e+00
    endloop
  endfacet
  facet normal 0.000000e+00 1.000000e+00 0.000000e+00
    outer loop
      vertex   -1.996645e+01 1.000000e+00 -7.973553e+00
      vertex   1.988699e+01 1.000000e+00 -7.870000e+00
      vertex   1.996645e+01 1.000000e+00 -7.973553e+00
    endloop
  endfacet
  facet normal -0.000000e+00 1.000000e+00 0.000000e+00
    outer loop
      vertex   -1.996645e+01 1.000000e+00 -7.973553e+00
      vertex   1.996645e+01 1.000000e+00 -7.973553e+00
      vertex   -2.007000e+01 1.000000e+00 -8.053013e+00
    endloop
  endfacet
  facet normal 0.000000e+00 1.000000e+00 0.000000e+00
    outer loop
      vertex   -2.007000e+01 1.000000e+00 -8.053013e+00
      vertex   1.996645e+01 1.000000e+00 -7.973553e+00
      vertex   2.007000e+01 1.000000e+00 -8.053013e+00
    endloop
  endfacet
  facet normal -0.000000e+00 1.000000e+00 0.000000e+00
    outer loop
      vertex   -2.007000e+01 1.000000e+00 -8.053013e+00
      vertex   2.007000e+01 1.000000e+00 -8.053013e+00
      vertex   -2.300000e+01 1.000000e+00 -1.000000e+01
    endloop
  endfacet
  facet normal 0.000000e+00 1.000000e+00 0.000000e+00
    outer loop
      vertex   -2.300000e+01 1.000000e+00 -1.000000e+01
      vertex   2.007000e+01 1.000000e+00 -8.053013e+00
      vertex   2.300000e+01 1.000000e+00 -1.000000e+01
    endloop
  endfacet
  facet normal 0.000000e+00 1.000000e+00 0.000000e+00
    outer loop
      vertex   2.300000e+01 1.000000e+00 -1.000000e+01
      vertex   2.007000e+01 1.000000e+00 -8.053013e+00
      vertex   2.019059e+01 1.000000e+00 -8.102963e+00
    endloop
  endfacet
  facet normal 0.000000e+00 1.000000e+00 0.000000e+00
    outer loop
      vertex   2.300000e+01 1.000000e+00 -1.000000e+01
      vertex   2.019059e+01 1.000000e+00 -8.102963e+00
      vertex   2.032000e+01 1.000000e+00 -8.120000e+00
    endloop
  endfacet
  facet normal 0.000000e+00 1.000000e+00 0.000000e+00
    outer loop
      vertex   2.007000e+01 1.000000e+00 -7.186987e+00
      vertex   2.007000e+01 1.000000e+00 7.186987e+00
      vertex   2.019059e+01 1.000000e+00 -7.137037e+00
    endloop
  endfacet
  facet normal 0.000000e+00 1.000000e+00 0.000000e+00
    outer loop
      vertex   2.019059e+01 1.000000e+00 -7.137037e+00
      vertex   2.007000e+01 1.000000e+00 7.186987e+00
      vertex   2.019059e+01 1.000000e+00 7.137037e+00
    endloop
  endfacet
  facet normal 0.000000e+00 1.000000e+00 -0.000000e+00
    outer loop
      vertex   2.019059e+01 1.000000e+00 -7.137037e+00
      vertex   2.019059e+01 1.000000e+00 7.137037e+00
      vertex   2.032000e+01 1.000000e+00 -7.120000e+00
    endloop
  endfacet
  facet normal 0.000000e+00 1.000000e+00 -0.000000e+00
    outer loop
      vertex   2.032000e+01 1.000000e+00 -7.120000e+00
      vertex   2.019059e+01 1.000000e+00 7.137037e+00
      vertex   2.032000e+01 1.000000e+00 7.120000e+00
    endloop
  endfacet
  facet normal 0.000000e+00 1.000000e+00 0.000000e+00
    outer loop
      vertex   2.032000e+01 1.000000e+00 -7.120000e+00
      vertex   2.032000e+01 1.000000e+00 7.120000e+00
      vertex   2.044941e+01 1.000000e+00 7.137037e+00
    endloop
  endfacet
  facet normal -0.000000e+00 1.000000e+00 0.000000e+00
    outer loop
      vertex   2.032000e+01 1.000000e+00 -7.120000e+00
      vertex   2.044941e+01 1.000000e+00 7.137037e+00
      vertex   2.044941e+01 1.000000e+00 -7.137037e+00
    endloop
  endfacet
  facet normal 0.000000e+00 1.000000e+00 0.000000e+00
    outer loop
      vertex   2.044941e+01 1.000000e+00 -7.137037e+00
      vertex   2.044941e+01 1.000000e+00 7.137037e+00
      vertex   2.057000e+01 1.000000e+00 7.186987e+00
    endloop
  endfacet
  facet normal -0.000000e+00 1.000000e+00 0.000000e+00
    outer loop
      vertex   2.044941e+01 1.000000e+00 -7.137037e+00
      vertex   2.057000e+01 1.000000e+00 7.186987e+00
      vertex   2.057000e+01 1.000000e+00 -7.186987e+00
    endloop
  endfacet
  facet normal 0.000000e+00 1.000000e+00 0.000000e+00
    outer loop
      vertex   2.057000e+01 1.000000e+00 -7.186987e+00
      vertex   2.057000e+01 1.000000e+00 7.186987e+00
      vertex   2.067355e+01 1.000000e+00 7.266447e+00
    endloop
  endfacet
  facet normal -0.000000e+00 1.000000e+00 0.000000e+00
    outer loop
      vertex   2.057000e+01 1.000000e+00 -7.186987e+00
      vertex   2.067355e+01 1.000000e+00 7.266447e+00
      vertex   2.067355e+01 1.000000e+00 -7.266447e+00
    endloop
  endfacet
  facet normal -0.000000e+00 1.000000e+00 0.000000e+00
    outer loop
      vertex   2.067355e+01 1.000000e+00 -7.266447e+00
      vertex   2.067355e+01 1.000000e+00 7.266447e+00
      vertex   2.075301e+01 1.000000e+00 -7.370000e+00
    endloop
  endfacet
  facet normal 0.000000e+00 1.000000e+00 -0.000000e+00
    outer loop
      vertex   2.075301e+01 1.000000e+00 -7.370000e+00
      vertex   2.067355e+01 1.000000e+00 7.266447e+00
      vertex   2.075301e+01 1.000000e+00 7.370000e+00
    endloop
  endfacet
  facet normal 0.000000e+00 1.000000e+00 0.000000e+00
    outer loop
      vertex   2.075301e+01 1.000000e+00 -7.370000e+00
      vertex   2.075301e+01 1.000000e+00 7.370000e+00
      vertex   2.300000e+01 1.000000e+00 1.000000e+01
    endloop
  endfacet
  facet normal 0.000000e+00 1.000000e+00 0.000000e+00
    outer loop
      vertex   2.300000e+01 1.000000e+00 1.000000e+01
      vertex   2.075301e+01 1.000000e+00 7.370000e+00
      vertex   2.080296e+01 1.000000e+00 7.490590e+00
    endloop
  endfacet
  facet normal -0.000000e+00 1.000000e+00 0.000000e+00
    outer loop
      vertex   2.080296e+01 1.000000e+00 -7.749410e+00
      vertex   2.082000e+01 1.000000e+00 -7.620000e+00
      vertex   2.300000e+01 1.000000e+00 -1.000000e+01
    endloop
  endfacet
  facet normal 0.000000e+00 1.000000e+00 0.000000e+00
    outer loop
      vertex   2.300000e+01 1.000000e+00 -1.000000e+01
      vertex   2.082000e+01 1.000000e+00 -7.620000e+00
      vertex   2.080296e+01 1.000000e+00 -7.490590e+00
    endloop
  endfacet
  facet normal 0.000000e+00 1.000000e+00 0.000000e+00
    outer loop
      vertex   2.300000e+01 1.000000e+00 -1.000000e+01
      vertex   2.080296e+01 1.000000e+00 -7.490590e+00
      vertex   2.075301e+01 1.000000e+00 -7.370000e+00
    endloop
  endfacet
  facet normal -0.000000e+00 1.000000e+00 0.000000e+00
    outer loop
      vertex   2.032000e+01 1.000000e+00 -8.120000e+00
      vertex   2.044941e+01 1.000000e+00 -8.102963e+00
      vertex   2.300000e+01 1.000000e+00 -1.000000e+01
    endloop
  endfacet
  facet normal 0.000000e+00 1.000000e+00 0.000000e+00
    outer loop
      vertex   2.300000e+01 1.000000e+00 -1.000000e+01
      vertex   2.044941e+01 1.000000e+00 -8.102963e+00
      vertex   2.057000e+01 1.000000e+00 -8.053013e+00
    endloop
  endfacet
  facet normal 0.000000e+00 1.000000e+00 0.000000e+00
    outer loop
      vertex   2.300000e+01 1.000000e+00 -1.000000e+01
      vertex   2.057000e+01 1.000000e+00 -8.053013e+00
      vertex   2.067355e+01 1.000000e+00 -7.973553e+00
    endloop
  endfacet
  facet normal -0.000000e+00 1.000000e+00 0.000000e+00
    outer loop
      vertex   2.067355e+01 1.000000e+00 -7.973553e+00
      vertex   2.075301e+01 1.000000e+00 -7.870000e+00
      vertex   2.300000e+01 1.000000e+00 -1.000000e+01
    endloop
  endfacet
  facet normal 0.000000e+00 1.000000e+00 0.000000e+00
    outer loop
      vertex   2.300000e+01 1.000000e+00 -1.000000e+01
      vertex   2.075301e+01 1.000000e+00 -7.870000e+00
      vertex   2.080296e+01 1.000000e+00 -7.749410e+00
    endloop
  endfacet
  facet normal 0.000000e+00 1.000000e+00 0.000000e+00
    outer loop
      vertex   -2.032000e+01 1.000000e+00 8.120000e+00
      vertex   -2.044941e+01 1.000000e+00 8.102963e+00
      vertex   -2.300000e+01 1.000000e+00 1.000000e+01
    endloop
  endfacet
  facet normal 0.000000e+00 1.000000e+00 0.000000e+00
    outer loop
      vertex   -2.300000e+01 1.000000e+00 1.000000e+01
      vertex   -2.044941e+01 1.000000e+00 8.102963e+00
      vertex   -2.057000e+01 1.000000e+00 8.053013e+00
    endloop
  endfacet
  facet normal 0.000000e+00 1.000000e+00 0.000000e+00
    outer loop
      vertex   -2.300000e+01 1.000000e+00 1.000000e+01
      vertex   -2.057000e+01 1.000000e+00 8.053013e+00
      vertex   -2.067355e+01 1.000000e+00 7.973553e+00
    endloop
  endfacet
  facet normal 0.000000e+00 1.000000e+00 0.000000e+00
    outer loop
      vertex   -2.067355e+01 1.000000e+00 7.973553e+00
      vertex   -2.075301e+01 1.000000e+00 7.870000e+00
      vertex   -2.300000e+01 1.000000e+00 1.000000e+01
    endloop
  endfacet
  facet normal 0.000000e+00 1.000000e+00 0.000000e+00
    outer loop
      vertex   -2.300000e+01 1.000000e+00 1.000000e+01
      vertex   -2.075301e+01 1.000000e+00 7.870000e+00
      vertex   -2.080296e+01 1.000000e+00 7.749410e+00
    endloop
  endfacet
  facet normal 0.000000e+00 1.000000e+00 0.000000e+00
    outer loop
      vertex   -2.300000e+01 1.000000e+00 1.000000e+01
      vertex   -2.080296e+01 1.000000e+00 7.749410e+00
      vertex   -2.082000e+01 1.000000e+00 7.620000e+00
    endloop
  endfacet
  facet normal 0.000000e+00 1.000000e+00 0.000000e+00
    outer loop
      vertex   -2.082000e+01 1.000000e+00 7.620000e+00
      vertex   -2.080296e+01 1.000000e+00 7.490590e+00
      vertex   -2.300000e+01 1.000000e+00 1.000000e+01
    endloop
  endfacet
  facet normal 0.000000e+00 1.000000e+00 0.000000e+00
    outer loop
      vertex   -2.300000e+01 1.000000e+00 1.000000e+01
      vertex   -2.080296e+01 1.000000e+00 7.490590e+00
      vertex   -2.075301e+01 1.000000e+00 7.370000e+00
    endloop
  endfacet
  facet normal 0.000000e+00 1.000000e+00 0.000000e+00
    outer loop
      vertex   -2.300000e+01 1.000000e+00 1.000000e+01
      vertex   -2.075301e+01 1.000000e+00 7.370000e+00
      vertex   -2.075301e+01 1.000000e+00 -7.370000e+00
    endloop
  endfacet
  facet normal 0.000000e+00 1.000000e+00 0.000000e+00
    outer loop
      vertex   -2.075301e+01 1.000000e+00 -7.370000e+00
      vertex   -2.075301e+01 1.000000e+00 7.370000e+00
      vertex   -2.067355e+01 1.000000e+00 7.266447e+00
    endloop
  endfacet
  facet normal 0.000000e+00 1.000000e+00 0.000000e+00
    outer loop
      vertex   -2.075301e+01 1.000000e+00 -7.370000e+00
      vertex   -2.067355e+01 1.000000e+00 7.266447e+00
      vertex   -2.067355e+01 1.000000e+00 -7.266447e+00
    endloop
  endfacet
  facet normal 0.000000e+00 1.000000e+00 0.000000e+00
    outer loop
      vertex   -2.067355e+01 1.000000e+00 -7.266447e+00
      vertex   -2.067355e+01 1.000000e+00 7.266447e+00
      vertex   -2.057000e+01 1.000000e+00 -7.186987e+00
    endloop
  endfacet
  facet normal 0.000000e+00 1.000000e+00 0.000000e+00
    outer loop
      vertex   -2.057000e+01 1.000000e+00 -7.186987e+00
      vertex   -2.067355e+01 1.000000e+00 7.266447e+00
      vertex   -2.057000e+01 1.000000e+00 7.186987e+00
    endloop
  endfacet
  facet normal 0.000000e+00 1.000000e+00 -0.000000e+00
    outer loop
      vertex   -2.057000e+01 1.000000e+00 -7.186987e+00
      vertex   -2.057000e+01 1.000000e+00 7.186987e+00
      vertex   -2.044941e+01 1.000000e+00 -7.137037e+00
    endloop
  endfacet
  facet normal 0.000000e+00 1.000000e+00 -0.000000e+00
    outer loop
      vertex   -2.044941e+01 1.000000e+00 -7.137037e+00
      vertex   -2.057000e+01 1.000000e+00 7.186987e+00
      vertex   -2.044941e+01 1.000000e+00 7.137037e+00
    endloop
  endfacet
  facet normal 0.000000e+00 1.000000e+00 0.000000e+00
    outer loop
      vertex   -2.044941e+01 1.000000e+00 -7.137037e+00
      vertex   -2.044941e+01 1.000000e+00 7.137037e+00
      vertex   -2.032000e+01 1.000000e+00 -7.120000e+00
    endloop
  endfacet
  facet normal 0.000000e+00 1.000000e+00 -0.000000e+00
    outer loop
      vertex   -2.032000e+01 1.000000e+00 -7.120000e+00
      vertex   -2.044941e+01 1.000000e+00 7.137037e+00
      vertex   -2.032000e+01 1.000000e+00 7.120000e+00
    endloop
  endfacet
  facet normal 0.000000e+00 1.000000e+00 0.000000e+00
    outer loop
      vertex   -2.032000e+01 1.000000e+00 -7.120000e+00
      vertex   -2.032000e+01 1.000000e+00 7.120000e+00
      vertex   -2.019059e+01 1.000000e+00 7.137037e+00
    endloop
  endfacet
  facet normal -0.000000e+00 1.000000e+00 0.000000e+00
    outer loop
      vertex   -2.032000e+01 1.000000e+00 -7.120000e+00
      vertex   -2.019059e+01 1.000000e+00 7.137037e+00
      vertex   -2.019059e+01 1.000000e+00 -7.137037e+00
    endloop
  endfacet
  facet normal 0.000000e+00 1.000000e+00 0.000000e+00
    outer loop
      vertex   -2.019059e+01 1.000000e+00 -7.137037e+00
      vertex   -2.019059e+01 1.000000e+00 7.137037e+00
      vertex   -2.007000e+01 1.000000e+00 7.186987e+00
    endloop
  endfacet
  facet normal -0.000000e+00 1.000000e+00 0.000000e+00
    outer loop
      vertex   -2.019059e+01 1.000000e+00 -7.137037e+00
      vertex   -2.007000e+01 1.000000e+00 7.186987e+00
      vertex   -2.007000e+01 1.000000e+00 -7.186987e+00
    endloop
  endfacet
  facet normal 0.000000e+00 1.000000e+00 0.000000e+00
    outer loop
      vertex   -2.300000e+01 1.000000e+00 1.000000e+01
      vertex   -2.075301e+01 1.000000e+00 -7.370000e+00
      vertex   -2.300000e+01 1.000000e+00 -1.000000e+01
    endloop
  endfacet
  facet normal 0.000000e+00 1.000000e+00 0.000000e+00
    outer loop
      vertex   -2.300000e+01 1.000000e+00 -1.000000e+01
      vertex   -2.075301e+01 1.000000e+00 -7.370000e+00
      vertex   -2.080296e+01 1.000000e+00 -7.490590e+00
    endloop
  endfacet
  facet normal 0.000000e+00 1.000000e+00 0.000000e+00
    outer loop
      vertex   -2.300000e+01 1.000000e+00 -1.000000e+01
      vertex   -2.080296e+01 1.000000e+00 -7.490590e+00
      vertex   -2.082000e+01 1.000000e+00 -7.620000e+00
    endloop
  endfacet
  facet normal 0.000000e+00 1.000000e+00 0.000000e+00
    outer loop
      vertex   -2.082000e+01 1.000000e+00 -7.620000e+00
      vertex   -2.080296e+01 1.000000e+00 -7.749410e+00
      vertex   -2.300000e+01 1.000000e+00 -1.000000e+01
    endloop
  endfacet
  facet normal 0.000000e+00 1.000000e+00 0.000000e+00
    outer loop
      vertex   -2.300000e+01 1.000000e+00 -1.000000e+01
      vertex   -2.080296e+01 1.000000e+00 -7.749410e+00
      vertex   -2.075301e+01 1.000000e+00 -7.870000e+00
    endloop
  endfacet
  facet normal 0.000000e+00 1.000000e+00 0.000000e+00
    outer loop
      vertex   -2.300000e+01 1.000000e+00 -1.000000e+01
      vertex   -2.075301e+01 1.000000e+00 -7.870000e+00
      vertex   -2.067355e+01 1.000000e+00 -7.973553e+00
    endloop
  endfacet
  facet normal 0.000000e+00 1.000000e+00 0.000000e+00
    outer loop
      vertex   -2.067355e+01 1.000000e+00 -7.973553e+00
      vertex   -2.057000e+01 1.000000e+00 -8.053013e+00
      vertex   -2.300000e+01 1.000000e+00 -1.000000e+01
    endloop
  endfacet
  facet normal 0.000000e+00 1.000000e+00 0.000000e+00
    outer loop
      vertex   -2.300000e+01 1.000000e+00 -1.000000e+01
      vertex   -2.057000e+01 1.000000e+00 -8.053013e+00
      vertex   -2.044941e+01 1.000000e+00 -8.102963e+00
    endloop
  endfacet
  facet normal 0.000000e+00 1.000000e+00 0.000000e+00
    outer loop
      vertex   -2.300000e+01 1.000000e+00 -1.000000e+01
      vertex   -2.044941e+01 1.000000e+00 -8.102963e+00
      vertex   -2.032000e+01 1.000000e+00 -8.120000e+00
    endloop
  endfacet
  facet normal -0.000000e+00 1.000000e+00 0.000000e+00
    outer loop
      vertex   -2.032000e+01 1.000000e+00 -8.120000e+00
      vertex   -2.019059e+01 1.000000e+00 -8.102963e+00
      vertex   -2.300000e+01 1.000000e+00 -1.000000e+01
    endloop
  endfacet
  facet normal 0.000000e+00 1.000000e+00 0.000000e+00
    outer loop
      vertex   -2.300000e+01 1.000000e+00 -1.000000e+01
      vertex   -2.019059e+01 1.000000e+00 -8.102963e+00
      vertex   -2.007000e+01 1.000000e+00 -8.053013e+00
    endloop
  endfacet
  facet normal 0.000000e+00 1.000000e+00 0.000000e+00
    outer loop
      vertex   2.300000e+01 1.000000e+00 1.000000e+01
      vertex   2.300000e+01 1.000000e+00 -1.000000e+01
      vertex   2.075301e+01 1.000000e+00 -7.370000e+00
    endloop
  endfacet
  facet normal 0.000000e+00 0.000000e+00 1.000000e+00
    outer loop
      vertex   2.350000e+01 6.000000e+00 1.100000e+01
      vertex   -2.350000e+01 6.000000e+00 1.100000e+01
      vertex   2.350000e+01 5.000000e-01 1.100000e+01
    endloop
  endfacet
  facet normal 0.000000e+00 0.000000e+00 1.000000e+00
    outer loop
      vertex   2.350000e+01 5.000000e-01 1.100000e+01
      vertex   -2.350000e+01 6.000000e+00 1.100000e+01
      vertex   -2.350000e+01 5.000000e-01 1.100000e+01
    endloop
  endfacet
  facet normal -1.000000e+00 -0.000000e+00 -0.000000e+00
    outer loop
      vertex   -2.400000e+01 6.000000e+00 1.050000e+01
      vertex   -2.400000e+01 6.000000e+00 -1.050000e+01
      vertex   -2.400000e+01 5.000000e-01 1.050000e+01
    endloop
  endfacet
  facet normal -1.000000e+00 0.000000e+00 0.000000e+00
    outer loop
      vertex   -2.400000e+01 5.000000e-01 1.050000e+01
      vertex   -2.400000e+01 6.000000e+00 -1.050000e+01
      vertex   -2.400000e+01 5.000000e-01 -1.050000e+01
    endloop
  endfacet
endsolid
