solid ASCII
  facet normal -1.305262e-01 0.000000e+00 9.914449e-01
    outer loop
      vertex   -8.800000e+01 1.000000e+00 1.050000e+01
      vertex   -8.800000e+01 3.000000e+00 1.050000e+01
      vertex   -8.812941e+01 1.000000e+00 1.048296e+01
    endloop
  endfacet
  facet normal -1.305262e-01 0.000000e+00 9.914449e-01
    outer loop
      vertex   -8.812941e+01 1.000000e+00 1.048296e+01
      vertex   -8.800000e+01 3.000000e+00 1.050000e+01
      vertex   -8.812941e+01 3.000000e+00 1.048296e+01
    endloop
  endfacet
  facet normal -3.826834e-01 0.000000e+00 9.238795e-01
    outer loop
      vertex   -8.812941e+01 1.000000e+00 1.048296e+01
      vertex   -8.812941e+01 3.000000e+00 1.048296e+01
      vertex   -8.825000e+01 1.000000e+00 1.043301e+01
    endloop
  endfacet
  facet normal -3.826834e-01 0.000000e+00 9.238795e-01
    outer loop
      vertex   -8.825000e+01 1.000000e+00 1.043301e+01
      vertex   -8.812941e+01 3.000000e+00 1.048296e+01
      vertex   -8.825000e+01 3.000000e+00 1.043301e+01
    endloop
  endfacet
  facet normal -6.087614e-01 0.000000e+00 7.933533e-01
    outer loop
      vertex   -8.825000e+01 1.000000e+00 1.043301e+01
      vertex   -8.825000e+01 3.000000e+00 1.043301e+01
      vertex   -8.835355e+01 1.000000e+00 1.035355e+01
    endloop
  endfacet
  facet normal -6.087614e-01 0.000000e+00 7.933533e-01
    outer loop
      vertex   -8.835355e+01 1.000000e+00 1.035355e+01
      vertex   -8.825000e+01 3.000000e+00 1.043301e+01
      vertex   -8.835355e+01 3.000000e+00 1.035355e+01
    endloop
  endfacet
  facet normal -7.933533e-01 0.000000e+00 6.087614e-01
    outer loop
      vertex   -8.835355e+01 1.000000e+00 1.035355e+01
      vertex   -8.835355e+01 3.000000e+00 1.035355e+01
      vertex   -8.843301e+01 1.000000e+00 1.025000e+01
    endloop
  endfacet
  facet normal -7.933533e-01 0.000000e+00 6.087614e-01
    outer loop
      vertex   -8.843301e+01 1.000000e+00 1.025000e+01
      vertex   -8.835355e+01 3.000000e+00 1.035355e+01
      vertex   -8.843301e+01 3.000000e+00 1.025000e+01
    endloop
  endfacet
  facet normal -9.238795e-01 0.000000e+00 3.826834e-01
    outer loop
      vertex   -8.843301e+01 1.000000e+00 1.025000e+01
      vertex   -8.843301e+01 3.000000e+00 1.025000e+01
      vertex   -8.848296e+01 1.000000e+00 1.012941e+01
    endloop
  endfacet
  facet normal -9.238795e-01 0.000000e+00 3.826834e-01
    outer loop
      vertex   -8.848296e+01 1.000000e+00 1.012941e+01
      vertex   -8.843301e+01 3.000000e+00 1.025000e+01
      vertex   -8.848296e+01 3.000000e+00 1.012941e+01
    endloop
  endfacet
  facet normal -9.914449e-01 0.000000e+00 1.305262e-01
    outer loop
      vertex   -8.848296e+01 1.000000e+00 1.012941e+01
      vertex   -8.848296e+01 3.000000e+00 1.012941e+01
      vertex   -8.850000e+01 1.000000e+00 1.000000e+01
    endloop
  endfacet
  facet normal -9.914449e-01 0.000000e+00 1.305262e-01
    outer loop
      vertex   -8.850000e+01 1.000000e+00 1.000000e+01
      vertex   -8.848296e+01 3.000000e+00 1.012941e+01
      vertex   -8.850000e+01 3.000000e+00 1.000000e+01
    endloop
  endfacet
  facet normal 0.000000e+00 1.000000e+00 0.000000e+00
    outer loop
      vertex   -8.848296e+01 3.000000e+00 1.012941e+01
      vertex   -8.775000e+01 3.000000e+00 9.933013e+00
      vertex   -8.850000e+01 3.000000e+00 1.000000e+01
    endloop
  endfacet
  facet normal 0.000000e+00 1.000000e+00 0.000000e+00
    outer loop
      vertex   -8.850000e+01 3.000000e+00 1.000000e+01
      vertex   -8.775000e+01 3.000000e+00 9.933013e+00
      vertex   -8.785355e+01 3.000000e+00 9.853553e+00
    endloop
  endfacet
  facet normal 0.000000e+00 1.000000e+00 0.000000e+00
    outer loop
      vertex   -8.850000e+01 3.000000e+00 1.000000e+01
      vertex   -8.785355e+01 3.000000e+00 9.853553e+00
      vertex   -8.793301e+01 3.000000e+00 9.750000e+00
    endloop
  endfacet
  facet normal 0.000000e+00 1.000000e+00 -0.000000e+00
    outer loop
      vertex   -8.775000e+01 3.000000e+00 9.933013e+00
      vertex   -8.848296e+01 3.000000e+00 1.012941e+01
      vertex   -8.762941e+01 3.000000e+00 9.982963e+00
    endloop
  endfacet
  facet normal 0.000000e+00 1.000000e+00 0.000000e+00
    outer loop
      vertex   -8.762941e+01 3.000000e+00 9.982963e+00
      vertex   -8.848296e+01 3.000000e+00 1.012941e+01
      vertex   -8.843301e+01 3.000000e+00 1.025000e+01
    endloop
  endfacet
  facet normal 0.000000e+00 1.000000e+00 0.000000e+00
    outer loop
      vertex   -8.762941e+01 3.000000e+00 9.982963e+00
      vertex   -8.843301e+01 3.000000e+00 1.025000e+01
      vertex   -8.835355e+01 3.000000e+00 1.035355e+01
    endloop
  endfacet
  facet normal -0.000000e+00 1.000000e+00 0.000000e+00
    outer loop
      vertex   -8.835355e+01 3.000000e+00 1.035355e+01
      vertex   -8.825000e+01 3.000000e+00 1.043301e+01
      vertex   -8.762941e+01 3.000000e+00 9.982963e+00
    endloop
  endfacet
  facet normal 0.000000e+00 1.000000e+00 0.000000e+00
    outer loop
      vertex   -8.762941e+01 3.000000e+00 9.982963e+00
      vertex   -8.825000e+01 3.000000e+00 1.043301e+01
      vertex   -8.800000e+01 3.000000e+00 1.050000e+01
    endloop
  endfacet
  facet normal 0.000000e+00 1.000000e+00 -0.000000e+00
    outer loop
      vertex   -8.762941e+01 3.000000e+00 9.982963e+00
      vertex   -8.800000e+01 3.000000e+00 1.050000e+01
      vertex   -8.750000e+01 3.000000e+00 1.000000e+01
    endloop
  endfacet
  facet normal 0.000000e+00 1.000000e+00 -0.000000e+00
    outer loop
      vertex   -8.750000e+01 3.000000e+00 1.000000e+01
      vertex   -8.800000e+01 3.000000e+00 1.050000e+01
      vertex   -4.250000e+01 3.000000e+00 1.000000e+01
    endloop
  endfacet
  facet normal 0.000000e+00 1.000000e+00 -0.000000e+00
    outer loop
      vertex   -4.250000e+01 3.000000e+00 1.000000e+01
      vertex   -8.800000e+01 3.000000e+00 1.050000e+01
      vertex   -4.200000e+01 3.000000e+00 1.050000e+01
    endloop
  endfacet
  facet normal -0.000000e+00 1.000000e+00 0.000000e+00
    outer loop
      vertex   -4.250000e+01 3.000000e+00 1.000000e+01
      vertex   -4.200000e+01 3.000000e+00 1.050000e+01
      vertex   -4.237059e+01 3.000000e+00 9.982963e+00
    endloop
  endfacet
  facet normal 0.000000e+00 1.000000e+00 0.000000e+00
    outer loop
      vertex   -4.237059e+01 3.000000e+00 9.982963e+00
      vertex   -4.200000e+01 3.000000e+00 1.050000e+01
      vertex   -4.175000e+01 3.000000e+00 1.043301e+01
    endloop
  endfacet
  facet normal 0.000000e+00 1.000000e+00 0.000000e+00
    outer loop
      vertex   -4.237059e+01 3.000000e+00 9.982963e+00
      vertex   -4.175000e+01 3.000000e+00 1.043301e+01
      vertex   -4.164645e+01 3.000000e+00 1.035355e+01
    endloop
  endfacet
  facet normal 0.000000e+00 1.000000e+00 0.000000e+00
    outer loop
      vertex   -8.825000e+01 3.000000e+00 1.043301e+01
      vertex   -8.812941e+01 3.000000e+00 1.048296e+01
      vertex   -8.800000e+01 3.000000e+00 1.050000e+01
    endloop
  endfacet
  facet normal 0.000000e+00 1.000000e+00 0.000000e+00
    outer loop
      vertex   -4.200000e+01 3.000000e+00 1.050000e+01
      vertex   -4.187059e+01 3.000000e+00 1.048296e+01
      vertex   -4.175000e+01 3.000000e+00 1.043301e+01
    endloop
  endfacet
  facet normal 0.000000e+00 1.000000e+00 0.000000e+00
    outer loop
      vertex   -4.164645e+01 3.000000e+00 1.035355e+01
      vertex   -4.156699e+01 3.000000e+00 1.025000e+01
      vertex   -4.237059e+01 3.000000e+00 9.982963e+00
    endloop
  endfacet
  facet normal 0.000000e+00 1.000000e+00 0.000000e+00
    outer loop
      vertex   -4.237059e+01 3.000000e+00 9.982963e+00
      vertex   -4.156699e+01 3.000000e+00 1.025000e+01
      vertex   -4.151704e+01 3.000000e+00 1.012941e+01
    endloop
  endfacet
  facet normal -0.000000e+00 1.000000e+00 0.000000e+00
    outer loop
      vertex   -4.237059e+01 3.000000e+00 9.982963e+00
      vertex   -4.151704e+01 3.000000e+00 1.012941e+01
      vertex   -4.225000e+01 3.000000e+00 9.933013e+00
    endloop
  endfacet
  facet normal 0.000000e+00 1.000000e+00 0.000000e+00
    outer loop
      vertex   -4.225000e+01 3.000000e+00 9.933013e+00
      vertex   -4.151704e+01 3.000000e+00 1.012941e+01
      vertex   -4.150000e+01 3.000000e+00 1.000000e+01
    endloop
  endfacet
  facet normal -0.000000e+00 1.000000e+00 0.000000e+00
    outer loop
      vertex   -4.225000e+01 3.000000e+00 9.933013e+00
      vertex   -4.150000e+01 3.000000e+00 1.000000e+01
      vertex   -4.214645e+01 3.000000e+00 9.853553e+00
    endloop
  endfacet
  facet normal -0.000000e+00 1.000000e+00 0.000000e+00
    outer loop
      vertex   -4.214645e+01 3.000000e+00 9.853553e+00
      vertex   -4.150000e+01 3.000000e+00 1.000000e+01
      vertex   -4.206699e+01 3.000000e+00 9.750000e+00
    endloop
  endfacet
  facet normal -0.000000e+00 1.000000e+00 0.000000e+00
    outer loop
      vertex   -4.206699e+01 3.000000e+00 9.750000e+00
      vertex   -4.150000e+01 3.000000e+00 1.000000e+01
      vertex   -4.201704e+01 3.000000e+00 9.629410e+00
    endloop
  endfacet
  facet normal -0.000000e+00 1.000000e+00 0.000000e+00
    outer loop
      vertex   -4.201704e+01 3.000000e+00 9.629410e+00
      vertex   -4.150000e+01 3.000000e+00 1.000000e+01
      vertex   -4.200000e+01 3.000000e+00 9.500000e+00
    endloop
  endfacet
  facet normal -0.000000e+00 1.000000e+00 0.000000e+00
    outer loop
      vertex   -4.200000e+01 3.000000e+00 9.500000e+00
      vertex   -4.150000e+01 3.000000e+00 1.000000e+01
      vertex   -4.150000e+01 3.000000e+00 4.600000e+00
    endloop
  endfacet
  facet normal 0.000000e+00 1.000000e+00 0.000000e+00
    outer loop
      vertex   -4.200000e+01 3.000000e+00 9.500000e+00
      vertex   -4.150000e+01 3.000000e+00 4.600000e+00
      vertex   -4.200000e+01 3.000000e+00 4.600000e+00
    endloop
  endfacet
  facet normal 0.000000e+00 1.000000e+00 0.000000e+00
    outer loop
      vertex   -8.793301e+01 3.000000e+00 9.750000e+00
      vertex   -8.798296e+01 3.000000e+00 9.629410e+00
      vertex   -8.850000e+01 3.000000e+00 1.000000e+01
    endloop
  endfacet
  facet normal 0.000000e+00 1.000000e+00 0.000000e+00
    outer loop
      vertex   -8.850000e+01 3.000000e+00 1.000000e+01
      vertex   -8.798296e+01 3.000000e+00 9.629410e+00
      vertex   -8.800000e+01 3.000000e+00 9.500000e+00
    endloop
  endfacet
  facet normal 0.000000e+00 1.000000e+00 0.000000e+00
    outer loop
      vertex   -8.850000e+01 3.000000e+00 1.000000e+01
      vertex   -8.800000e+01 3.000000e+00 9.500000e+00
      vertex   -8.800000e+01 3.000000e+00 -9.500000e+00
    endloop
  endfacet
  facet normal 0.000000e+00 1.000000e+00 0.000000e+00
    outer loop
      vertex   -8.850000e+01 3.000000e+00 1.000000e+01
      vertex   -8.800000e+01 3.000000e+00 -9.500000e+00
      vertex   -8.850000e+01 3.000000e+00 -1.000000e+01
    endloop
  endfacet
  facet normal 0.000000e+00 1.000000e+00 0.000000e+00
    outer loop
      vertex   -8.850000e+01 3.000000e+00 -1.000000e+01
      vertex   -8.800000e+01 3.000000e+00 -9.500000e+00
      vertex   -8.798296e+01 3.000000e+00 -9.629410e+00
    endloop
  endfacet
  facet normal 0.000000e+00 1.000000e+00 0.000000e+00
    outer loop
      vertex   -8.850000e+01 3.000000e+00 -1.000000e+01
      vertex   -8.798296e+01 3.000000e+00 -9.629410e+00
      vertex   -8.793301e+01 3.000000e+00 -9.750000e+00
    endloop
  endfacet
  facet normal 0.000000e+00 1.000000e+00 0.000000e+00
    outer loop
      vertex   -8.793301e+01 3.000000e+00 -9.750000e+00
      vertex   -8.785355e+01 3.000000e+00 -9.853553e+00
      vertex   -8.850000e+01 3.000000e+00 -1.000000e+01
    endloop
  endfacet
  facet normal 0.000000e+00 1.000000e+00 0.000000e+00
    outer loop
      vertex   -8.850000e+01 3.000000e+00 -1.000000e+01
      vertex   -8.785355e+01 3.000000e+00 -9.853553e+00
      vertex   -8.775000e+01 3.000000e+00 -9.933013e+00
    endloop
  endfacet
  facet normal -0.000000e+00 1.000000e+00 0.000000e+00
    outer loop
      vertex   -8.850000e+01 3.000000e+00 -1.000000e+01
      vertex   -8.775000e+01 3.000000e+00 -9.933013e+00
      vertex   -8.848296e+01 3.000000e+00 -1.012941e+01
    endloop
  endfacet
  facet normal 0.000000e+00 1.000000e+00 0.000000e+00
    outer loop
      vertex   -8.848296e+01 3.000000e+00 -1.012941e+01
      vertex   -8.775000e+01 3.000000e+00 -9.933013e+00
      vertex   -8.762941e+01 3.000000e+00 -9.982963e+00
    endloop
  endfacet
  facet normal -0.000000e+00 1.000000e+00 0.000000e+00
    outer loop
      vertex   -8.848296e+01 3.000000e+00 -1.012941e+01
      vertex   -8.762941e+01 3.000000e+00 -9.982963e+00
      vertex   -8.843301e+01 3.000000e+00 -1.025000e+01
    endloop
  endfacet
  facet normal -0.000000e+00 1.000000e+00 0.000000e+00
    outer loop
      vertex   -8.843301e+01 3.000000e+00 -1.025000e+01
      vertex   -8.762941e+01 3.000000e+00 -9.982963e+00
      vertex   -8.835355e+01 3.000000e+00 -1.035355e+01
    endloop
  endfacet
  facet normal -0.000000e+00 1.000000e+00 0.000000e+00
    outer loop
      vertex   -8.835355e+01 3.000000e+00 -1.035355e+01
      vertex   -8.762941e+01 3.000000e+00 -9.982963e+00
      vertex   -8.825000e+01 3.000000e+00 -1.043301e+01
    endloop
  endfacet
  facet normal -0.000000e+00 1.000000e+00 0.000000e+00
    outer loop
      vertex   -8.825000e+01 3.000000e+00 -1.043301e+01
      vertex   -8.762941e+01 3.000000e+00 -9.982963e+00
      vertex   -8.800000e+01 3.000000e+00 -1.050000e+01
    endloop
  endfacet
  facet normal 0.000000e+00 1.000000e+00 0.000000e+00
    outer loop
      vertex   -8.825000e+01 3.000000e+00 -1.043301e+01
      vertex   -8.800000e+01 3.000000e+00 -1.050000e+01
      vertex   -8.812941e+01 3.000000e+00 -1.048296e+01
    endloop
  endfacet
  facet normal 0.000000e+00 1.000000e+00 0.000000e+00
    outer loop
      vertex   -8.762941e+01 3.000000e+00 -9.982963e+00
      vertex   -8.750000e+01 3.000000e+00 -1.000000e+01
      vertex   -8.800000e+01 3.000000e+00 -1.050000e+01
    endloop
  endfacet
  facet normal 0.000000e+00 1.000000e+00 0.000000e+00
    outer loop
      vertex   -8.800000e+01 3.000000e+00 -1.050000e+01
      vertex   -8.750000e+01 3.000000e+00 -1.000000e+01
      vertex   -4.250000e+01 3.000000e+00 -1.000000e+01
    endloop
  endfacet
  facet normal 0.000000e+00 1.000000e+00 0.000000e+00
    outer loop
      vertex   -8.800000e+01 3.000000e+00 -1.050000e+01
      vertex   -4.250000e+01 3.000000e+00 -1.000000e+01
      vertex   -4.200000e+01 3.000000e+00 -1.050000e+01
    endloop
  endfacet
  facet normal 0.000000e+00 1.000000e+00 0.000000e+00
    outer loop
      vertex   -4.200000e+01 3.000000e+00 -1.050000e+01
      vertex   -4.250000e+01 3.000000e+00 -1.000000e+01
      vertex   -4.237059e+01 3.000000e+00 -9.982963e+00
    endloop
  endfacet
  facet normal 0.000000e+00 1.000000e+00 -0.000000e+00
    outer loop
      vertex   -4.200000e+01 3.000000e+00 -1.050000e+01
      vertex   -4.237059e+01 3.000000e+00 -9.982963e+00
      vertex   -4.175000e+01 3.000000e+00 -1.043301e+01
    endloop
  endfacet
  facet normal 0.000000e+00 1.000000e+00 -0.000000e+00
    outer loop
      vertex   -4.175000e+01 3.000000e+00 -1.043301e+01
      vertex   -4.237059e+01 3.000000e+00 -9.982963e+00
      vertex   -4.164645e+01 3.000000e+00 -1.035355e+01
    endloop
  endfacet
  facet normal 0.000000e+00 1.000000e+00 -0.000000e+00
    outer loop
      vertex   -4.164645e+01 3.000000e+00 -1.035355e+01
      vertex   -4.237059e+01 3.000000e+00 -9.982963e+00
      vertex   -4.156699e+01 3.000000e+00 -1.025000e+01
    endloop
  endfacet
  facet normal 0.000000e+00 1.000000e+00 -0.000000e+00
    outer loop
      vertex   -4.156699e+01 3.000000e+00 -1.025000e+01
      vertex   -4.237059e+01 3.000000e+00 -9.982963e+00
      vertex   -4.151704e+01 3.000000e+00 -1.012941e+01
    endloop
  endfacet
  facet normal 0.000000e+00 1.000000e+00 0.000000e+00
    outer loop
      vertex   -4.151704e+01 3.000000e+00 -1.012941e+01
      vertex   -4.237059e+01 3.000000e+00 -9.982963e+00
      vertex   -4.225000e+01 3.000000e+00 -9.933013e+00
    endloop
  endfacet
  facet normal 0.000000e+00 1.000000e+00 -0.000000e+00
    outer loop
      vertex   -4.151704e+01 3.000000e+00 -1.012941e+01
      vertex   -4.225000e+01 3.000000e+00 -9.933013e+00
      vertex   -4.150000e+01 3.000000e+00 -1.000000e+01
    endloop
  endfacet
  facet normal 0.000000e+00 1.000000e+00 0.000000e+00
    outer loop
      vertex   -4.150000e+01 3.000000e+00 -1.000000e+01
      vertex   -4.225000e+01 3.000000e+00 -9.933013e+00
      vertex   -4.214645e+01 3.000000e+00 -9.853553e+00
    endloop
  endfacet
  facet normal 0.000000e+00 1.000000e+00 0.000000e+00
    outer loop
      vertex   -4.150000e+01 3.000000e+00 -1.000000e+01
      vertex   -4.214645e+01 3.000000e+00 -9.853553e+00
      vertex   -4.206699e+01 3.000000e+00 -9.750000e+00
    endloop
  endfacet
  facet normal -0.000000e+00 1.000000e+00 0.000000e+00
    outer loop
      vertex   -4.206699e+01 3.000000e+00 -9.750000e+00
      vertex   -4.201704e+01 3.000000e+00 -9.629410e+00
      vertex   -4.150000e+01 3.000000e+00 -1.000000e+01
    endloop
  endfacet
  facet normal 0.000000e+00 1.000000e+00 0.000000e+00
    outer loop
      vertex   -4.150000e+01 3.000000e+00 -1.000000e+01
      vertex   -4.201704e+01 3.000000e+00 -9.629410e+00
      vertex   -4.200000e+01 3.000000e+00 -9.500000e+00
    endloop
  endfacet
  facet normal 0.000000e+00 1.000000e+00 -0.000000e+00
    outer loop
      vertex   -4.150000e+01 3.000000e+00 -1.000000e+01
      vertex   -4.200000e+01 3.000000e+00 -9.500000e+00
      vertex   -4.150000e+01 3.000000e+00 -4.600000e+00
    endloop
  endfacet
  facet normal 0.000000e+00 1.000000e+00 0.000000e+00
    outer loop
      vertex   -4.150000e+01 3.000000e+00 -4.600000e+00
      vertex   -4.200000e+01 3.000000e+00 -9.500000e+00
      vertex   -4.200000e+01 3.000000e+00 -4.600000e+00
    endloop
  endfacet
  facet normal 0.000000e+00 1.000000e+00 0.000000e+00
    outer loop
      vertex   -4.175000e+01 3.000000e+00 -1.043301e+01
      vertex   -4.187059e+01 3.000000e+00 -1.048296e+01
      vertex   -4.200000e+01 3.000000e+00 -1.050000e+01
    endloop
  endfacet
  facet normal 0.000000e+00 0.000000e+00 1.000000e+00
    outer loop
      vertex   -8.800000e+01 1.000000e+00 1.050000e+01
      vertex   -4.200000e+01 1.000000e+00 1.050000e+01
      vertex   -8.800000e+01 3.000000e+00 1.050000e+01
    endloop
  endfacet
  facet normal -0.000000e+00 0.000000e+00 1.000000e+00
    outer loop
      vertex   -8.800000e+01 3.000000e+00 1.050000e+01
      vertex   -4.200000e+01 1.000000e+00 1.050000e+01
      vertex   -4.200000e+01 3.000000e+00 1.050000e+01
    endloop
  endfacet
  facet normal 9.914449e-01 0.000000e+00 1.305262e-01
    outer loop
      vertex   -8.800000e+01 3.000000e+00 -9.500000e+00
      vertex   -8.800000e+01 5.000000e-01 -9.500000e+00
      vertex   -8.798296e+01 3.000000e+00 -9.629410e+00
    endloop
  endfacet
  facet normal 9.914449e-01 0.000000e+00 1.305262e-01
    outer loop
      vertex   -8.798296e+01 3.000000e+00 -9.629410e+00
      vertex   -8.800000e+01 5.000000e-01 -9.500000e+00
      vertex   -8.798296e+01 5.000000e-01 -9.629410e+00
    endloop
  endfacet
  facet normal 9.238795e-01 0.000000e+00 3.826834e-01
    outer loop
      vertex   -8.798296e+01 3.000000e+00 -9.629410e+00
      vertex   -8.798296e+01 5.000000e-01 -9.629410e+00
      vertex   -8.793301e+01 3.000000e+00 -9.750000e+00
    endloop
  endfacet
  facet normal 9.238795e-01 0.000000e+00 3.826834e-01
    outer loop
      vertex   -8.793301e+01 3.000000e+00 -9.750000e+00
      vertex   -8.798296e+01 5.000000e-01 -9.629410e+00
      vertex   -8.793301e+01 5.000000e-01 -9.750000e+00
    endloop
  endfacet
  facet normal 7.933533e-01 0.000000e+00 6.087614e-01
    outer loop
      vertex   -8.793301e+01 3.000000e+00 -9.750000e+00
      vertex   -8.793301e+01 5.000000e-01 -9.750000e+00
      vertex   -8.785355e+01 3.000000e+00 -9.853553e+00
    endloop
  endfacet
  facet normal 7.933533e-01 0.000000e+00 6.087614e-01
    outer loop
      vertex   -8.785355e+01 3.000000e+00 -9.853553e+00
      vertex   -8.793301e+01 5.000000e-01 -9.750000e+00
      vertex   -8.785355e+01 5.000000e-01 -9.853553e+00
    endloop
  endfacet
  facet normal 6.087614e-01 0.000000e+00 7.933533e-01
    outer loop
      vertex   -8.785355e+01 3.000000e+00 -9.853553e+00
      vertex   -8.785355e+01 5.000000e-01 -9.853553e+00
      vertex   -8.775000e+01 3.000000e+00 -9.933013e+00
    endloop
  endfacet
  facet normal 6.087614e-01 0.000000e+00 7.933533e-01
    outer loop
      vertex   -8.775000e+01 3.000000e+00 -9.933013e+00
      vertex   -8.785355e+01 5.000000e-01 -9.853553e+00
      vertex   -8.775000e+01 5.000000e-01 -9.933013e+00
    endloop
  endfacet
  facet normal 3.826834e-01 0.000000e+00 9.238795e-01
    outer loop
      vertex   -8.775000e+01 3.000000e+00 -9.933013e+00
      vertex   -8.775000e+01 5.000000e-01 -9.933013e+00
      vertex   -8.762941e+01 3.000000e+00 -9.982963e+00
    endloop
  endfacet
  facet normal 3.826834e-01 0.000000e+00 9.238795e-01
    outer loop
      vertex   -8.762941e+01 3.000000e+00 -9.982963e+00
      vertex   -8.775000e+01 5.000000e-01 -9.933013e+00
      vertex   -8.762941e+01 5.000000e-01 -9.982963e+00
    endloop
  endfacet
  facet normal 1.305262e-01 0.000000e+00 9.914449e-01
    outer loop
      vertex   -8.762941e+01 3.000000e+00 -9.982963e+00
      vertex   -8.762941e+01 5.000000e-01 -9.982963e+00
      vertex   -8.750000e+01 3.000000e+00 -1.000000e+01
    endloop
  endfacet
  facet normal 1.305262e-01 0.000000e+00 9.914449e-01
    outer loop
      vertex   -8.750000e+01 3.000000e+00 -1.000000e+01
      vertex   -8.762941e+01 5.000000e-01 -9.982963e+00
      vertex   -8.750000e+01 5.000000e-01 -1.000000e+01
    endloop
  endfacet
  facet normal 0.000000e+00 0.000000e+00 1.000000e+00
    outer loop
      vertex   -8.750000e+01 5.000000e-01 -1.000000e+01
      vertex   -4.250000e+01 5.000000e-01 -1.000000e+01
      vertex   -8.750000e+01 3.000000e+00 -1.000000e+01
    endloop
  endfacet
  facet normal -0.000000e+00 0.000000e+00 1.000000e+00
    outer loop
      vertex   -8.750000e+01 3.000000e+00 -1.000000e+01
      vertex   -4.250000e+01 5.000000e-01 -1.000000e+01
      vertex   -4.250000e+01 3.000000e+00 -1.000000e+01
    endloop
  endfacet
  facet normal 1.305262e-01 0.000000e+00 -9.914449e-01
    outer loop
      vertex   -8.750000e+01 3.000000e+00 1.000000e+01
      vertex   -8.750000e+01 5.000000e-01 1.000000e+01
      vertex   -8.762941e+01 3.000000e+00 9.982963e+00
    endloop
  endfacet
  facet normal 1.305262e-01 0.000000e+00 -9.914449e-01
    outer loop
      vertex   -8.762941e+01 3.000000e+00 9.982963e+00
      vertex   -8.750000e+01 5.000000e-01 1.000000e+01
      vertex   -8.762941e+01 5.000000e-01 9.982963e+00
    endloop
  endfacet
  facet normal 3.826834e-01 0.000000e+00 -9.238795e-01
    outer loop
      vertex   -8.762941e+01 3.000000e+00 9.982963e+00
      vertex   -8.762941e+01 5.000000e-01 9.982963e+00
      vertex   -8.775000e+01 3.000000e+00 9.933013e+00
    endloop
  endfacet
  facet normal 3.826834e-01 0.000000e+00 -9.238795e-01
    outer loop
      vertex   -8.775000e+01 3.000000e+00 9.933013e+00
      vertex   -8.762941e+01 5.000000e-01 9.982963e+00
      vertex   -8.775000e+01 5.000000e-01 9.933013e+00
    endloop
  endfacet
  facet normal 6.087614e-01 0.000000e+00 -7.933533e-01
    outer loop
      vertex   -8.775000e+01 3.000000e+00 9.933013e+00
      vertex   -8.775000e+01 5.000000e-01 9.933013e+00
      vertex   -8.785355e+01 3.000000e+00 9.853553e+00
    endloop
  endfacet
  facet normal 6.087614e-01 0.000000e+00 -7.933533e-01
    outer loop
      vertex   -8.785355e+01 3.000000e+00 9.853553e+00
      vertex   -8.775000e+01 5.000000e-01 9.933013e+00
      vertex   -8.785355e+01 5.000000e-01 9.853553e+00
    endloop
  endfacet
  facet normal 7.933533e-01 0.000000e+00 -6.087614e-01
    outer loop
      vertex   -8.785355e+01 3.000000e+00 9.853553e+00
      vertex   -8.785355e+01 5.000000e-01 9.853553e+00
      vertex   -8.793301e+01 3.000000e+00 9.750000e+00
    endloop
  endfacet
  facet normal 7.933533e-01 0.000000e+00 -6.087614e-01
    outer loop
      vertex   -8.793301e+01 3.000000e+00 9.750000e+00
      vertex   -8.785355e+01 5.000000e-01 9.853553e+00
      vertex   -8.793301e+01 5.000000e-01 9.750000e+00
    endloop
  endfacet
  facet normal 9.238795e-01 0.000000e+00 -3.826834e-01
    outer loop
      vertex   -8.793301e+01 3.000000e+00 9.750000e+00
      vertex   -8.793301e+01 5.000000e-01 9.750000e+00
      vertex   -8.798296e+01 3.000000e+00 9.629410e+00
    endloop
  endfacet
  facet normal 9.238795e-01 0.000000e+00 -3.826834e-01
    outer loop
      vertex   -8.798296e+01 3.000000e+00 9.629410e+00
      vertex   -8.793301e+01 5.000000e-01 9.750000e+00
      vertex   -8.798296e+01 5.000000e-01 9.629410e+00
    endloop
  endfacet
  facet normal 9.914449e-01 0.000000e+00 -1.305262e-01
    outer loop
      vertex   -8.798296e+01 3.000000e+00 9.629410e+00
      vertex   -8.798296e+01 5.000000e-01 9.629410e+00
      vertex   -8.800000e+01 3.000000e+00 9.500000e+00
    endloop
  endfacet
  facet normal 9.914449e-01 0.000000e+00 -1.305262e-01
    outer loop
      vertex   -8.800000e+01 3.000000e+00 9.500000e+00
      vertex   -8.798296e+01 5.000000e-01 9.629410e+00
      vertex   -8.800000e+01 5.000000e-01 9.500000e+00
    endloop
  endfacet
  facet normal -0.000000e+00 1.000000e+00 -0.000000e+00
    outer loop
      vertex   -8.762941e+01 5.000000e-01 -9.982963e+00
      vertex   -8.775000e+01 5.000000e-01 -9.933013e+00
      vertex   -8.750000e+01 5.000000e-01 -1.000000e+01
    endloop
  endfacet
  facet normal 0.000000e+00 1.000000e+00 0.000000e+00
    outer loop
      vertex   -8.750000e+01 5.000000e-01 -1.000000e+01
      vertex   -8.775000e+01 5.000000e-01 -9.933013e+00
      vertex   -8.785355e+01 5.000000e-01 -9.853553e+00
    endloop
  endfacet
  facet normal 0.000000e+00 1.000000e+00 0.000000e+00
    outer loop
      vertex   -8.750000e+01 5.000000e-01 -1.000000e+01
      vertex   -8.785355e+01 5.000000e-01 -9.853553e+00
      vertex   -8.793301e+01 5.000000e-01 -9.750000e+00
    endloop
  endfacet
  facet normal -0.000000e+00 1.000000e+00 -0.000000e+00
    outer loop
      vertex   -8.793301e+01 5.000000e-01 -9.750000e+00
      vertex   -8.798296e+01 5.000000e-01 -9.629410e+00
      vertex   -8.750000e+01 5.000000e-01 -1.000000e+01
    endloop
  endfacet
  facet normal 0.000000e+00 1.000000e+00 0.000000e+00
    outer loop
      vertex   -8.750000e+01 5.000000e-01 -1.000000e+01
      vertex   -8.798296e+01 5.000000e-01 -9.629410e+00
      vertex   -8.800000e+01 5.000000e-01 -9.500000e+00
    endloop
  endfacet
  facet normal 0.000000e+00 1.000000e+00 -0.000000e+00
    outer loop
      vertex   -8.750000e+01 5.000000e-01 -1.000000e+01
      vertex   -8.800000e+01 5.000000e-01 -9.500000e+00
      vertex   -4.200000e+01 5.000000e-01 -9.500000e+00
    endloop
  endfacet
  facet normal 0.000000e+00 1.000000e+00 -0.000000e+00
    outer loop
      vertex   -4.200000e+01 5.000000e-01 -9.500000e+00
      vertex   -8.800000e+01 5.000000e-01 -9.500000e+00
      vertex   -4.200000e+01 5.000000e-01 9.500000e+00
    endloop
  endfacet
  facet normal 0.000000e+00 1.000000e+00 0.000000e+00
    outer loop
      vertex   -4.200000e+01 5.000000e-01 9.500000e+00
      vertex   -8.800000e+01 5.000000e-01 -9.500000e+00
      vertex   -8.800000e+01 5.000000e-01 9.500000e+00
    endloop
  endfacet
  facet normal 0.000000e+00 1.000000e+00 0.000000e+00
    outer loop
      vertex   -4.200000e+01 5.000000e-01 9.500000e+00
      vertex   -8.800000e+01 5.000000e-01 9.500000e+00
      vertex   -4.250000e+01 5.000000e-01 1.000000e+01
    endloop
  endfacet
  facet normal 0.000000e+00 1.000000e+00 0.000000e+00
    outer loop
      vertex   -4.250000e+01 5.000000e-01 1.000000e+01
      vertex   -8.800000e+01 5.000000e-01 9.500000e+00
      vertex   -8.750000e+01 5.000000e-01 1.000000e+01
    endloop
  endfacet
  facet normal 0.000000e+00 1.000000e+00 0.000000e+00
    outer loop
      vertex   -8.750000e+01 5.000000e-01 1.000000e+01
      vertex   -8.800000e+01 5.000000e-01 9.500000e+00
      vertex   -8.798296e+01 5.000000e-01 9.629410e+00
    endloop
  endfacet
  facet normal 0.000000e+00 1.000000e+00 0.000000e+00
    outer loop
      vertex   -8.750000e+01 5.000000e-01 1.000000e+01
      vertex   -8.798296e+01 5.000000e-01 9.629410e+00
      vertex   -8.793301e+01 5.000000e-01 9.750000e+00
    endloop
  endfacet
  facet normal 0.000000e+00 1.000000e+00 0.000000e+00
    outer loop
      vertex   -8.793301e+01 5.000000e-01 9.750000e+00
      vertex   -8.785355e+01 5.000000e-01 9.853553e+00
      vertex   -8.750000e+01 5.000000e-01 1.000000e+01
    endloop
  endfacet
  facet normal 0.000000e+00 1.000000e+00 0.000000e+00
    outer loop
      vertex   -8.750000e+01 5.000000e-01 1.000000e+01
      vertex   -8.785355e+01 5.000000e-01 9.853553e+00
      vertex   -8.775000e+01 5.000000e-01 9.933013e+00
    endloop
  endfacet
  facet normal 0.000000e+00 1.000000e+00 0.000000e+00
    outer loop
      vertex   -8.750000e+01 5.000000e-01 1.000000e+01
      vertex   -8.775000e+01 5.000000e-01 9.933013e+00
      vertex   -8.762941e+01 5.000000e-01 9.982963e+00
    endloop
  endfacet
  facet normal 0.000000e+00 1.000000e+00 0.000000e+00
    outer loop
      vertex   -4.237059e+01 5.000000e-01 9.982963e+00
      vertex   -4.225000e+01 5.000000e-01 9.933013e+00
      vertex   -4.250000e+01 5.000000e-01 1.000000e+01
    endloop
  endfacet
  facet normal 0.000000e+00 1.000000e+00 0.000000e+00
    outer loop
      vertex   -4.250000e+01 5.000000e-01 1.000000e+01
      vertex   -4.225000e+01 5.000000e-01 9.933013e+00
      vertex   -4.214645e+01 5.000000e-01 9.853553e+00
    endloop
  endfacet
  facet normal 0.000000e+00 1.000000e+00 0.000000e+00
    outer loop
      vertex   -4.250000e+01 5.000000e-01 1.000000e+01
      vertex   -4.214645e+01 5.000000e-01 9.853553e+00
      vertex   -4.206699e+01 5.000000e-01 9.750000e+00
    endloop
  endfacet
  facet normal 0.000000e+00 1.000000e+00 0.000000e+00
    outer loop
      vertex   -4.206699e+01 5.000000e-01 9.750000e+00
      vertex   -4.201704e+01 5.000000e-01 9.629410e+00
      vertex   -4.250000e+01 5.000000e-01 1.000000e+01
    endloop
  endfacet
  facet normal 0.000000e+00 1.000000e+00 0.000000e+00
    outer loop
      vertex   -4.250000e+01 5.000000e-01 1.000000e+01
      vertex   -4.201704e+01 5.000000e-01 9.629410e+00
      vertex   -4.200000e+01 5.000000e-01 9.500000e+00
    endloop
  endfacet
  facet normal 0.000000e+00 1.000000e+00 0.000000e+00
    outer loop
      vertex   -8.750000e+01 5.000000e-01 -1.000000e+01
      vertex   -4.200000e+01 5.000000e-01 -9.500000e+00
      vertex   -4.250000e+01 5.000000e-01 -1.000000e+01
    endloop
  endfacet
  facet normal 0.000000e+00 1.000000e+00 0.000000e+00
    outer loop
      vertex   -4.250000e+01 5.000000e-01 -1.000000e+01
      vertex   -4.200000e+01 5.000000e-01 -9.500000e+00
      vertex   -4.201704e+01 5.000000e-01 -9.629410e+00
    endloop
  endfacet
  facet normal 0.000000e+00 1.000000e+00 0.000000e+00
    outer loop
      vertex   -4.250000e+01 5.000000e-01 -1.000000e+01
      vertex   -4.201704e+01 5.000000e-01 -9.629410e+00
      vertex   -4.206699e+01 5.000000e-01 -9.750000e+00
    endloop
  endfacet
  facet normal 0.000000e+00 1.000000e+00 0.000000e+00
    outer loop
      vertex   -4.206699e+01 5.000000e-01 -9.750000e+00
      vertex   -4.214645e+01 5.000000e-01 -9.853553e+00
      vertex   -4.250000e+01 5.000000e-01 -1.000000e+01
    endloop
  endfacet
  facet normal 0.000000e+00 1.000000e+00 0.000000e+00
    outer loop
      vertex   -4.250000e+01 5.000000e-01 -1.000000e+01
      vertex   -4.214645e+01 5.000000e-01 -9.853553e+00
      vertex   -4.225000e+01 5.000000e-01 -9.933013e+00
    endloop
  endfacet
  facet normal 0.000000e+00 1.000000e+00 0.000000e+00
    outer loop
      vertex   -4.250000e+01 5.000000e-01 -1.000000e+01
      vertex   -4.225000e+01 5.000000e-01 -9.933013e+00
      vertex   -4.237059e+01 5.000000e-01 -9.982963e+00
    endloop
  endfacet
  facet normal 0.000000e+00 0.000000e+00 -1.000000e+00
    outer loop
      vertex   -8.750000e+01 3.000000e+00 1.000000e+01
      vertex   -4.250000e+01 3.000000e+00 1.000000e+01
      vertex   -8.750000e+01 5.000000e-01 1.000000e+01
    endloop
  endfacet
  facet normal 0.000000e+00 0.000000e+00 -1.000000e+00
    outer loop
      vertex   -8.750000e+01 5.000000e-01 1.000000e+01
      vertex   -4.250000e+01 3.000000e+00 1.000000e+01
      vertex   -4.250000e+01 5.000000e-01 1.000000e+01
    endloop
  endfacet
  facet normal -1.305262e-01 0.000000e+00 9.914449e-01
    outer loop
      vertex   -4.250000e+01 3.000000e+00 -1.000000e+01
      vertex   -4.250000e+01 5.000000e-01 -1.000000e+01
      vertex   -4.237059e+01 3.000000e+00 -9.982963e+00
    endloop
  endfacet
  facet normal -1.305262e-01 0.000000e+00 9.914449e-01
    outer loop
      vertex   -4.237059e+01 3.000000e+00 -9.982963e+00
      vertex   -4.250000e+01 5.000000e-01 -1.000000e+01
      vertex   -4.237059e+01 5.000000e-01 -9.982963e+00
    endloop
  endfacet
  facet normal -3.826834e-01 0.000000e+00 9.238795e-01
    outer loop
      vertex   -4.237059e+01 3.000000e+00 -9.982963e+00
      vertex   -4.237059e+01 5.000000e-01 -9.982963e+00
      vertex   -4.225000e+01 3.000000e+00 -9.933013e+00
    endloop
  endfacet
  facet normal -3.826834e-01 0.000000e+00 9.238795e-01
    outer loop
      vertex   -4.225000e+01 3.000000e+00 -9.933013e+00
      vertex   -4.237059e+01 5.000000e-01 -9.982963e+00
      vertex   -4.225000e+01 5.000000e-01 -9.933013e+00
    endloop
  endfacet
  facet normal -6.087614e-01 0.000000e+00 7.933533e-01
    outer loop
      vertex   -4.225000e+01 3.000000e+00 -9.933013e+00
      vertex   -4.225000e+01 5.000000e-01 -9.933013e+00
      vertex   -4.214645e+01 3.000000e+00 -9.853553e+00
    endloop
  endfacet
  facet normal -6.087614e-01 0.000000e+00 7.933533e-01
    outer loop
      vertex   -4.214645e+01 3.000000e+00 -9.853553e+00
      vertex   -4.225000e+01 5.000000e-01 -9.933013e+00
      vertex   -4.214645e+01 5.000000e-01 -9.853553e+00
    endloop
  endfacet
  facet normal -7.933533e-01 0.000000e+00 6.087614e-01
    outer loop
      vertex   -4.214645e+01 3.000000e+00 -9.853553e+00
      vertex   -4.214645e+01 5.000000e-01 -9.853553e+00
      vertex   -4.206699e+01 3.000000e+00 -9.750000e+00
    endloop
  endfacet
  facet normal -7.933533e-01 0.000000e+00 6.087614e-01
    outer loop
      vertex   -4.206699e+01 3.000000e+00 -9.750000e+00
      vertex   -4.214645e+01 5.000000e-01 -9.853553e+00
      vertex   -4.206699e+01 5.000000e-01 -9.750000e+00
    endloop
  endfacet
  facet normal -9.238795e-01 0.000000e+00 3.826834e-01
    outer loop
      vertex   -4.206699e+01 3.000000e+00 -9.750000e+00
      vertex   -4.206699e+01 5.000000e-01 -9.750000e+00
      vertex   -4.201704e+01 3.000000e+00 -9.629410e+00
    endloop
  endfacet
  facet normal -9.238795e-01 0.000000e+00 3.826834e-01
    outer loop
      vertex   -4.201704e+01 3.000000e+00 -9.629410e+00
      vertex   -4.206699e+01 5.000000e-01 -9.750000e+00
      vertex   -4.201704e+01 5.000000e-01 -9.629410e+00
    endloop
  endfacet
  facet normal -9.914449e-01 0.000000e+00 1.305262e-01
    outer loop
      vertex   -4.201704e+01 3.000000e+00 -9.629410e+00
      vertex   -4.201704e+01 5.000000e-01 -9.629410e+00
      vertex   -4.200000e+01 3.000000e+00 -9.500000e+00
    endloop
  endfacet
  facet normal -9.914449e-01 0.000000e+00 1.305262e-01
    outer loop
      vertex   -4.200000e+01 3.000000e+00 -9.500000e+00
      vertex   -4.201704e+01 5.000000e-01 -9.629410e+00
      vertex   -4.200000e+01 5.000000e-01 -9.500000e+00
    endloop
  endfacet
  facet normal -1.000000e+00 -0.000000e+00 -1.450087e-15
    outer loop
      vertex   -4.200000e+01 3.000000e+00 -4.600000e+00
      vertex   -4.200000e+01 3.000000e+00 -9.500000e+00
      vertex   -4.200000e+01 1.000000e+00 -4.600000e+00
    endloop
  endfacet
  facet normal -1.000000e+00 0.000000e+00 -1.450087e-15
    outer loop
      vertex   -4.200000e+01 1.000000e+00 -4.600000e+00
      vertex   -4.200000e+01 3.000000e+00 -9.500000e+00
      vertex   -4.200000e+01 5.000000e-01 -9.500000e+00
    endloop
  endfacet
  facet normal -1.000000e+00 -1.421085e-14 0.000000e+00
    outer loop
      vertex   -4.200000e+01 1.000000e+00 -4.600000e+00
      vertex   -4.200000e+01 5.000000e-01 -9.500000e+00
      vertex   -4.200000e+01 5.000000e-01 9.500000e+00
    endloop
  endfacet
  facet normal -1.000000e+00 -1.421085e-14 0.000000e+00
    outer loop
      vertex   -4.200000e+01 1.000000e+00 -4.600000e+00
      vertex   -4.200000e+01 5.000000e-01 9.500000e+00
      vertex   -4.200000e+01 1.000000e+00 4.600000e+00
    endloop
  endfacet
  facet normal -1.000000e+00 0.000000e+00 1.450087e-15
    outer loop
      vertex   -4.200000e+01 1.000000e+00 4.600000e+00
      vertex   -4.200000e+01 5.000000e-01 9.500000e+00
      vertex   -4.200000e+01 3.000000e+00 9.500000e+00
    endloop
  endfacet
  facet normal -1.000000e+00 6.439681e-31 1.450087e-15
    outer loop
      vertex   -4.200000e+01 1.000000e+00 4.600000e+00
      vertex   -4.200000e+01 3.000000e+00 9.500000e+00
      vertex   -4.200000e+01 3.000000e+00 4.600000e+00
    endloop
  endfacet
  facet normal 9.914449e-01 -0.000000e+00 1.305262e-01
    outer loop
      vertex   -4.150000e+01 1.000000e+00 1.000000e+01
      vertex   -4.150000e+01 3.000000e+00 1.000000e+01
      vertex   -4.151704e+01 1.000000e+00 1.012941e+01
    endloop
  endfacet
  facet normal 9.914449e-01 -0.000000e+00 1.305262e-01
    outer loop
      vertex   -4.151704e+01 1.000000e+00 1.012941e+01
      vertex   -4.150000e+01 3.000000e+00 1.000000e+01
      vertex   -4.151704e+01 3.000000e+00 1.012941e+01
    endloop
  endfacet
  facet normal 9.238795e-01 -0.000000e+00 3.826834e-01
    outer loop
      vertex   -4.151704e+01 1.000000e+00 1.012941e+01
      vertex   -4.151704e+01 3.000000e+00 1.012941e+01
      vertex   -4.156699e+01 1.000000e+00 1.025000e+01
    endloop
  endfacet
  facet normal 9.238795e-01 -0.000000e+00 3.826834e-01
    outer loop
      vertex   -4.156699e+01 1.000000e+00 1.025000e+01
      vertex   -4.151704e+01 3.000000e+00 1.012941e+01
      vertex   -4.156699e+01 3.000000e+00 1.025000e+01
    endloop
  endfacet
  facet normal 7.933533e-01 -0.000000e+00 6.087614e-01
    outer loop
      vertex   -4.156699e+01 1.000000e+00 1.025000e+01
      vertex   -4.156699e+01 3.000000e+00 1.025000e+01
      vertex   -4.164645e+01 1.000000e+00 1.035355e+01
    endloop
  endfacet
  facet normal 7.933533e-01 -0.000000e+00 6.087614e-01
    outer loop
      vertex   -4.164645e+01 1.000000e+00 1.035355e+01
      vertex   -4.156699e+01 3.000000e+00 1.025000e+01
      vertex   -4.164645e+01 3.000000e+00 1.035355e+01
    endloop
  endfacet
  facet normal 6.087614e-01 -0.000000e+00 7.933533e-01
    outer loop
      vertex   -4.164645e+01 1.000000e+00 1.035355e+01
      vertex   -4.164645e+01 3.000000e+00 1.035355e+01
      vertex   -4.175000e+01 1.000000e+00 1.043301e+01
    endloop
  endfacet
  facet normal 6.087614e-01 -0.000000e+00 7.933533e-01
    outer loop
      vertex   -4.175000e+01 1.000000e+00 1.043301e+01
      vertex   -4.164645e+01 3.000000e+00 1.035355e+01
      vertex   -4.175000e+01 3.000000e+00 1.043301e+01
    endloop
  endfacet
  facet normal 3.826834e-01 -0.000000e+00 9.238795e-01
    outer loop
      vertex   -4.175000e+01 1.000000e+00 1.043301e+01
      vertex   -4.175000e+01 3.000000e+00 1.043301e+01
      vertex   -4.187059e+01 1.000000e+00 1.048296e+01
    endloop
  endfacet
  facet normal 3.826834e-01 -0.000000e+00 9.238795e-01
    outer loop
      vertex   -4.187059e+01 1.000000e+00 1.048296e+01
      vertex   -4.175000e+01 3.000000e+00 1.043301e+01
      vertex   -4.187059e+01 3.000000e+00 1.048296e+01
    endloop
  endfacet
  facet normal 1.305262e-01 -0.000000e+00 9.914449e-01
    outer loop
      vertex   -4.187059e+01 1.000000e+00 1.048296e+01
      vertex   -4.187059e+01 3.000000e+00 1.048296e+01
      vertex   -4.200000e+01 1.000000e+00 1.050000e+01
    endloop
  endfacet
  facet normal 1.305262e-01 -0.000000e+00 9.914449e-01
    outer loop
      vertex   -4.200000e+01 1.000000e+00 1.050000e+01
      vertex   -4.187059e+01 3.000000e+00 1.048296e+01
      vertex   -4.200000e+01 3.000000e+00 1.050000e+01
    endloop
  endfacet
  facet normal 1.305262e-01 0.000000e+00 -9.914449e-01
    outer loop
      vertex   -4.200000e+01 1.000000e+00 -1.050000e+01
      vertex   -4.200000e+01 3.000000e+00 -1.050000e+01
      vertex   -4.187059e+01 1.000000e+00 -1.048296e+01
    endloop
  endfacet
  facet normal 1.305262e-01 0.000000e+00 -9.914449e-01
    outer loop
      vertex   -4.187059e+01 1.000000e+00 -1.048296e+01
      vertex   -4.200000e+01 3.000000e+00 -1.050000e+01
      vertex   -4.187059e+01 3.000000e+00 -1.048296e+01
    endloop
  endfacet
  facet normal 3.826834e-01 0.000000e+00 -9.238795e-01
    outer loop
      vertex   -4.187059e+01 1.000000e+00 -1.048296e+01
      vertex   -4.187059e+01 3.000000e+00 -1.048296e+01
      vertex   -4.175000e+01 1.000000e+00 -1.043301e+01
    endloop
  endfacet
  facet normal 3.826834e-01 0.000000e+00 -9.238795e-01
    outer loop
      vertex   -4.175000e+01 1.000000e+00 -1.043301e+01
      vertex   -4.187059e+01 3.000000e+00 -1.048296e+01
      vertex   -4.175000e+01 3.000000e+00 -1.043301e+01
    endloop
  endfacet
  facet normal 6.087614e-01 0.000000e+00 -7.933533e-01
    outer loop
      vertex   -4.175000e+01 1.000000e+00 -1.043301e+01
      vertex   -4.175000e+01 3.000000e+00 -1.043301e+01
      vertex   -4.164645e+01 1.000000e+00 -1.035355e+01
    endloop
  endfacet
  facet normal 6.087614e-01 0.000000e+00 -7.933533e-01
    outer loop
      vertex   -4.164645e+01 1.000000e+00 -1.035355e+01
      vertex   -4.175000e+01 3.000000e+00 -1.043301e+01
      vertex   -4.164645e+01 3.000000e+00 -1.035355e+01
    endloop
  endfacet
  facet normal 7.933533e-01 0.000000e+00 -6.087614e-01
    outer loop
      vertex   -4.164645e+01 1.000000e+00 -1.035355e+01
      vertex   -4.164645e+01 3.000000e+00 -1.035355e+01
      vertex   -4.156699e+01 1.000000e+00 -1.025000e+01
    endloop
  endfacet
  facet normal 7.933533e-01 0.000000e+00 -6.087614e-01
    outer loop
      vertex   -4.156699e+01 1.000000e+00 -1.025000e+01
      vertex   -4.164645e+01 3.000000e+00 -1.035355e+01
      vertex   -4.156699e+01 3.000000e+00 -1.025000e+01
    endloop
  endfacet
  facet normal 9.238795e-01 0.000000e+00 -3.826834e-01
    outer loop
      vertex   -4.156699e+01 1.000000e+00 -1.025000e+01
      vertex   -4.156699e+01 3.000000e+00 -1.025000e+01
      vertex   -4.151704e+01 1.000000e+00 -1.012941e+01
    endloop
  endfacet
  facet normal 9.238795e-01 0.000000e+00 -3.826834e-01
    outer loop
      vertex   -4.151704e+01 1.000000e+00 -1.012941e+01
      vertex   -4.156699e+01 3.000000e+00 -1.025000e+01
      vertex   -4.151704e+01 3.000000e+00 -1.012941e+01
    endloop
  endfacet
  facet normal 9.914449e-01 0.000000e+00 -1.305262e-01
    outer loop
      vertex   -4.151704e+01 1.000000e+00 -1.012941e+01
      vertex   -4.151704e+01 3.000000e+00 -1.012941e+01
      vertex   -4.150000e+01 1.000000e+00 -1.000000e+01
    endloop
  endfacet
  facet normal 9.914449e-01 0.000000e+00 -1.305262e-01
    outer loop
      vertex   -4.150000e+01 1.000000e+00 -1.000000e+01
      vertex   -4.151704e+01 3.000000e+00 -1.012941e+01
      vertex   -4.150000e+01 3.000000e+00 -1.000000e+01
    endloop
  endfacet
  facet normal 0.000000e+00 0.000000e+00 -1.000000e+00
    outer loop
      vertex   -4.200000e+01 1.000000e+00 -1.050000e+01
      vertex   -8.800000e+01 1.000000e+00 -1.050000e+01
      vertex   -4.200000e+01 3.000000e+00 -1.050000e+01
    endloop
  endfacet
  facet normal -0.000000e+00 0.000000e+00 -1.000000e+00
    outer loop
      vertex   -4.200000e+01 3.000000e+00 -1.050000e+01
      vertex   -8.800000e+01 1.000000e+00 -1.050000e+01
      vertex   -8.800000e+01 3.000000e+00 -1.050000e+01
    endloop
  endfacet
  facet normal -9.914449e-01 -0.000000e+00 -1.305262e-01
    outer loop
      vertex   -4.200000e+01 3.000000e+00 9.500000e+00
      vertex   -4.200000e+01 5.000000e-01 9.500000e+00
      vertex   -4.201704e+01 3.000000e+00 9.629410e+00
    endloop
  endfacet
  facet normal -9.914449e-01 -0.000000e+00 -1.305262e-01
    outer loop
      vertex   -4.201704e+01 3.000000e+00 9.629410e+00
      vertex   -4.200000e+01 5.000000e-01 9.500000e+00
      vertex   -4.201704e+01 5.000000e-01 9.629410e+00
    endloop
  endfacet
  facet normal -9.238795e-01 -0.000000e+00 -3.826834e-01
    outer loop
      vertex   -4.201704e+01 3.000000e+00 9.629410e+00
      vertex   -4.201704e+01 5.000000e-01 9.629410e+00
      vertex   -4.206699e+01 3.000000e+00 9.750000e+00
    endloop
  endfacet
  facet normal -9.238795e-01 -0.000000e+00 -3.826834e-01
    outer loop
      vertex   -4.206699e+01 3.000000e+00 9.750000e+00
      vertex   -4.201704e+01 5.000000e-01 9.629410e+00
      vertex   -4.206699e+01 5.000000e-01 9.750000e+00
    endloop
  endfacet
  facet normal -7.933533e-01 -0.000000e+00 -6.087614e-01
    outer loop
      vertex   -4.206699e+01 3.000000e+00 9.750000e+00
      vertex   -4.206699e+01 5.000000e-01 9.750000e+00
      vertex   -4.214645e+01 3.000000e+00 9.853553e+00
    endloop
  endfacet
  facet normal -7.933533e-01 -0.000000e+00 -6.087614e-01
    outer loop
      vertex   -4.214645e+01 3.000000e+00 9.853553e+00
      vertex   -4.206699e+01 5.000000e-01 9.750000e+00
      vertex   -4.214645e+01 5.000000e-01 9.853553e+00
    endloop
  endfacet
  facet normal -6.087614e-01 -0.000000e+00 -7.933533e-01
    outer loop
      vertex   -4.214645e+01 3.000000e+00 9.853553e+00
      vertex   -4.214645e+01 5.000000e-01 9.853553e+00
      vertex   -4.225000e+01 3.000000e+00 9.933013e+00
    endloop
  endfacet
  facet normal -6.087614e-01 -0.000000e+00 -7.933533e-01
    outer loop
      vertex   -4.225000e+01 3.000000e+00 9.933013e+00
      vertex   -4.214645e+01 5.000000e-01 9.853553e+00
      vertex   -4.225000e+01 5.000000e-01 9.933013e+00
    endloop
  endfacet
  facet normal -3.826834e-01 -0.000000e+00 -9.238795e-01
    outer loop
      vertex   -4.225000e+01 3.000000e+00 9.933013e+00
      vertex   -4.225000e+01 5.000000e-01 9.933013e+00
      vertex   -4.237059e+01 3.000000e+00 9.982963e+00
    endloop
  endfacet
  facet normal -3.826834e-01 -0.000000e+00 -9.238795e-01
    outer loop
      vertex   -4.237059e+01 3.000000e+00 9.982963e+00
      vertex   -4.225000e+01 5.000000e-01 9.933013e+00
      vertex   -4.237059e+01 5.000000e-01 9.982963e+00
    endloop
  endfacet
  facet normal -1.305262e-01 -0.000000e+00 -9.914449e-01
    outer loop
      vertex   -4.237059e+01 3.000000e+00 9.982963e+00
      vertex   -4.237059e+01 5.000000e-01 9.982963e+00
      vertex   -4.250000e+01 3.000000e+00 1.000000e+01
    endloop
  endfacet
  facet normal -1.305262e-01 -0.000000e+00 -9.914449e-01
    outer loop
      vertex   -4.250000e+01 3.000000e+00 1.000000e+01
      vertex   -4.237059e+01 5.000000e-01 9.982963e+00
      vertex   -4.250000e+01 5.000000e-01 1.000000e+01
    endloop
  endfacet
  facet normal 0.000000e+00 -9.951847e-01 9.801714e-02
    outer loop
      vertex   -8.850000e+01 0.000000e+00 1.050000e+01
      vertex   -4.150000e+01 0.000000e+00 1.050000e+01
      vertex   -8.859755e+01 9.607360e-03 1.059755e+01
    endloop
  endfacet
  facet normal 1.326661e-04 -9.869124e-01 1.612573e-01
    outer loop
      vertex   -8.859755e+01 9.607360e-03 1.059755e+01
      vertex   -4.150000e+01 0.000000e+00 1.050000e+01
      vertex   -7.205882e+01 1.703709e-02 1.062941e+01
    endloop
  endfacet
  facet normal -5.663950e-20 -9.738770e-01 2.270763e-01
    outer loop
      vertex   -8.859755e+01 9.607360e-03 1.059755e+01
      vertex   -7.205882e+01 1.703709e-02 1.062941e+01
      vertex   -7.488235e+01 1.703709e-02 1.062941e+01
    endloop
  endfacet
  facet normal 0.000000e+00 -9.238795e-01 3.826834e-01
    outer loop
      vertex   -7.488235e+01 1.703709e-02 1.062941e+01
      vertex   -7.205882e+01 1.703709e-02 1.062941e+01
      vertex   -7.488235e+01 6.698730e-02 1.075000e+01
    endloop
  endfacet
  facet normal -9.170063e-19 -9.238795e-01 3.826834e-01
    outer loop
      vertex   -7.488235e+01 1.703709e-02 1.062941e+01
      vertex   -7.488235e+01 6.698730e-02 1.075000e+01
      vertex   -7.770588e+01 6.698730e-02 1.075000e+01
    endloop
  endfacet
  facet normal 0.000000e+00 -7.933533e-01 6.087614e-01
    outer loop
      vertex   -7.770588e+01 6.698730e-02 1.075000e+01
      vertex   -7.488235e+01 6.698730e-02 1.075000e+01
      vertex   -7.770588e+01 1.464466e-01 1.085355e+01
    endloop
  endfacet
  facet normal 2.108836e-17 -7.933533e-01 6.087614e-01
    outer loop
      vertex   -7.770588e+01 6.698730e-02 1.075000e+01
      vertex   -7.770588e+01 1.464466e-01 1.085355e+01
      vertex   -8.052941e+01 1.464466e-01 1.085355e+01
    endloop
  endfacet
  facet normal 1.795256e-17 -6.087614e-01 7.933533e-01
    outer loop
      vertex   -8.052941e+01 1.464466e-01 1.085355e+01
      vertex   -7.770588e+01 1.464466e-01 1.085355e+01
      vertex   -8.052941e+01 2.500000e-01 1.093301e+01
    endloop
  endfacet
  facet normal -9.705808e-19 -6.087614e-01 7.933533e-01
    outer loop
      vertex   -8.052941e+01 1.464466e-01 1.085355e+01
      vertex   -8.052941e+01 2.500000e-01 1.093301e+01
      vertex   -8.335294e+01 2.500000e-01 1.093301e+01
    endloop
  endfacet
  facet normal 0.000000e+00 -3.826834e-01 9.238795e-01
    outer loop
      vertex   -8.335294e+01 2.500000e-01 1.093301e+01
      vertex   -8.052941e+01 2.500000e-01 1.093301e+01
      vertex   -8.335294e+01 3.705905e-01 1.098296e+01
    endloop
  endfacet
  facet normal 1.165026e-18 -3.826834e-01 9.238795e-01
    outer loop
      vertex   -8.335294e+01 2.500000e-01 1.093301e+01
      vertex   -8.335294e+01 3.705905e-01 1.098296e+01
      vertex   -8.617647e+01 3.705905e-01 1.098296e+01
    endloop
  endfacet
  facet normal 0.000000e+00 -1.305262e-01 9.914449e-01
    outer loop
      vertex   -8.617647e+01 3.705905e-01 1.098296e+01
      vertex   -8.335294e+01 3.705905e-01 1.098296e+01
      vertex   -8.900000e+01 5.000000e-01 1.100000e+01
    endloop
  endfacet
  facet normal 3.786337e-03 -4.888176e-02 9.987974e-01
    outer loop
      vertex   -8.617647e+01 3.705905e-01 1.098296e+01
      vertex   -8.900000e+01 5.000000e-01 1.100000e+01
      vertex   -8.899759e+01 4.509914e-01 1.099759e+01
    endloop
  endfacet
  facet normal -1.740751e-03 -9.950119e-01 9.974087e-02
    outer loop
      vertex   -4.140245e+01 9.607360e-03 1.059755e+01
      vertex   -4.382353e+01 1.703709e-02 1.062941e+01
      vertex   -4.150000e+01 0.000000e+00 1.050000e+01
    endloop
  endfacet
  facet normal 6.479921e-20 -9.914449e-01 1.305262e-01
    outer loop
      vertex   -4.150000e+01 0.000000e+00 1.050000e+01
      vertex   -4.382353e+01 1.703709e-02 1.062941e+01
      vertex   -4.664706e+01 1.703709e-02 1.062941e+01
    endloop
  endfacet
  facet normal 6.479921e-20 -9.914449e-01 1.305262e-01
    outer loop
      vertex   -4.150000e+01 0.000000e+00 1.050000e+01
      vertex   -4.664706e+01 1.703709e-02 1.062941e+01
      vertex   -4.947059e+01 1.703709e-02 1.062941e+01
    endloop
  endfacet
  facet normal 0.000000e+00 -9.238795e-01 3.826834e-01
    outer loop
      vertex   -4.947059e+01 1.703709e-02 1.062941e+01
      vertex   -4.664706e+01 1.703709e-02 1.062941e+01
      vertex   -4.947059e+01 6.698730e-02 1.075000e+01
    endloop
  endfacet
  facet normal -9.170063e-19 -9.238795e-01 3.826834e-01
    outer loop
      vertex   -4.947059e+01 1.703709e-02 1.062941e+01
      vertex   -4.947059e+01 6.698730e-02 1.075000e+01
      vertex   -5.229412e+01 6.698730e-02 1.075000e+01
    endloop
  endfacet
  facet normal 0.000000e+00 -7.933533e-01 6.087614e-01
    outer loop
      vertex   -5.229412e+01 6.698730e-02 1.075000e+01
      vertex   -4.947059e+01 6.698730e-02 1.075000e+01
      vertex   -5.229412e+01 1.464466e-01 1.085355e+01
    endloop
  endfacet
  facet normal 3.970067e-17 -7.933533e-01 6.087614e-01
    outer loop
      vertex   -5.229412e+01 6.698730e-02 1.075000e+01
      vertex   -5.229412e+01 1.464466e-01 1.085355e+01
      vertex   -5.511765e+01 1.464466e-01 1.085355e+01
    endloop
  endfacet
  facet normal 2.992093e-17 -6.087614e-01 7.933533e-01
    outer loop
      vertex   -5.511765e+01 1.464466e-01 1.085355e+01
      vertex   -5.229412e+01 1.464466e-01 1.085355e+01
      vertex   -5.511765e+01 2.500000e-01 1.093301e+01
    endloop
  endfacet
  facet normal -4.652005e-19 -6.087614e-01 7.933533e-01
    outer loop
      vertex   -5.511765e+01 1.464466e-01 1.085355e+01
      vertex   -5.511765e+01 2.500000e-01 1.093301e+01
      vertex   -5.794118e+01 2.500000e-01 1.093301e+01
    endloop
  endfacet
  facet normal 0.000000e+00 -3.826834e-01 9.238795e-01
    outer loop
      vertex   -5.794118e+01 2.500000e-01 1.093301e+01
      vertex   -5.511765e+01 2.500000e-01 1.093301e+01
      vertex   -5.794118e+01 3.705905e-01 1.098296e+01
    endloop
  endfacet
  facet normal 1.165026e-18 -3.826834e-01 9.238795e-01
    outer loop
      vertex   -5.794118e+01 2.500000e-01 1.093301e+01
      vertex   -5.794118e+01 3.705905e-01 1.098296e+01
      vertex   -6.076471e+01 3.705905e-01 1.098296e+01
    endloop
  endfacet
  facet normal 0.000000e+00 -1.790169e-01 9.838460e-01
    outer loop
      vertex   -6.076471e+01 3.705905e-01 1.098296e+01
      vertex   -5.794118e+01 3.705905e-01 1.098296e+01
      vertex   -4.100241e+01 4.509914e-01 1.099759e+01
    endloop
  endfacet
  facet normal 0.000000e+00 -1.790169e-01 9.838460e-01
    outer loop
      vertex   -6.076471e+01 3.705905e-01 1.098296e+01
      vertex   -4.100241e+01 4.509914e-01 1.099759e+01
      vertex   -6.358824e+01 3.705905e-01 1.098296e+01
    endloop
  endfacet
  facet normal -1.041939e-04 -1.506110e-01 9.885931e-01
    outer loop
      vertex   -6.358824e+01 3.705905e-01 1.098296e+01
      vertex   -4.100241e+01 4.509914e-01 1.099759e+01
      vertex   -8.900000e+01 5.000000e-01 1.100000e+01
    endloop
  endfacet
  facet normal 0.000000e+00 -1.305262e-01 9.914449e-01
    outer loop
      vertex   -6.358824e+01 3.705905e-01 1.098296e+01
      vertex   -8.900000e+01 5.000000e-01 1.100000e+01
      vertex   -6.641176e+01 3.705905e-01 1.098296e+01
    endloop
  endfacet
  facet normal 0.000000e+00 -1.305262e-01 9.914449e-01
    outer loop
      vertex   -6.641176e+01 3.705905e-01 1.098296e+01
      vertex   -8.900000e+01 5.000000e-01 1.100000e+01
      vertex   -6.923529e+01 3.705905e-01 1.098296e+01
    endloop
  endfacet
  facet normal 0.000000e+00 -3.826834e-01 9.238795e-01
    outer loop
      vertex   -6.641176e+01 3.705905e-01 1.098296e+01
      vertex   -6.923529e+01 3.705905e-01 1.098296e+01
      vertex   -6.641176e+01 2.500000e-01 1.093301e+01
    endloop
  endfacet
  facet normal 0.000000e+00 -3.826834e-01 9.238795e-01
    outer loop
      vertex   -6.641176e+01 2.500000e-01 1.093301e+01
      vertex   -6.923529e+01 3.705905e-01 1.098296e+01
      vertex   -6.923529e+01 2.500000e-01 1.093301e+01
    endloop
  endfacet
  facet normal 0.000000e+00 -6.087614e-01 7.933533e-01
    outer loop
      vertex   -6.641176e+01 2.500000e-01 1.093301e+01
      vertex   -6.923529e+01 2.500000e-01 1.093301e+01
      vertex   -6.641176e+01 1.464466e-01 1.085355e+01
    endloop
  endfacet
  facet normal 3.590511e-17 -6.087614e-01 7.933533e-01
    outer loop
      vertex   -6.641176e+01 1.464466e-01 1.085355e+01
      vertex   -6.923529e+01 2.500000e-01 1.093301e+01
      vertex   -6.923529e+01 1.464466e-01 1.085355e+01
    endloop
  endfacet
  facet normal 4.679245e-17 -7.933533e-01 6.087614e-01
    outer loop
      vertex   -6.641176e+01 1.464466e-01 1.085355e+01
      vertex   -6.923529e+01 1.464466e-01 1.085355e+01
      vertex   -6.641176e+01 6.698730e-02 1.075000e+01
    endloop
  endfacet
  facet normal 0.000000e+00 -7.933533e-01 6.087614e-01
    outer loop
      vertex   -6.641176e+01 6.698730e-02 1.075000e+01
      vertex   -6.923529e+01 1.464466e-01 1.085355e+01
      vertex   -6.923529e+01 6.698730e-02 1.075000e+01
    endloop
  endfacet
  facet normal 0.000000e+00 -9.238795e-01 3.826834e-01
    outer loop
      vertex   -6.641176e+01 6.698730e-02 1.075000e+01
      vertex   -6.923529e+01 6.698730e-02 1.075000e+01
      vertex   -6.641176e+01 1.703709e-02 1.062941e+01
    endloop
  endfacet
  facet normal 0.000000e+00 -9.238795e-01 3.826834e-01
    outer loop
      vertex   -6.641176e+01 1.703709e-02 1.062941e+01
      vertex   -6.923529e+01 6.698730e-02 1.075000e+01
      vertex   -6.923529e+01 1.703709e-02 1.062941e+01
    endloop
  endfacet
  facet normal 0.000000e+00 -9.914449e-01 1.305262e-01
    outer loop
      vertex   -6.641176e+01 1.703709e-02 1.062941e+01
      vertex   -6.923529e+01 1.703709e-02 1.062941e+01
      vertex   -4.150000e+01 0.000000e+00 1.050000e+01
    endloop
  endfacet
  facet normal 6.479921e-20 -9.914449e-01 1.305262e-01
    outer loop
      vertex   -4.150000e+01 0.000000e+00 1.050000e+01
      vertex   -6.923529e+01 1.703709e-02 1.062941e+01
      vertex   -7.205882e+01 1.703709e-02 1.062941e+01
    endloop
  endfacet
  facet normal 8.726148e-04 -9.571820e-01 2.894854e-01
    outer loop
      vertex   -4.140245e+01 9.607360e-03 1.059755e+01
      vertex   -4.130866e+01 3.806023e-02 1.069134e+01
      vertex   -4.382353e+01 1.703709e-02 1.062941e+01
    endloop
  endfacet
  facet normal -1.700907e-03 -9.238782e-01 3.826829e-01
    outer loop
      vertex   -4.382353e+01 1.703709e-02 1.062941e+01
      vertex   -4.130866e+01 3.806023e-02 1.069134e+01
      vertex   -4.382353e+01 6.698730e-02 1.075000e+01
    endloop
  endfacet
  facet normal -9.170063e-19 -9.238795e-01 3.826834e-01
    outer loop
      vertex   -4.382353e+01 1.703709e-02 1.062941e+01
      vertex   -4.382353e+01 6.698730e-02 1.075000e+01
      vertex   -4.664706e+01 6.698730e-02 1.075000e+01
    endloop
  endfacet
  facet normal 0.000000e+00 -7.933533e-01 6.087614e-01
    outer loop
      vertex   -4.664706e+01 6.698730e-02 1.075000e+01
      vertex   -4.382353e+01 6.698730e-02 1.075000e+01
      vertex   -4.664706e+01 1.464466e-01 1.085355e+01
    endloop
  endfacet
  facet normal 3.766982e-17 -7.933533e-01 6.087614e-01
    outer loop
      vertex   -4.664706e+01 6.698730e-02 1.075000e+01
      vertex   -4.664706e+01 1.464466e-01 1.085355e+01
      vertex   -4.947059e+01 1.464466e-01 1.085355e+01
    endloop
  endfacet
  facet normal 2.992093e-17 -6.087614e-01 7.933533e-01
    outer loop
      vertex   -4.947059e+01 1.464466e-01 1.085355e+01
      vertex   -4.664706e+01 1.464466e-01 1.085355e+01
      vertex   -4.947059e+01 2.500000e-01 1.093301e+01
    endloop
  endfacet
  facet normal 8.833908e-19 -6.087614e-01 7.933533e-01
    outer loop
      vertex   -4.947059e+01 1.464466e-01 1.085355e+01
      vertex   -4.947059e+01 2.500000e-01 1.093301e+01
      vertex   -5.229412e+01 2.500000e-01 1.093301e+01
    endloop
  endfacet
  facet normal 0.000000e+00 -3.826834e-01 9.238795e-01
    outer loop
      vertex   -5.229412e+01 2.500000e-01 1.093301e+01
      vertex   -4.947059e+01 2.500000e-01 1.093301e+01
      vertex   -5.229412e+01 3.705905e-01 1.098296e+01
    endloop
  endfacet
  facet normal 1.165026e-18 -3.826834e-01 9.238795e-01
    outer loop
      vertex   -5.229412e+01 2.500000e-01 1.093301e+01
      vertex   -5.229412e+01 3.705905e-01 1.098296e+01
      vertex   -5.511765e+01 3.705905e-01 1.098296e+01
    endloop
  endfacet
  facet normal 0.000000e+00 -1.790169e-01 9.838460e-01
    outer loop
      vertex   -5.511765e+01 3.705905e-01 1.098296e+01
      vertex   -5.229412e+01 3.705905e-01 1.098296e+01
      vertex   -4.100241e+01 4.509914e-01 1.099759e+01
    endloop
  endfacet
  facet normal 0.000000e+00 -1.790169e-01 9.838460e-01
    outer loop
      vertex   -5.511765e+01 3.705905e-01 1.098296e+01
      vertex   -4.100241e+01 4.509914e-01 1.099759e+01
      vertex   -5.794118e+01 3.705905e-01 1.098296e+01
    endloop
  endfacet
  facet normal 8.318414e-04 -8.822665e-01 4.707495e-01
    outer loop
      vertex   -4.130866e+01 3.806023e-02 1.069134e+01
      vertex   -4.122221e+01 8.426519e-02 1.077779e+01
      vertex   -4.382353e+01 6.698730e-02 1.075000e+01
    endloop
  endfacet
  facet normal -1.232849e-03 -7.933527e-01 6.087610e-01
    outer loop
      vertex   -4.382353e+01 6.698730e-02 1.075000e+01
      vertex   -4.122221e+01 8.426519e-02 1.077779e+01
      vertex   -4.382353e+01 1.464466e-01 1.085355e+01
    endloop
  endfacet
  facet normal 3.900787e-17 -7.933533e-01 6.087614e-01
    outer loop
      vertex   -4.382353e+01 6.698730e-02 1.075000e+01
      vertex   -4.382353e+01 1.464466e-01 1.085355e+01
      vertex   -4.664706e+01 1.464466e-01 1.085355e+01
    endloop
  endfacet
  facet normal 2.992093e-17 -6.087614e-01 7.933533e-01
    outer loop
      vertex   -4.664706e+01 1.464466e-01 1.085355e+01
      vertex   -4.382353e+01 1.464466e-01 1.085355e+01
      vertex   -4.664706e+01 2.500000e-01 1.093301e+01
    endloop
  endfacet
  facet normal -7.957923e-19 -6.087614e-01 7.933533e-01
    outer loop
      vertex   -4.664706e+01 1.464466e-01 1.085355e+01
      vertex   -4.664706e+01 2.500000e-01 1.093301e+01
      vertex   -4.947059e+01 2.500000e-01 1.093301e+01
    endloop
  endfacet
  facet normal 0.000000e+00 -3.826834e-01 9.238795e-01
    outer loop
      vertex   -4.947059e+01 2.500000e-01 1.093301e+01
      vertex   -4.664706e+01 2.500000e-01 1.093301e+01
      vertex   -4.947059e+01 3.705905e-01 1.098296e+01
    endloop
  endfacet
  facet normal 1.165026e-18 -3.826834e-01 9.238795e-01
    outer loop
      vertex   -4.947059e+01 2.500000e-01 1.093301e+01
      vertex   -4.947059e+01 3.705905e-01 1.098296e+01
      vertex   -5.229412e+01 3.705905e-01 1.098296e+01
    endloop
  endfacet
  facet normal 0.000000e+00 -1.790169e-01 9.838460e-01
    outer loop
      vertex   -5.229412e+01 3.705905e-01 1.098296e+01
      vertex   -4.947059e+01 3.705905e-01 1.098296e+01
      vertex   -4.100241e+01 4.509914e-01 1.099759e+01
    endloop
  endfacet
  facet normal 1.031788e-16 -7.730105e-01 6.343933e-01
    outer loop
      vertex   -4.122221e+01 8.426519e-02 1.077779e+01
      vertex   -4.114645e+01 1.464466e-01 1.085355e+01
      vertex   -4.382353e+01 1.464466e-01 1.085355e+01
    endloop
  endfacet
  facet normal 8.550477e-17 -6.343933e-01 7.730105e-01
    outer loop
      vertex   -4.382353e+01 1.464466e-01 1.085355e+01
      vertex   -4.114645e+01 1.464466e-01 1.085355e+01
      vertex   -4.108427e+01 2.222149e-01 1.091573e+01
    endloop
  endfacet
  facet normal -1.170763e-03 -6.087610e-01 7.933528e-01
    outer loop
      vertex   -4.382353e+01 1.464466e-01 1.085355e+01
      vertex   -4.108427e+01 2.222149e-01 1.091573e+01
      vertex   -4.382353e+01 2.500000e-01 1.093301e+01
    endloop
  endfacet
  facet normal 7.768413e-04 -4.717195e-01 8.817483e-01
    outer loop
      vertex   -4.382353e+01 2.500000e-01 1.093301e+01
      vertex   -4.108427e+01 2.222149e-01 1.091573e+01
      vertex   -4.103806e+01 3.086583e-01 1.096194e+01
    endloop
  endfacet
  facet normal -1.535671e-03 -3.826830e-01 9.238784e-01
    outer loop
      vertex   -4.382353e+01 2.500000e-01 1.093301e+01
      vertex   -4.103806e+01 3.086583e-01 1.096194e+01
      vertex   -4.382353e+01 3.705905e-01 1.098296e+01
    endloop
  endfacet
  facet normal 7.630494e-04 -2.904965e-01 9.568757e-01
    outer loop
      vertex   -4.382353e+01 3.705905e-01 1.098296e+01
      vertex   -4.103806e+01 3.086583e-01 1.096194e+01
      vertex   -4.100961e+01 4.024548e-01 1.099039e+01
    endloop
  endfacet
  facet normal -9.518358e-04 -1.465923e-01 9.891965e-01
    outer loop
      vertex   -4.382353e+01 3.705905e-01 1.098296e+01
      vertex   -4.100961e+01 4.024548e-01 1.099039e+01
      vertex   -4.100241e+01 4.509914e-01 1.099759e+01
    endloop
  endfacet
  facet normal -1.558390e-21 -4.906767e-02 9.987955e-01
    outer loop
      vertex   -4.100241e+01 4.509914e-01 1.099759e+01
      vertex   -4.100000e+01 5.000000e-01 1.100000e+01
      vertex   -8.900000e+01 5.000000e-01 1.100000e+01
    endloop
  endfacet
  facet normal 9.518358e-04 -1.465923e-01 9.891965e-01
    outer loop
      vertex   -8.899759e+01 4.509914e-01 1.099759e+01
      vertex   -8.899039e+01 4.024548e-01 1.099039e+01
      vertex   -8.617647e+01 3.705905e-01 1.098296e+01
    endloop
  endfacet
  facet normal -7.630494e-04 -2.904965e-01 9.568757e-01
    outer loop
      vertex   -8.617647e+01 3.705905e-01 1.098296e+01
      vertex   -8.899039e+01 4.024548e-01 1.099039e+01
      vertex   -8.896194e+01 3.086583e-01 1.096194e+01
    endloop
  endfacet
  facet normal 1.535671e-03 -3.826830e-01 9.238784e-01
    outer loop
      vertex   -8.617647e+01 3.705905e-01 1.098296e+01
      vertex   -8.896194e+01 3.086583e-01 1.096194e+01
      vertex   -8.617647e+01 2.500000e-01 1.093301e+01
    endloop
  endfacet
  facet normal -7.768413e-04 -4.717195e-01 8.817483e-01
    outer loop
      vertex   -8.617647e+01 2.500000e-01 1.093301e+01
      vertex   -8.896194e+01 3.086583e-01 1.096194e+01
      vertex   -8.891573e+01 2.222149e-01 1.091573e+01
    endloop
  endfacet
  facet normal 1.170763e-03 -6.087610e-01 7.933528e-01
    outer loop
      vertex   -8.617647e+01 2.500000e-01 1.093301e+01
      vertex   -8.891573e+01 2.222149e-01 1.091573e+01
      vertex   -8.617647e+01 1.464466e-01 1.085355e+01
    endloop
  endfacet
  facet normal -1.085149e-15 -6.343933e-01 7.730105e-01
    outer loop
      vertex   -8.617647e+01 1.464466e-01 1.085355e+01
      vertex   -8.891573e+01 2.222149e-01 1.091573e+01
      vertex   -8.885355e+01 1.464466e-01 1.085355e+01
    endloop
  endfacet
  facet normal -1.118204e-15 -7.730105e-01 6.343933e-01
    outer loop
      vertex   -8.617647e+01 1.464466e-01 1.085355e+01
      vertex   -8.885355e+01 1.464466e-01 1.085355e+01
      vertex   -8.877779e+01 8.426519e-02 1.077779e+01
    endloop
  endfacet
  facet normal 1.232849e-03 -7.933527e-01 6.087610e-01
    outer loop
      vertex   -8.617647e+01 1.464466e-01 1.085355e+01
      vertex   -8.877779e+01 8.426519e-02 1.077779e+01
      vertex   -8.617647e+01 6.698730e-02 1.075000e+01
    endloop
  endfacet
  facet normal -8.318414e-04 -8.822665e-01 4.707495e-01
    outer loop
      vertex   -8.617647e+01 6.698730e-02 1.075000e+01
      vertex   -8.877779e+01 8.426519e-02 1.077779e+01
      vertex   -8.869134e+01 3.806023e-02 1.069134e+01
    endloop
  endfacet
  facet normal 1.700907e-03 -9.238782e-01 3.826829e-01
    outer loop
      vertex   -8.617647e+01 6.698730e-02 1.075000e+01
      vertex   -8.869134e+01 3.806023e-02 1.069134e+01
      vertex   -8.617647e+01 1.703709e-02 1.062941e+01
    endloop
  endfacet
  facet normal -8.726148e-04 -9.571820e-01 2.894854e-01
    outer loop
      vertex   -8.617647e+01 1.703709e-02 1.062941e+01
      vertex   -8.869134e+01 3.806023e-02 1.069134e+01
      vertex   -8.859755e+01 9.607360e-03 1.059755e+01
    endloop
  endfacet
  facet normal 0.000000e+00 -9.738770e-01 2.270763e-01
    outer loop
      vertex   -8.617647e+01 1.703709e-02 1.062941e+01
      vertex   -8.859755e+01 9.607360e-03 1.059755e+01
      vertex   -8.335294e+01 1.703709e-02 1.062941e+01
    endloop
  endfacet
  facet normal 0.000000e+00 -9.738770e-01 2.270763e-01
    outer loop
      vertex   -8.335294e+01 1.703709e-02 1.062941e+01
      vertex   -8.859755e+01 9.607360e-03 1.059755e+01
      vertex   -8.052941e+01 1.703709e-02 1.062941e+01
    endloop
  endfacet
  facet normal 0.000000e+00 -9.238795e-01 3.826834e-01
    outer loop
      vertex   -8.335294e+01 1.703709e-02 1.062941e+01
      vertex   -8.052941e+01 1.703709e-02 1.062941e+01
      vertex   -8.335294e+01 6.698730e-02 1.075000e+01
    endloop
  endfacet
  facet normal 0.000000e+00 -9.238795e-01 3.826834e-01
    outer loop
      vertex   -8.335294e+01 6.698730e-02 1.075000e+01
      vertex   -8.052941e+01 1.703709e-02 1.062941e+01
      vertex   -8.052941e+01 6.698730e-02 1.075000e+01
    endloop
  endfacet
  facet normal 0.000000e+00 -7.933533e-01 6.087614e-01
    outer loop
      vertex   -8.335294e+01 6.698730e-02 1.075000e+01
      vertex   -8.052941e+01 6.698730e-02 1.075000e+01
      vertex   -8.335294e+01 1.464466e-01 1.085355e+01
    endloop
  endfacet
  facet normal 3.899371e-17 -7.933533e-01 6.087614e-01
    outer loop
      vertex   -8.335294e+01 1.464466e-01 1.085355e+01
      vertex   -8.052941e+01 6.698730e-02 1.075000e+01
      vertex   -8.052941e+01 1.464466e-01 1.085355e+01
    endloop
  endfacet
  facet normal 2.992093e-17 -6.087614e-01 7.933533e-01
    outer loop
      vertex   -8.335294e+01 1.464466e-01 1.085355e+01
      vertex   -8.052941e+01 1.464466e-01 1.085355e+01
      vertex   -8.335294e+01 2.500000e-01 1.093301e+01
    endloop
  endfacet
  facet normal 0.000000e+00 -9.238795e-01 3.826834e-01
    outer loop
      vertex   -4.947059e+01 6.698730e-02 1.075000e+01
      vertex   -4.664706e+01 1.703709e-02 1.062941e+01
      vertex   -4.664706e+01 6.698730e-02 1.075000e+01
    endloop
  endfacet
  facet normal -9.170063e-19 -9.238795e-01 3.826834e-01
    outer loop
      vertex   -4.664706e+01 6.698730e-02 1.075000e+01
      vertex   -4.664706e+01 1.703709e-02 1.062941e+01
      vertex   -4.382353e+01 1.703709e-02 1.062941e+01
    endloop
  endfacet
  facet normal 0.000000e+00 -9.914449e-01 1.305262e-01
    outer loop
      vertex   -4.947059e+01 1.703709e-02 1.062941e+01
      vertex   -5.229412e+01 1.703709e-02 1.062941e+01
      vertex   -4.150000e+01 0.000000e+00 1.050000e+01
    endloop
  endfacet
  facet normal 6.479921e-20 -9.914449e-01 1.305262e-01
    outer loop
      vertex   -4.150000e+01 0.000000e+00 1.050000e+01
      vertex   -5.229412e+01 1.703709e-02 1.062941e+01
      vertex   -5.511765e+01 1.703709e-02 1.062941e+01
    endloop
  endfacet
  facet normal 6.479921e-20 -9.914449e-01 1.305262e-01
    outer loop
      vertex   -4.150000e+01 0.000000e+00 1.050000e+01
      vertex   -5.511765e+01 1.703709e-02 1.062941e+01
      vertex   -5.794118e+01 1.703709e-02 1.062941e+01
    endloop
  endfacet
  facet normal 0.000000e+00 -9.238795e-01 3.826834e-01
    outer loop
      vertex   -5.794118e+01 1.703709e-02 1.062941e+01
      vertex   -5.511765e+01 1.703709e-02 1.062941e+01
      vertex   -5.794118e+01 6.698730e-02 1.075000e+01
    endloop
  endfacet
  facet normal -9.170063e-19 -9.238795e-01 3.826834e-01
    outer loop
      vertex   -5.794118e+01 1.703709e-02 1.062941e+01
      vertex   -5.794118e+01 6.698730e-02 1.075000e+01
      vertex   -6.076471e+01 6.698730e-02 1.075000e+01
    endloop
  endfacet
  facet normal 0.000000e+00 -7.933533e-01 6.087614e-01
    outer loop
      vertex   -6.076471e+01 6.698730e-02 1.075000e+01
      vertex   -5.794118e+01 6.698730e-02 1.075000e+01
      vertex   -6.076471e+01 1.464466e-01 1.085355e+01
    endloop
  endfacet
  facet normal 2.156564e-17 -7.933533e-01 6.087614e-01
    outer loop
      vertex   -6.076471e+01 6.698730e-02 1.075000e+01
      vertex   -6.076471e+01 1.464466e-01 1.085355e+01
      vertex   -6.358824e+01 1.464466e-01 1.085355e+01
    endloop
  endfacet
  facet normal 1.795256e-17 -6.087614e-01 7.933533e-01
    outer loop
      vertex   -6.358824e+01 1.464466e-01 1.085355e+01
      vertex   -6.076471e+01 1.464466e-01 1.085355e+01
      vertex   -6.358824e+01 2.500000e-01 1.093301e+01
    endloop
  endfacet
  facet normal 2.017893e-18 -6.087614e-01 7.933533e-01
    outer loop
      vertex   -6.358824e+01 1.464466e-01 1.085355e+01
      vertex   -6.358824e+01 2.500000e-01 1.093301e+01
      vertex   -6.641176e+01 2.500000e-01 1.093301e+01
    endloop
  endfacet
  facet normal 0.000000e+00 -3.826834e-01 9.238795e-01
    outer loop
      vertex   -6.641176e+01 2.500000e-01 1.093301e+01
      vertex   -6.358824e+01 2.500000e-01 1.093301e+01
      vertex   -6.641176e+01 3.705905e-01 1.098296e+01
    endloop
  endfacet
  facet normal 0.000000e+00 -9.238795e-01 3.826834e-01
    outer loop
      vertex   -4.947059e+01 1.703709e-02 1.062941e+01
      vertex   -5.229412e+01 6.698730e-02 1.075000e+01
      vertex   -5.229412e+01 1.703709e-02 1.062941e+01
    endloop
  endfacet
  facet normal -9.170063e-19 -9.238795e-01 3.826834e-01
    outer loop
      vertex   -5.229412e+01 1.703709e-02 1.062941e+01
      vertex   -5.229412e+01 6.698730e-02 1.075000e+01
      vertex   -5.511765e+01 6.698730e-02 1.075000e+01
    endloop
  endfacet
  facet normal 0.000000e+00 -9.238795e-01 3.826834e-01
    outer loop
      vertex   -5.229412e+01 1.703709e-02 1.062941e+01
      vertex   -5.511765e+01 6.698730e-02 1.075000e+01
      vertex   -5.511765e+01 1.703709e-02 1.062941e+01
    endloop
  endfacet
  facet normal -9.170063e-19 -9.238795e-01 3.826834e-01
    outer loop
      vertex   -5.511765e+01 1.703709e-02 1.062941e+01
      vertex   -5.511765e+01 6.698730e-02 1.075000e+01
      vertex   -5.794118e+01 6.698730e-02 1.075000e+01
    endloop
  endfacet
  facet normal 0.000000e+00 -9.914449e-01 1.305262e-01
    outer loop
      vertex   -5.794118e+01 1.703709e-02 1.062941e+01
      vertex   -6.076471e+01 1.703709e-02 1.062941e+01
      vertex   -4.150000e+01 0.000000e+00 1.050000e+01
    endloop
  endfacet
  facet normal 6.479921e-20 -9.914449e-01 1.305262e-01
    outer loop
      vertex   -4.150000e+01 0.000000e+00 1.050000e+01
      vertex   -6.076471e+01 1.703709e-02 1.062941e+01
      vertex   -6.358824e+01 1.703709e-02 1.062941e+01
    endloop
  endfacet
  facet normal 6.479921e-20 -9.914449e-01 1.305262e-01
    outer loop
      vertex   -4.150000e+01 0.000000e+00 1.050000e+01
      vertex   -6.358824e+01 1.703709e-02 1.062941e+01
      vertex   -6.641176e+01 1.703709e-02 1.062941e+01
    endloop
  endfacet
  facet normal 0.000000e+00 -9.238795e-01 3.826834e-01
    outer loop
      vertex   -6.641176e+01 1.703709e-02 1.062941e+01
      vertex   -6.358824e+01 1.703709e-02 1.062941e+01
      vertex   -6.641176e+01 6.698730e-02 1.075000e+01
    endloop
  endfacet
  facet normal 0.000000e+00 -9.238795e-01 3.826834e-01
    outer loop
      vertex   -5.794118e+01 1.703709e-02 1.062941e+01
      vertex   -6.076471e+01 6.698730e-02 1.075000e+01
      vertex   -6.076471e+01 1.703709e-02 1.062941e+01
    endloop
  endfacet
  facet normal -9.170063e-19 -9.238795e-01 3.826834e-01
    outer loop
      vertex   -6.076471e+01 1.703709e-02 1.062941e+01
      vertex   -6.076471e+01 6.698730e-02 1.075000e+01
      vertex   -6.358824e+01 6.698730e-02 1.075000e+01
    endloop
  endfacet
  facet normal 0.000000e+00 -9.238795e-01 3.826834e-01
    outer loop
      vertex   -6.076471e+01 1.703709e-02 1.062941e+01
      vertex   -6.358824e+01 6.698730e-02 1.075000e+01
      vertex   -6.358824e+01 1.703709e-02 1.062941e+01
    endloop
  endfacet
  facet normal -9.170063e-19 -9.238795e-01 3.826834e-01
    outer loop
      vertex   -6.358824e+01 1.703709e-02 1.062941e+01
      vertex   -6.358824e+01 6.698730e-02 1.075000e+01
      vertex   -6.641176e+01 6.698730e-02 1.075000e+01
    endloop
  endfacet
  facet normal 0.000000e+00 -9.238795e-01 3.826834e-01
    outer loop
      vertex   -7.205882e+01 1.703709e-02 1.062941e+01
      vertex   -6.923529e+01 1.703709e-02 1.062941e+01
      vertex   -7.205882e+01 6.698730e-02 1.075000e+01
    endloop
  endfacet
  facet normal 0.000000e+00 -9.238795e-01 3.826834e-01
    outer loop
      vertex   -7.205882e+01 6.698730e-02 1.075000e+01
      vertex   -6.923529e+01 1.703709e-02 1.062941e+01
      vertex   -6.923529e+01 6.698730e-02 1.075000e+01
    endloop
  endfacet
  facet normal 0.000000e+00 -7.933533e-01 6.087614e-01
    outer loop
      vertex   -7.205882e+01 6.698730e-02 1.075000e+01
      vertex   -6.923529e+01 6.698730e-02 1.075000e+01
      vertex   -7.205882e+01 1.464466e-01 1.085355e+01
    endloop
  endfacet
  facet normal -3.517929e-16 -7.933533e-01 6.087614e-01
    outer loop
      vertex   -7.205882e+01 1.464466e-01 1.085355e+01
      vertex   -6.923529e+01 6.698730e-02 1.075000e+01
      vertex   -6.923529e+01 1.464466e-01 1.085355e+01
    endloop
  endfacet
  facet normal -4.751828e-16 -6.087614e-01 7.933533e-01
    outer loop
      vertex   -7.205882e+01 1.464466e-01 1.085355e+01
      vertex   -6.923529e+01 1.464466e-01 1.085355e+01
      vertex   -7.205882e+01 2.500000e-01 1.093301e+01
    endloop
  endfacet
  facet normal 0.000000e+00 -6.087614e-01 7.933533e-01
    outer loop
      vertex   -7.205882e+01 2.500000e-01 1.093301e+01
      vertex   -6.923529e+01 1.464466e-01 1.085355e+01
      vertex   -6.923529e+01 2.500000e-01 1.093301e+01
    endloop
  endfacet
  facet normal 0.000000e+00 -3.826834e-01 9.238795e-01
    outer loop
      vertex   -7.205882e+01 2.500000e-01 1.093301e+01
      vertex   -6.923529e+01 2.500000e-01 1.093301e+01
      vertex   -7.205882e+01 3.705905e-01 1.098296e+01
    endloop
  endfacet
  facet normal 0.000000e+00 -3.826834e-01 9.238795e-01
    outer loop
      vertex   -7.205882e+01 3.705905e-01 1.098296e+01
      vertex   -6.923529e+01 2.500000e-01 1.093301e+01
      vertex   -6.923529e+01 3.705905e-01 1.098296e+01
    endloop
  endfacet
  facet normal 0.000000e+00 -1.305262e-01 9.914449e-01
    outer loop
      vertex   -7.205882e+01 3.705905e-01 1.098296e+01
      vertex   -6.923529e+01 3.705905e-01 1.098296e+01
      vertex   -8.900000e+01 5.000000e-01 1.100000e+01
    endloop
  endfacet
  facet normal 0.000000e+00 -9.738770e-01 2.270763e-01
    outer loop
      vertex   -8.052941e+01 1.703709e-02 1.062941e+01
      vertex   -8.859755e+01 9.607360e-03 1.059755e+01
      vertex   -7.770588e+01 1.703709e-02 1.062941e+01
    endloop
  endfacet
  facet normal 0.000000e+00 -9.738770e-01 2.270763e-01
    outer loop
      vertex   -7.770588e+01 1.703709e-02 1.062941e+01
      vertex   -8.859755e+01 9.607360e-03 1.059755e+01
      vertex   -7.488235e+01 1.703709e-02 1.062941e+01
    endloop
  endfacet
  facet normal 0.000000e+00 -9.238795e-01 3.826834e-01
    outer loop
      vertex   -7.770588e+01 1.703709e-02 1.062941e+01
      vertex   -7.488235e+01 1.703709e-02 1.062941e+01
      vertex   -7.770588e+01 6.698730e-02 1.075000e+01
    endloop
  endfacet
  facet normal -9.170063e-19 -9.238795e-01 3.826834e-01
    outer loop
      vertex   -8.052941e+01 6.698730e-02 1.075000e+01
      vertex   -8.052941e+01 1.703709e-02 1.062941e+01
      vertex   -7.770588e+01 1.703709e-02 1.062941e+01
    endloop
  endfacet
  facet normal 0.000000e+00 -9.238795e-01 3.826834e-01
    outer loop
      vertex   -8.052941e+01 6.698730e-02 1.075000e+01
      vertex   -7.770588e+01 1.703709e-02 1.062941e+01
      vertex   -7.770588e+01 6.698730e-02 1.075000e+01
    endloop
  endfacet
  facet normal -9.170063e-19 -9.238795e-01 3.826834e-01
    outer loop
      vertex   -8.617647e+01 6.698730e-02 1.075000e+01
      vertex   -8.617647e+01 1.703709e-02 1.062941e+01
      vertex   -8.335294e+01 1.703709e-02 1.062941e+01
    endloop
  endfacet
  facet normal 0.000000e+00 -9.238795e-01 3.826834e-01
    outer loop
      vertex   -8.617647e+01 6.698730e-02 1.075000e+01
      vertex   -8.335294e+01 1.703709e-02 1.062941e+01
      vertex   -8.335294e+01 6.698730e-02 1.075000e+01
    endloop
  endfacet
  facet normal 3.899371e-17 -7.933533e-01 6.087614e-01
    outer loop
      vertex   -5.229412e+01 1.464466e-01 1.085355e+01
      vertex   -4.947059e+01 6.698730e-02 1.075000e+01
      vertex   -4.947059e+01 1.464466e-01 1.085355e+01
    endloop
  endfacet
  facet normal -1.323895e-18 -7.933533e-01 6.087614e-01
    outer loop
      vertex   -4.947059e+01 1.464466e-01 1.085355e+01
      vertex   -4.947059e+01 6.698730e-02 1.075000e+01
      vertex   -4.664706e+01 6.698730e-02 1.075000e+01
    endloop
  endfacet
  facet normal 0.000000e+00 -7.933533e-01 6.087614e-01
    outer loop
      vertex   -5.229412e+01 6.698730e-02 1.075000e+01
      vertex   -5.511765e+01 1.464466e-01 1.085355e+01
      vertex   -5.511765e+01 6.698730e-02 1.075000e+01
    endloop
  endfacet
  facet normal 3.836262e-17 -7.933533e-01 6.087614e-01
    outer loop
      vertex   -5.511765e+01 6.698730e-02 1.075000e+01
      vertex   -5.511765e+01 1.464466e-01 1.085355e+01
      vertex   -5.794118e+01 1.464466e-01 1.085355e+01
    endloop
  endfacet
  facet normal 0.000000e+00 -7.933533e-01 6.087614e-01
    outer loop
      vertex   -5.511765e+01 6.698730e-02 1.075000e+01
      vertex   -5.794118e+01 1.464466e-01 1.085355e+01
      vertex   -5.794118e+01 6.698730e-02 1.075000e+01
    endloop
  endfacet
  facet normal 3.702456e-17 -7.933533e-01 6.087614e-01
    outer loop
      vertex   -5.794118e+01 6.698730e-02 1.075000e+01
      vertex   -5.794118e+01 1.464466e-01 1.085355e+01
      vertex   -6.076471e+01 1.464466e-01 1.085355e+01
    endloop
  endfacet
  facet normal -7.685637e-20 -7.933533e-01 6.087614e-01
    outer loop
      vertex   -6.641176e+01 1.464466e-01 1.085355e+01
      vertex   -6.641176e+01 6.698730e-02 1.075000e+01
      vertex   -6.358824e+01 6.698730e-02 1.075000e+01
    endloop
  endfacet
  facet normal 3.119497e-17 -7.933533e-01 6.087614e-01
    outer loop
      vertex   -6.641176e+01 1.464466e-01 1.085355e+01
      vertex   -6.358824e+01 6.698730e-02 1.075000e+01
      vertex   -6.358824e+01 1.464466e-01 1.085355e+01
    endloop
  endfacet
  facet normal -1.830589e-18 -7.933533e-01 6.087614e-01
    outer loop
      vertex   -6.358824e+01 1.464466e-01 1.085355e+01
      vertex   -6.358824e+01 6.698730e-02 1.075000e+01
      vertex   -6.076471e+01 6.698730e-02 1.075000e+01
    endloop
  endfacet
  facet normal -9.170063e-19 -9.238795e-01 3.826834e-01
    outer loop
      vertex   -7.205882e+01 1.703709e-02 1.062941e+01
      vertex   -7.205882e+01 6.698730e-02 1.075000e+01
      vertex   -7.488235e+01 6.698730e-02 1.075000e+01
    endloop
  endfacet
  facet normal 0.000000e+00 -7.933533e-01 6.087614e-01
    outer loop
      vertex   -7.488235e+01 6.698730e-02 1.075000e+01
      vertex   -7.205882e+01 6.698730e-02 1.075000e+01
      vertex   -7.488235e+01 1.464466e-01 1.085355e+01
    endloop
  endfacet
  facet normal 3.345550e-17 -7.933533e-01 6.087614e-01
    outer loop
      vertex   -7.488235e+01 6.698730e-02 1.075000e+01
      vertex   -7.488235e+01 1.464466e-01 1.085355e+01
      vertex   -7.770588e+01 1.464466e-01 1.085355e+01
    endloop
  endfacet
  facet normal 2.393674e-17 -6.087614e-01 7.933533e-01
    outer loop
      vertex   -7.770588e+01 1.464466e-01 1.085355e+01
      vertex   -7.488235e+01 1.464466e-01 1.085355e+01
      vertex   -7.770588e+01 2.500000e-01 1.093301e+01
    endloop
  endfacet
  facet normal -9.530771e-20 -6.087614e-01 7.933533e-01
    outer loop
      vertex   -7.770588e+01 1.464466e-01 1.085355e+01
      vertex   -7.770588e+01 2.500000e-01 1.093301e+01
      vertex   -8.052941e+01 2.500000e-01 1.093301e+01
    endloop
  endfacet
  facet normal 0.000000e+00 -3.826834e-01 9.238795e-01
    outer loop
      vertex   -8.052941e+01 2.500000e-01 1.093301e+01
      vertex   -7.770588e+01 2.500000e-01 1.093301e+01
      vertex   -8.052941e+01 3.705905e-01 1.098296e+01
    endloop
  endfacet
  facet normal 1.165026e-18 -3.826834e-01 9.238795e-01
    outer loop
      vertex   -8.052941e+01 2.500000e-01 1.093301e+01
      vertex   -8.052941e+01 3.705905e-01 1.098296e+01
      vertex   -8.335294e+01 3.705905e-01 1.098296e+01
    endloop
  endfacet
  facet normal 0.000000e+00 -1.305262e-01 9.914449e-01
    outer loop
      vertex   -8.335294e+01 3.705905e-01 1.098296e+01
      vertex   -8.052941e+01 3.705905e-01 1.098296e+01
      vertex   -8.900000e+01 5.000000e-01 1.100000e+01
    endloop
  endfacet
  facet normal 4.679245e-17 -7.933533e-01 6.087614e-01
    outer loop
      vertex   -7.488235e+01 1.464466e-01 1.085355e+01
      vertex   -7.205882e+01 6.698730e-02 1.075000e+01
      vertex   -7.205882e+01 1.464466e-01 1.085355e+01
    endloop
  endfacet
  facet normal -2.307872e-18 -7.933533e-01 6.087614e-01
    outer loop
      vertex   -8.052941e+01 1.464466e-01 1.085355e+01
      vertex   -8.052941e+01 6.698730e-02 1.075000e+01
      vertex   -7.770588e+01 6.698730e-02 1.075000e+01
    endloop
  endfacet
  facet normal -2.770198e-19 -7.933533e-01 6.087614e-01
    outer loop
      vertex   -8.617647e+01 1.464466e-01 1.085355e+01
      vertex   -8.617647e+01 6.698730e-02 1.075000e+01
      vertex   -8.335294e+01 6.698730e-02 1.075000e+01
    endloop
  endfacet
  facet normal 3.899371e-17 -7.933533e-01 6.087614e-01
    outer loop
      vertex   -8.617647e+01 1.464466e-01 1.085355e+01
      vertex   -8.335294e+01 6.698730e-02 1.075000e+01
      vertex   -8.335294e+01 1.464466e-01 1.085355e+01
    endloop
  endfacet
  facet normal 0.000000e+00 -6.087614e-01 7.933533e-01
    outer loop
      vertex   -5.511765e+01 2.500000e-01 1.093301e+01
      vertex   -5.229412e+01 1.464466e-01 1.085355e+01
      vertex   -5.229412e+01 2.500000e-01 1.093301e+01
    endloop
  endfacet
  facet normal 3.080432e-17 -6.087614e-01 7.933533e-01
    outer loop
      vertex   -5.229412e+01 2.500000e-01 1.093301e+01
      vertex   -5.229412e+01 1.464466e-01 1.085355e+01
      vertex   -4.947059e+01 1.464466e-01 1.085355e+01
    endloop
  endfacet
  facet normal 2.992093e-17 -6.087614e-01 7.933533e-01
    outer loop
      vertex   -5.511765e+01 1.464466e-01 1.085355e+01
      vertex   -5.794118e+01 2.500000e-01 1.093301e+01
      vertex   -5.794118e+01 1.464466e-01 1.085355e+01
    endloop
  endfacet
  facet normal 1.213983e-18 -6.087614e-01 7.933533e-01
    outer loop
      vertex   -5.794118e+01 1.464466e-01 1.085355e+01
      vertex   -5.794118e+01 2.500000e-01 1.093301e+01
      vertex   -6.076471e+01 2.500000e-01 1.093301e+01
    endloop
  endfacet
  facet normal 2.992093e-17 -6.087614e-01 7.933533e-01
    outer loop
      vertex   -5.794118e+01 1.464466e-01 1.085355e+01
      vertex   -6.076471e+01 2.500000e-01 1.093301e+01
      vertex   -6.076471e+01 1.464466e-01 1.085355e+01
    endloop
  endfacet
  facet normal -1.813792e-18 -6.087614e-01 7.933533e-01
    outer loop
      vertex   -6.076471e+01 1.464466e-01 1.085355e+01
      vertex   -6.076471e+01 2.500000e-01 1.093301e+01
      vertex   -6.358824e+01 2.500000e-01 1.093301e+01
    endloop
  endfacet
  facet normal 2.595463e-17 -6.087614e-01 7.933533e-01
    outer loop
      vertex   -6.641176e+01 2.500000e-01 1.093301e+01
      vertex   -6.641176e+01 1.464466e-01 1.085355e+01
      vertex   -6.358824e+01 1.464466e-01 1.085355e+01
    endloop
  endfacet
  facet normal 3.590511e-17 -6.087614e-01 7.933533e-01
    outer loop
      vertex   -7.488235e+01 1.464466e-01 1.085355e+01
      vertex   -7.205882e+01 1.464466e-01 1.085355e+01
      vertex   -7.488235e+01 2.500000e-01 1.093301e+01
    endloop
  endfacet
  facet normal 0.000000e+00 -6.087614e-01 7.933533e-01
    outer loop
      vertex   -7.488235e+01 2.500000e-01 1.093301e+01
      vertex   -7.205882e+01 1.464466e-01 1.085355e+01
      vertex   -7.205882e+01 2.500000e-01 1.093301e+01
    endloop
  endfacet
  facet normal 0.000000e+00 -3.826834e-01 9.238795e-01
    outer loop
      vertex   -7.488235e+01 2.500000e-01 1.093301e+01
      vertex   -7.205882e+01 2.500000e-01 1.093301e+01
      vertex   -7.488235e+01 3.705905e-01 1.098296e+01
    endloop
  endfacet
  facet normal 0.000000e+00 -3.826834e-01 9.238795e-01
    outer loop
      vertex   -7.488235e+01 3.705905e-01 1.098296e+01
      vertex   -7.205882e+01 2.500000e-01 1.093301e+01
      vertex   -7.205882e+01 3.705905e-01 1.098296e+01
    endloop
  endfacet
  facet normal 0.000000e+00 -1.305262e-01 9.914449e-01
    outer loop
      vertex   -7.488235e+01 3.705905e-01 1.098296e+01
      vertex   -7.205882e+01 3.705905e-01 1.098296e+01
      vertex   -8.900000e+01 5.000000e-01 1.100000e+01
    endloop
  endfacet
  facet normal 3.062953e-17 -6.087614e-01 7.933533e-01
    outer loop
      vertex   -8.617647e+01 2.500000e-01 1.093301e+01
      vertex   -8.617647e+01 1.464466e-01 1.085355e+01
      vertex   -8.335294e+01 1.464466e-01 1.085355e+01
    endloop
  endfacet
  facet normal 0.000000e+00 -6.087614e-01 7.933533e-01
    outer loop
      vertex   -8.617647e+01 2.500000e-01 1.093301e+01
      vertex   -8.335294e+01 1.464466e-01 1.085355e+01
      vertex   -8.335294e+01 2.500000e-01 1.093301e+01
    endloop
  endfacet
  facet normal 2.231982e-18 -6.087614e-01 7.933533e-01
    outer loop
      vertex   -4.382353e+01 1.464466e-01 1.085355e+01
      vertex   -4.382353e+01 2.500000e-01 1.093301e+01
      vertex   -4.664706e+01 2.500000e-01 1.093301e+01
    endloop
  endfacet
  facet normal 0.000000e+00 -3.826834e-01 9.238795e-01
    outer loop
      vertex   -4.664706e+01 2.500000e-01 1.093301e+01
      vertex   -4.382353e+01 2.500000e-01 1.093301e+01
      vertex   -4.664706e+01 3.705905e-01 1.098296e+01
    endloop
  endfacet
  facet normal 1.165026e-18 -3.826834e-01 9.238795e-01
    outer loop
      vertex   -4.664706e+01 2.500000e-01 1.093301e+01
      vertex   -4.664706e+01 3.705905e-01 1.098296e+01
      vertex   -4.947059e+01 3.705905e-01 1.098296e+01
    endloop
  endfacet
  facet normal 0.000000e+00 -1.790169e-01 9.838460e-01
    outer loop
      vertex   -4.947059e+01 3.705905e-01 1.098296e+01
      vertex   -4.664706e+01 3.705905e-01 1.098296e+01
      vertex   -4.100241e+01 4.509914e-01 1.099759e+01
    endloop
  endfacet
  facet normal 0.000000e+00 -3.826834e-01 9.238795e-01
    outer loop
      vertex   -5.794118e+01 3.705905e-01 1.098296e+01
      vertex   -5.511765e+01 2.500000e-01 1.093301e+01
      vertex   -5.511765e+01 3.705905e-01 1.098296e+01
    endloop
  endfacet
  facet normal 1.165026e-18 -3.826834e-01 9.238795e-01
    outer loop
      vertex   -5.511765e+01 3.705905e-01 1.098296e+01
      vertex   -5.511765e+01 2.500000e-01 1.093301e+01
      vertex   -5.229412e+01 2.500000e-01 1.093301e+01
    endloop
  endfacet
  facet normal 0.000000e+00 -3.826834e-01 9.238795e-01
    outer loop
      vertex   -5.794118e+01 2.500000e-01 1.093301e+01
      vertex   -6.076471e+01 3.705905e-01 1.098296e+01
      vertex   -6.076471e+01 2.500000e-01 1.093301e+01
    endloop
  endfacet
  facet normal 1.165026e-18 -3.826834e-01 9.238795e-01
    outer loop
      vertex   -6.076471e+01 2.500000e-01 1.093301e+01
      vertex   -6.076471e+01 3.705905e-01 1.098296e+01
      vertex   -6.358824e+01 3.705905e-01 1.098296e+01
    endloop
  endfacet
  facet normal 0.000000e+00 -3.826834e-01 9.238795e-01
    outer loop
      vertex   -6.076471e+01 2.500000e-01 1.093301e+01
      vertex   -6.358824e+01 3.705905e-01 1.098296e+01
      vertex   -6.358824e+01 2.500000e-01 1.093301e+01
    endloop
  endfacet
  facet normal 1.165026e-18 -3.826834e-01 9.238795e-01
    outer loop
      vertex   -6.358824e+01 2.500000e-01 1.093301e+01
      vertex   -6.358824e+01 3.705905e-01 1.098296e+01
      vertex   -6.641176e+01 3.705905e-01 1.098296e+01
    endloop
  endfacet
  facet normal -4.972627e-19 -6.087614e-01 7.933533e-01
    outer loop
      vertex   -7.488235e+01 1.464466e-01 1.085355e+01
      vertex   -7.488235e+01 2.500000e-01 1.093301e+01
      vertex   -7.770588e+01 2.500000e-01 1.093301e+01
    endloop
  endfacet
  facet normal 0.000000e+00 -3.826834e-01 9.238795e-01
    outer loop
      vertex   -7.770588e+01 2.500000e-01 1.093301e+01
      vertex   -7.488235e+01 2.500000e-01 1.093301e+01
      vertex   -7.770588e+01 3.705905e-01 1.098296e+01
    endloop
  endfacet
  facet normal 1.165026e-18 -3.826834e-01 9.238795e-01
    outer loop
      vertex   -7.770588e+01 2.500000e-01 1.093301e+01
      vertex   -7.770588e+01 3.705905e-01 1.098296e+01
      vertex   -8.052941e+01 3.705905e-01 1.098296e+01
    endloop
  endfacet
  facet normal 0.000000e+00 -1.305262e-01 9.914449e-01
    outer loop
      vertex   -8.052941e+01 3.705905e-01 1.098296e+01
      vertex   -7.770588e+01 3.705905e-01 1.098296e+01
      vertex   -8.900000e+01 5.000000e-01 1.100000e+01
    endloop
  endfacet
  facet normal 0.000000e+00 -3.826834e-01 9.238795e-01
    outer loop
      vertex   -7.770588e+01 3.705905e-01 1.098296e+01
      vertex   -7.488235e+01 2.500000e-01 1.093301e+01
      vertex   -7.488235e+01 3.705905e-01 1.098296e+01
    endloop
  endfacet
  facet normal 1.165026e-18 -3.826834e-01 9.238795e-01
    outer loop
      vertex   -8.617647e+01 3.705905e-01 1.098296e+01
      vertex   -8.617647e+01 2.500000e-01 1.093301e+01
      vertex   -8.335294e+01 2.500000e-01 1.093301e+01
    endloop
  endfacet
  facet normal 4.277982e-19 -1.790169e-01 9.838460e-01
    outer loop
      vertex   -4.100241e+01 4.509914e-01 1.099759e+01
      vertex   -4.664706e+01 3.705905e-01 1.098296e+01
      vertex   -4.382353e+01 3.705905e-01 1.098296e+01
    endloop
  endfacet
  facet normal 0.000000e+00 -3.826834e-01 9.238795e-01
    outer loop
      vertex   -4.382353e+01 3.705905e-01 1.098296e+01
      vertex   -4.664706e+01 3.705905e-01 1.098296e+01
      vertex   -4.382353e+01 2.500000e-01 1.093301e+01
    endloop
  endfacet
  facet normal -2.477961e-19 -1.305262e-01 9.914449e-01
    outer loop
      vertex   -8.900000e+01 5.000000e-01 1.100000e+01
      vertex   -7.770588e+01 3.705905e-01 1.098296e+01
      vertex   -7.488235e+01 3.705905e-01 1.098296e+01
    endloop
  endfacet
  facet normal 9.902339e-01 -4.940940e-02 -1.303668e-01
    outer loop
      vertex   -4.101704e+01 5.000000e-01 -1.062941e+01
      vertex   -4.100000e+01 5.000000e-01 -1.050000e+01
      vertex   -4.101477e+01 4.071281e-01 -1.057696e+01
    endloop
  endfacet
  facet normal 9.909150e-01 -1.304564e-01 -3.268886e-02
    outer loop
      vertex   -4.101477e+01 4.071281e-01 -1.057696e+01
      vertex   -4.100000e+01 5.000000e-01 -1.050000e+01
      vertex   -4.101704e+01 3.705905e-01 -1.050000e+01
    endloop
  endfacet
  facet normal 9.407634e-01 -3.162140e-01 -1.223638e-01
    outer loop
      vertex   -4.101477e+01 4.071281e-01 -1.057696e+01
      vertex   -4.101704e+01 3.705905e-01 -1.050000e+01
      vertex   -4.105484e+01 3.007318e-01 -1.061012e+01
    endloop
  endfacet
  facet normal 9.213332e-01 -3.816287e-01 -7.419375e-02
    outer loop
      vertex   -4.105484e+01 3.007318e-01 -1.061012e+01
      vertex   -4.101704e+01 3.705905e-01 -1.050000e+01
      vertex   -4.106699e+01 2.500000e-01 -1.050000e+01
    endloop
  endfacet
  facet normal 8.403810e-01 -5.215192e-01 -1.475718e-01
    outer loop
      vertex   -4.105484e+01 3.007318e-01 -1.061012e+01
      vertex   -4.106699e+01 2.500000e-01 -1.050000e+01
      vertex   -4.111879e+01 2.025319e-01 -1.062724e+01
    endloop
  endfacet
  facet normal 7.897316e-01 -6.059824e-01 -9.544300e-02
    outer loop
      vertex   -4.111879e+01 2.025319e-01 -1.062724e+01
      vertex   -4.106699e+01 2.500000e-01 -1.050000e+01
      vertex   -4.114645e+01 1.464466e-01 -1.050000e+01
    endloop
  endfacet
  facet normal 6.984452e-01 -6.984452e-01 -1.560404e-01
    outer loop
      vertex   -4.111879e+01 2.025319e-01 -1.062724e+01
      vertex   -4.114645e+01 1.464466e-01 -1.050000e+01
      vertex   -4.120253e+01 1.187888e-01 -1.062724e+01
    endloop
  endfacet
  facet normal 6.059824e-01 -7.897316e-01 -9.544300e-02
    outer loop
      vertex   -4.120253e+01 1.187888e-01 -1.062724e+01
      vertex   -4.114645e+01 1.464466e-01 -1.050000e+01
      vertex   -4.125000e+01 6.698730e-02 -1.050000e+01
    endloop
  endfacet
  facet normal 5.215192e-01 -8.403810e-01 -1.475718e-01
    outer loop
      vertex   -4.120253e+01 1.187888e-01 -1.062724e+01
      vertex   -4.125000e+01 6.698730e-02 -1.050000e+01
      vertex   -4.130073e+01 5.484106e-02 -1.061012e+01
    endloop
  endfacet
  facet normal 3.816287e-01 -9.213332e-01 -7.419375e-02
    outer loop
      vertex   -4.130073e+01 5.484106e-02 -1.061012e+01
      vertex   -4.125000e+01 6.698730e-02 -1.050000e+01
      vertex   -4.137059e+01 1.703709e-02 -1.050000e+01
    endloop
  endfacet
  facet normal 3.162140e-01 -9.407634e-01 -1.223638e-01
    outer loop
      vertex   -4.130073e+01 5.484106e-02 -1.061012e+01
      vertex   -4.137059e+01 1.703709e-02 -1.050000e+01
      vertex   -4.140713e+01 1.476550e-02 -1.057696e+01
    endloop
  endfacet
  facet normal 1.304564e-01 -9.909150e-01 -3.268886e-02
    outer loop
      vertex   -4.140713e+01 1.476550e-02 -1.057696e+01
      vertex   -4.137059e+01 1.703709e-02 -1.050000e+01
      vertex   -4.150000e+01 0.000000e+00 -1.050000e+01
    endloop
  endfacet
  facet normal 4.940940e-02 -9.902339e-01 -1.303668e-01
    outer loop
      vertex   -4.140713e+01 1.476550e-02 -1.057696e+01
      vertex   -4.150000e+01 0.000000e+00 -1.050000e+01
      vertex   -4.150000e+01 1.703709e-02 -1.062941e+01
    endloop
  endfacet
  facet normal 1.298391e-01 -9.537278e-01 -2.711922e-01
    outer loop
      vertex   -4.140713e+01 1.476550e-02 -1.057696e+01
      vertex   -4.150000e+01 1.703709e-02 -1.062941e+01
      vertex   -4.145773e+01 4.124879e-02 -1.069432e+01
    endloop
  endfacet
  facet normal -5.839280e-02 -9.223031e-01 -3.820305e-01
    outer loop
      vertex   -4.145773e+01 4.124879e-02 -1.069432e+01
      vertex   -4.150000e+01 1.703709e-02 -1.062941e+01
      vertex   -4.150000e+01 6.698730e-02 -1.075000e+01
    endloop
  endfacet
  facet normal 1.588805e-01 -8.447130e-01 -5.110938e-01
    outer loop
      vertex   -4.145773e+01 4.124879e-02 -1.069432e+01
      vertex   -4.150000e+01 6.698730e-02 -1.075000e+01
      vertex   -4.134480e+01 8.378832e-02 -1.072952e+01
    endloop
  endfacet
  facet normal 1.607312e-01 -8.257119e-01 -5.407082e-01
    outer loop
      vertex   -4.134480e+01 8.378832e-02 -1.072952e+01
      vertex   -4.150000e+01 6.698730e-02 -1.075000e+01
      vertex   -4.139944e+01 1.410997e-01 -1.083328e+01
    endloop
  endfacet
  facet normal 3.657544e-01 -7.197061e-01 -5.901245e-01
    outer loop
      vertex   -4.134480e+01 8.378832e-02 -1.072952e+01
      vertex   -4.139944e+01 1.410997e-01 -1.083328e+01
      vertex   -4.124056e+01 1.516677e-01 -1.074770e+01
    endloop
  endfacet
  facet normal 3.657544e-01 -7.197061e-01 -5.901245e-01
    outer loop
      vertex   -4.124056e+01 1.516677e-01 -1.074770e+01
      vertex   -4.139944e+01 1.410997e-01 -1.083328e+01
      vertex   -4.129627e+01 2.082850e-01 -1.085128e+01
    endloop
  endfacet
  facet normal 5.611197e-01 -5.611197e-01 -6.085140e-01
    outer loop
      vertex   -4.124056e+01 1.516677e-01 -1.074770e+01
      vertex   -4.129627e+01 2.082850e-01 -1.085128e+01
      vertex   -4.115167e+01 2.405597e-01 -1.074770e+01
    endloop
  endfacet
  facet normal 5.611197e-01 -5.611197e-01 -6.085140e-01
    outer loop
      vertex   -4.115167e+01 2.405597e-01 -1.074770e+01
      vertex   -4.129627e+01 2.082850e-01 -1.085128e+01
      vertex   -4.120828e+01 2.962678e-01 -1.085128e+01
    endloop
  endfacet
  facet normal 7.197061e-01 -3.657544e-01 -5.901245e-01
    outer loop
      vertex   -4.115167e+01 2.405597e-01 -1.074770e+01
      vertex   -4.120828e+01 2.962678e-01 -1.085128e+01
      vertex   -4.108379e+01 3.447972e-01 -1.072952e+01
    endloop
  endfacet
  facet normal 7.197061e-01 -3.657544e-01 -5.901245e-01
    outer loop
      vertex   -4.108379e+01 3.447972e-01 -1.072952e+01
      vertex   -4.120828e+01 2.962678e-01 -1.085128e+01
      vertex   -4.114110e+01 3.994393e-01 -1.083328e+01
    endloop
  endfacet
  facet normal 8.257119e-01 -1.607312e-01 -5.407082e-01
    outer loop
      vertex   -4.108379e+01 3.447972e-01 -1.072952e+01
      vertex   -4.114110e+01 3.994393e-01 -1.083328e+01
      vertex   -4.106699e+01 5.000000e-01 -1.075000e+01
    endloop
  endfacet
  facet normal 7.907938e-01 -8.026201e-02 -6.067974e-01
    outer loop
      vertex   -4.106699e+01 5.000000e-01 -1.075000e+01
      vertex   -4.114110e+01 3.994393e-01 -1.083328e+01
      vertex   -4.114645e+01 5.000000e-01 -1.085355e+01
    endloop
  endfacet
  facet normal 6.538873e-01 -1.159338e-01 -7.476569e-01
    outer loop
      vertex   -4.114645e+01 5.000000e-01 -1.085355e+01
      vertex   -4.114110e+01 3.994393e-01 -1.083328e+01
      vertex   -4.122287e+01 4.609346e-01 -1.091433e+01
    endloop
  endfacet
  facet normal 6.081878e-01 4.340169e-02 -7.926058e-01
    outer loop
      vertex   -4.114645e+01 5.000000e-01 -1.085355e+01
      vertex   -4.122287e+01 4.609346e-01 -1.091433e+01
      vertex   -4.125000e+01 5.000000e-01 -1.093301e+01
    endloop
  endfacet
  facet normal 4.328324e-01 -1.261909e-01 -8.925984e-01
    outer loop
      vertex   -4.125000e+01 5.000000e-01 -1.093301e+01
      vertex   -4.122287e+01 4.609346e-01 -1.091433e+01
      vertex   -4.128478e+01 3.658600e-01 -1.093091e+01
    endloop
  endfacet
  facet normal 3.995626e-01 -1.178222e-01 -9.091026e-01
    outer loop
      vertex   -4.125000e+01 5.000000e-01 -1.093301e+01
      vertex   -4.128478e+01 3.658600e-01 -1.093091e+01
      vertex   -4.137595e+01 4.445936e-01 -1.098119e+01
    endloop
  endfacet
  facet normal 2.729599e-01 -2.729599e-01 -9.224889e-01
    outer loop
      vertex   -4.137595e+01 4.445936e-01 -1.098119e+01
      vertex   -4.128478e+01 3.658600e-01 -1.093091e+01
      vertex   -4.144459e+01 3.759459e-01 -1.098119e+01
    endloop
  endfacet
  facet normal 1.036987e-01 -1.036987e-01 -9.891881e-01
    outer loop
      vertex   -4.137595e+01 4.445936e-01 -1.098119e+01
      vertex   -4.144459e+01 3.759459e-01 -1.098119e+01
      vertex   -4.150000e+01 5.000000e-01 -1.100000e+01
    endloop
  endfacet
  facet normal 4.435481e-02 -1.303977e-01 -9.904691e-01
    outer loop
      vertex   -4.150000e+01 5.000000e-01 -1.100000e+01
      vertex   -4.144459e+01 3.759459e-01 -1.098119e+01
      vertex   -4.150000e+01 3.705905e-01 -1.098296e+01
    endloop
  endfacet
  facet normal 6.645835e-02 -3.818374e-01 -9.218370e-01
    outer loop
      vertex   -4.150000e+01 3.705905e-01 -1.098296e+01
      vertex   -4.144459e+01 3.759459e-01 -1.098119e+01
      vertex   -4.150000e+01 2.500000e-01 -1.093301e+01
    endloop
  endfacet
  facet normal 1.178222e-01 -3.995626e-01 -9.091026e-01
    outer loop
      vertex   -4.150000e+01 2.500000e-01 -1.093301e+01
      vertex   -4.144459e+01 3.759459e-01 -1.098119e+01
      vertex   -4.136586e+01 2.847821e-01 -1.093091e+01
    endloop
  endfacet
  facet normal 1.261909e-01 -4.328324e-01 -8.925984e-01
    outer loop
      vertex   -4.150000e+01 2.500000e-01 -1.093301e+01
      vertex   -4.136586e+01 2.847821e-01 -1.093091e+01
      vertex   -4.146093e+01 2.228696e-01 -1.091433e+01
    endloop
  endfacet
  facet normal 2.448663e-01 -5.834139e-01 -7.743828e-01
    outer loop
      vertex   -4.146093e+01 2.228696e-01 -1.091433e+01
      vertex   -4.136586e+01 2.847821e-01 -1.093091e+01
      vertex   -4.129627e+01 2.082850e-01 -1.085128e+01
    endloop
  endfacet
  facet normal 2.448663e-01 -5.834139e-01 -7.743828e-01
    outer loop
      vertex   -4.146093e+01 2.228696e-01 -1.091433e+01
      vertex   -4.129627e+01 2.082850e-01 -1.085128e+01
      vertex   -4.139944e+01 1.410997e-01 -1.083328e+01
    endloop
  endfacet
  facet normal 8.026201e-02 -7.907938e-01 -6.067974e-01
    outer loop
      vertex   -4.150000e+01 6.698730e-02 -1.075000e+01
      vertex   -4.150000e+01 1.464466e-01 -1.085355e+01
      vertex   -4.139944e+01 1.410997e-01 -1.083328e+01
    endloop
  endfacet
  facet normal 1.159338e-01 -6.538873e-01 -7.476569e-01
    outer loop
      vertex   -4.139944e+01 1.410997e-01 -1.083328e+01
      vertex   -4.150000e+01 1.464466e-01 -1.085355e+01
      vertex   -4.146093e+01 2.228696e-01 -1.091433e+01
    endloop
  endfacet
  facet normal -4.340169e-02 -6.081878e-01 -7.926058e-01
    outer loop
      vertex   -4.150000e+01 1.464466e-01 -1.085355e+01
      vertex   -4.150000e+01 2.500000e-01 -1.093301e+01
      vertex   -4.146093e+01 2.228696e-01 -1.091433e+01
    endloop
  endfacet
  facet normal 1.303977e-01 -4.435481e-02 -9.904691e-01
    outer loop
      vertex   -4.150000e+01 5.000000e-01 -1.100000e+01
      vertex   -4.137059e+01 5.000000e-01 -1.098296e+01
      vertex   -4.137595e+01 4.445936e-01 -1.098119e+01
    endloop
  endfacet
  facet normal 3.818374e-01 -6.645835e-02 -9.218370e-01
    outer loop
      vertex   -4.137595e+01 4.445936e-01 -1.098119e+01
      vertex   -4.137059e+01 5.000000e-01 -1.098296e+01
      vertex   -4.125000e+01 5.000000e-01 -1.093301e+01
    endloop
  endfacet
  facet normal 8.447130e-01 -1.588805e-01 -5.110938e-01
    outer loop
      vertex   -4.108379e+01 3.447972e-01 -1.072952e+01
      vertex   -4.106699e+01 5.000000e-01 -1.075000e+01
      vertex   -4.104125e+01 4.577350e-01 -1.069432e+01
    endloop
  endfacet
  facet normal 9.223031e-01 5.839280e-02 -3.820305e-01
    outer loop
      vertex   -4.104125e+01 4.577350e-01 -1.069432e+01
      vertex   -4.106699e+01 5.000000e-01 -1.075000e+01
      vertex   -4.101704e+01 5.000000e-01 -1.062941e+01
    endloop
  endfacet
  facet normal 9.537278e-01 -1.298391e-01 -2.711922e-01
    outer loop
      vertex   -4.104125e+01 4.577350e-01 -1.069432e+01
      vertex   -4.101704e+01 5.000000e-01 -1.062941e+01
      vertex   -4.101477e+01 4.071281e-01 -1.057696e+01
    endloop
  endfacet
  facet normal 9.167181e-01 -2.475550e-01 -3.135991e-01
    outer loop
      vertex   -4.108379e+01 3.447972e-01 -1.072952e+01
      vertex   -4.104125e+01 4.577350e-01 -1.069432e+01
      vertex   -4.101477e+01 4.071281e-01 -1.057696e+01
    endloop
  endfacet
  facet normal 8.076571e-01 -4.620595e-01 -3.663208e-01
    outer loop
      vertex   -4.115167e+01 2.405597e-01 -1.074770e+01
      vertex   -4.108379e+01 3.447972e-01 -1.072952e+01
      vertex   -4.105484e+01 3.007318e-01 -1.061012e+01
    endloop
  endfacet
  facet normal 9.167181e-01 -2.475550e-01 -3.135991e-01
    outer loop
      vertex   -4.105484e+01 3.007318e-01 -1.061012e+01
      vertex   -4.108379e+01 3.447972e-01 -1.072952e+01
      vertex   -4.101477e+01 4.071281e-01 -1.057696e+01
    endloop
  endfacet
  facet normal 5.834139e-01 -2.448663e-01 -7.743828e-01
    outer loop
      vertex   -4.128478e+01 3.658600e-01 -1.093091e+01
      vertex   -4.122287e+01 4.609346e-01 -1.091433e+01
      vertex   -4.114110e+01 3.994393e-01 -1.083328e+01
    endloop
  endfacet
  facet normal 5.834139e-01 -2.448663e-01 -7.743828e-01
    outer loop
      vertex   -4.128478e+01 3.658600e-01 -1.093091e+01
      vertex   -4.114110e+01 3.994393e-01 -1.083328e+01
      vertex   -4.120828e+01 2.962678e-01 -1.085128e+01
    endloop
  endfacet
  facet normal 6.528138e-01 -6.528138e-01 -3.842763e-01
    outer loop
      vertex   -4.124056e+01 1.516677e-01 -1.074770e+01
      vertex   -4.115167e+01 2.405597e-01 -1.074770e+01
      vertex   -4.111879e+01 2.025319e-01 -1.062724e+01
    endloop
  endfacet
  facet normal 8.076571e-01 -4.620595e-01 -3.663208e-01
    outer loop
      vertex   -4.111879e+01 2.025319e-01 -1.062724e+01
      vertex   -4.115167e+01 2.405597e-01 -1.074770e+01
      vertex   -4.105484e+01 3.007318e-01 -1.061012e+01
    endloop
  endfacet
  facet normal 4.317293e-01 -4.317293e-01 -7.919720e-01
    outer loop
      vertex   -4.129627e+01 2.082850e-01 -1.085128e+01
      vertex   -4.136586e+01 2.847821e-01 -1.093091e+01
      vertex   -4.120828e+01 2.962678e-01 -1.085128e+01
    endloop
  endfacet
  facet normal 4.317293e-01 -4.317293e-01 -7.919720e-01
    outer loop
      vertex   -4.120828e+01 2.962678e-01 -1.085128e+01
      vertex   -4.136586e+01 2.847821e-01 -1.093091e+01
      vertex   -4.128478e+01 3.658600e-01 -1.093091e+01
    endloop
  endfacet
  facet normal 2.729599e-01 -2.729599e-01 -9.224889e-01
    outer loop
      vertex   -4.136586e+01 2.847821e-01 -1.093091e+01
      vertex   -4.144459e+01 3.759459e-01 -1.098119e+01
      vertex   -4.128478e+01 3.658600e-01 -1.093091e+01
    endloop
  endfacet
  facet normal 4.620595e-01 -8.076571e-01 -3.663208e-01
    outer loop
      vertex   -4.134480e+01 8.378832e-02 -1.072952e+01
      vertex   -4.124056e+01 1.516677e-01 -1.074770e+01
      vertex   -4.120253e+01 1.187888e-01 -1.062724e+01
    endloop
  endfacet
  facet normal 6.528138e-01 -6.528138e-01 -3.842763e-01
    outer loop
      vertex   -4.120253e+01 1.187888e-01 -1.062724e+01
      vertex   -4.124056e+01 1.516677e-01 -1.074770e+01
      vertex   -4.111879e+01 2.025319e-01 -1.062724e+01
    endloop
  endfacet
  facet normal 2.475550e-01 -9.167181e-01 -3.135991e-01
    outer loop
      vertex   -4.145773e+01 4.124879e-02 -1.069432e+01
      vertex   -4.134480e+01 8.378832e-02 -1.072952e+01
      vertex   -4.130073e+01 5.484106e-02 -1.061012e+01
    endloop
  endfacet
  facet normal 4.620595e-01 -8.076571e-01 -3.663208e-01
    outer loop
      vertex   -4.130073e+01 5.484106e-02 -1.061012e+01
      vertex   -4.134480e+01 8.378832e-02 -1.072952e+01
      vertex   -4.120253e+01 1.187888e-01 -1.062724e+01
    endloop
  endfacet
  facet normal 2.475550e-01 -9.167181e-01 -3.135991e-01
    outer loop
      vertex   -4.140713e+01 1.476550e-02 -1.057696e+01
      vertex   -4.145773e+01 4.124879e-02 -1.069432e+01
      vertex   -4.130073e+01 5.484106e-02 -1.061012e+01
    endloop
  endfacet
  facet normal -9.909150e-01 -1.304564e-01 -3.268886e-02
    outer loop
      vertex   -8.898296e+01 3.705905e-01 -1.050000e+01
      vertex   -8.900000e+01 5.000000e-01 -1.050000e+01
      vertex   -8.898523e+01 4.071281e-01 -1.057696e+01
    endloop
  endfacet
  facet normal -9.902339e-01 -4.940940e-02 -1.303668e-01
    outer loop
      vertex   -8.898523e+01 4.071281e-01 -1.057696e+01
      vertex   -8.900000e+01 5.000000e-01 -1.050000e+01
      vertex   -8.898296e+01 5.000000e-01 -1.062941e+01
    endloop
  endfacet
  facet normal -9.537278e-01 -1.298391e-01 -2.711922e-01
    outer loop
      vertex   -8.898523e+01 4.071281e-01 -1.057696e+01
      vertex   -8.898296e+01 5.000000e-01 -1.062941e+01
      vertex   -8.895875e+01 4.577350e-01 -1.069432e+01
    endloop
  endfacet
  facet normal -9.223031e-01 5.839280e-02 -3.820305e-01
    outer loop
      vertex   -8.895875e+01 4.577350e-01 -1.069432e+01
      vertex   -8.898296e+01 5.000000e-01 -1.062941e+01
      vertex   -8.893301e+01 5.000000e-01 -1.075000e+01
    endloop
  endfacet
  facet normal -8.447130e-01 -1.588805e-01 -5.110938e-01
    outer loop
      vertex   -8.895875e+01 4.577350e-01 -1.069432e+01
      vertex   -8.893301e+01 5.000000e-01 -1.075000e+01
      vertex   -8.891621e+01 3.447972e-01 -1.072952e+01
    endloop
  endfacet
  facet normal -8.257119e-01 -1.607312e-01 -5.407082e-01
    outer loop
      vertex   -8.891621e+01 3.447972e-01 -1.072952e+01
      vertex   -8.893301e+01 5.000000e-01 -1.075000e+01
      vertex   -8.885890e+01 3.994393e-01 -1.083328e+01
    endloop
  endfacet
  facet normal -7.197061e-01 -3.657544e-01 -5.901245e-01
    outer loop
      vertex   -8.891621e+01 3.447972e-01 -1.072952e+01
      vertex   -8.885890e+01 3.994393e-01 -1.083328e+01
      vertex   -8.884833e+01 2.405597e-01 -1.074770e+01
    endloop
  endfacet
  facet normal -7.197061e-01 -3.657544e-01 -5.901245e-01
    outer loop
      vertex   -8.884833e+01 2.405597e-01 -1.074770e+01
      vertex   -8.885890e+01 3.994393e-01 -1.083328e+01
      vertex   -8.879172e+01 2.962678e-01 -1.085128e+01
    endloop
  endfacet
  facet normal -5.611197e-01 -5.611197e-01 -6.085140e-01
    outer loop
      vertex   -8.884833e+01 2.405597e-01 -1.074770e+01
      vertex   -8.879172e+01 2.962678e-01 -1.085128e+01
      vertex   -8.875944e+01 1.516677e-01 -1.074770e+01
    endloop
  endfacet
  facet normal -5.611197e-01 -5.611197e-01 -6.085140e-01
    outer loop
      vertex   -8.875944e+01 1.516677e-01 -1.074770e+01
      vertex   -8.879172e+01 2.962678e-01 -1.085128e+01
      vertex   -8.870373e+01 2.082850e-01 -1.085128e+01
    endloop
  endfacet
  facet normal -3.657544e-01 -7.197061e-01 -5.901245e-01
    outer loop
      vertex   -8.875944e+01 1.516677e-01 -1.074770e+01
      vertex   -8.870373e+01 2.082850e-01 -1.085128e+01
      vertex   -8.865520e+01 8.378832e-02 -1.072952e+01
    endloop
  endfacet
  facet normal -3.657544e-01 -7.197061e-01 -5.901245e-01
    outer loop
      vertex   -8.865520e+01 8.378832e-02 -1.072952e+01
      vertex   -8.870373e+01 2.082850e-01 -1.085128e+01
      vertex   -8.860056e+01 1.410997e-01 -1.083328e+01
    endloop
  endfacet
  facet normal -1.607312e-01 -8.257119e-01 -5.407082e-01
    outer loop
      vertex   -8.865520e+01 8.378832e-02 -1.072952e+01
      vertex   -8.860056e+01 1.410997e-01 -1.083328e+01
      vertex   -8.850000e+01 6.698730e-02 -1.075000e+01
    endloop
  endfacet
  facet normal -8.026201e-02 -7.907938e-01 -6.067974e-01
    outer loop
      vertex   -8.850000e+01 6.698730e-02 -1.075000e+01
      vertex   -8.860056e+01 1.410997e-01 -1.083328e+01
      vertex   -8.850000e+01 1.464466e-01 -1.085355e+01
    endloop
  endfacet
  facet normal -1.159338e-01 -6.538873e-01 -7.476569e-01
    outer loop
      vertex   -8.850000e+01 1.464466e-01 -1.085355e+01
      vertex   -8.860056e+01 1.410997e-01 -1.083328e+01
      vertex   -8.853907e+01 2.228696e-01 -1.091433e+01
    endloop
  endfacet
  facet normal 4.340169e-02 -6.081878e-01 -7.926058e-01
    outer loop
      vertex   -8.850000e+01 1.464466e-01 -1.085355e+01
      vertex   -8.853907e+01 2.228696e-01 -1.091433e+01
      vertex   -8.850000e+01 2.500000e-01 -1.093301e+01
    endloop
  endfacet
  facet normal -1.261909e-01 -4.328324e-01 -8.925984e-01
    outer loop
      vertex   -8.850000e+01 2.500000e-01 -1.093301e+01
      vertex   -8.853907e+01 2.228696e-01 -1.091433e+01
      vertex   -8.863414e+01 2.847821e-01 -1.093091e+01
    endloop
  endfacet
  facet normal -1.178222e-01 -3.995626e-01 -9.091026e-01
    outer loop
      vertex   -8.850000e+01 2.500000e-01 -1.093301e+01
      vertex   -8.863414e+01 2.847821e-01 -1.093091e+01
      vertex   -8.855541e+01 3.759459e-01 -1.098119e+01
    endloop
  endfacet
  facet normal -2.729599e-01 -2.729599e-01 -9.224889e-01
    outer loop
      vertex   -8.855541e+01 3.759459e-01 -1.098119e+01
      vertex   -8.863414e+01 2.847821e-01 -1.093091e+01
      vertex   -8.862405e+01 4.445936e-01 -1.098119e+01
    endloop
  endfacet
  facet normal -1.036987e-01 -1.036987e-01 -9.891881e-01
    outer loop
      vertex   -8.855541e+01 3.759459e-01 -1.098119e+01
      vertex   -8.862405e+01 4.445936e-01 -1.098119e+01
      vertex   -8.850000e+01 5.000000e-01 -1.100000e+01
    endloop
  endfacet
  facet normal -1.303977e-01 -4.435481e-02 -9.904691e-01
    outer loop
      vertex   -8.850000e+01 5.000000e-01 -1.100000e+01
      vertex   -8.862405e+01 4.445936e-01 -1.098119e+01
      vertex   -8.862941e+01 5.000000e-01 -1.098296e+01
    endloop
  endfacet
  facet normal -3.818374e-01 -6.645835e-02 -9.218370e-01
    outer loop
      vertex   -8.862941e+01 5.000000e-01 -1.098296e+01
      vertex   -8.862405e+01 4.445936e-01 -1.098119e+01
      vertex   -8.875000e+01 5.000000e-01 -1.093301e+01
    endloop
  endfacet
  facet normal -3.995626e-01 -1.178222e-01 -9.091026e-01
    outer loop
      vertex   -8.875000e+01 5.000000e-01 -1.093301e+01
      vertex   -8.862405e+01 4.445936e-01 -1.098119e+01
      vertex   -8.871522e+01 3.658600e-01 -1.093091e+01
    endloop
  endfacet
  facet normal -4.328324e-01 -1.261909e-01 -8.925984e-01
    outer loop
      vertex   -8.875000e+01 5.000000e-01 -1.093301e+01
      vertex   -8.871522e+01 3.658600e-01 -1.093091e+01
      vertex   -8.877713e+01 4.609346e-01 -1.091433e+01
    endloop
  endfacet
  facet normal -5.834139e-01 -2.448663e-01 -7.743828e-01
    outer loop
      vertex   -8.877713e+01 4.609346e-01 -1.091433e+01
      vertex   -8.871522e+01 3.658600e-01 -1.093091e+01
      vertex   -8.879172e+01 2.962678e-01 -1.085128e+01
    endloop
  endfacet
  facet normal -5.834139e-01 -2.448663e-01 -7.743828e-01
    outer loop
      vertex   -8.877713e+01 4.609346e-01 -1.091433e+01
      vertex   -8.879172e+01 2.962678e-01 -1.085128e+01
      vertex   -8.885890e+01 3.994393e-01 -1.083328e+01
    endloop
  endfacet
  facet normal -7.907938e-01 -8.026201e-02 -6.067974e-01
    outer loop
      vertex   -8.893301e+01 5.000000e-01 -1.075000e+01
      vertex   -8.885355e+01 5.000000e-01 -1.085355e+01
      vertex   -8.885890e+01 3.994393e-01 -1.083328e+01
    endloop
  endfacet
  facet normal -6.538873e-01 -1.159338e-01 -7.476569e-01
    outer loop
      vertex   -8.885890e+01 3.994393e-01 -1.083328e+01
      vertex   -8.885355e+01 5.000000e-01 -1.085355e+01
      vertex   -8.877713e+01 4.609346e-01 -1.091433e+01
    endloop
  endfacet
  facet normal -6.081878e-01 4.340169e-02 -7.926058e-01
    outer loop
      vertex   -8.885355e+01 5.000000e-01 -1.085355e+01
      vertex   -8.875000e+01 5.000000e-01 -1.093301e+01
      vertex   -8.877713e+01 4.609346e-01 -1.091433e+01
    endloop
  endfacet
  facet normal -4.435481e-02 -1.303977e-01 -9.904691e-01
    outer loop
      vertex   -8.850000e+01 5.000000e-01 -1.100000e+01
      vertex   -8.850000e+01 3.705905e-01 -1.098296e+01
      vertex   -8.855541e+01 3.759459e-01 -1.098119e+01
    endloop
  endfacet
  facet normal -6.645835e-02 -3.818374e-01 -9.218370e-01
    outer loop
      vertex   -8.855541e+01 3.759459e-01 -1.098119e+01
      vertex   -8.850000e+01 3.705905e-01 -1.098296e+01
      vertex   -8.850000e+01 2.500000e-01 -1.093301e+01
    endloop
  endfacet
  facet normal -1.588805e-01 -8.447130e-01 -5.110938e-01
    outer loop
      vertex   -8.865520e+01 8.378832e-02 -1.072952e+01
      vertex   -8.850000e+01 6.698730e-02 -1.075000e+01
      vertex   -8.854227e+01 4.124879e-02 -1.069432e+01
    endloop
  endfacet
  facet normal 5.839280e-02 -9.223031e-01 -3.820305e-01
    outer loop
      vertex   -8.854227e+01 4.124879e-02 -1.069432e+01
      vertex   -8.850000e+01 6.698730e-02 -1.075000e+01
      vertex   -8.850000e+01 1.703709e-02 -1.062941e+01
    endloop
  endfacet
  facet normal -1.298391e-01 -9.537278e-01 -2.711922e-01
    outer loop
      vertex   -8.854227e+01 4.124879e-02 -1.069432e+01
      vertex   -8.850000e+01 1.703709e-02 -1.062941e+01
      vertex   -8.859287e+01 1.476550e-02 -1.057696e+01
    endloop
  endfacet
  facet normal -4.940940e-02 -9.902339e-01 -1.303668e-01
    outer loop
      vertex   -8.859287e+01 1.476550e-02 -1.057696e+01
      vertex   -8.850000e+01 1.703709e-02 -1.062941e+01
      vertex   -8.850000e+01 0.000000e+00 -1.050000e+01
    endloop
  endfacet
  facet normal -1.304564e-01 -9.909150e-01 -3.268886e-02
    outer loop
      vertex   -8.859287e+01 1.476550e-02 -1.057696e+01
      vertex   -8.850000e+01 0.000000e+00 -1.050000e+01
      vertex   -8.862941e+01 1.703709e-02 -1.050000e+01
    endloop
  endfacet
  facet normal -3.162140e-01 -9.407634e-01 -1.223638e-01
    outer loop
      vertex   -8.859287e+01 1.476550e-02 -1.057696e+01
      vertex   -8.862941e+01 1.703709e-02 -1.050000e+01
      vertex   -8.869927e+01 5.484106e-02 -1.061012e+01
    endloop
  endfacet
  facet normal -3.816287e-01 -9.213332e-01 -7.419375e-02
    outer loop
      vertex   -8.869927e+01 5.484106e-02 -1.061012e+01
      vertex   -8.862941e+01 1.703709e-02 -1.050000e+01
      vertex   -8.875000e+01 6.698730e-02 -1.050000e+01
    endloop
  endfacet
  facet normal -5.215192e-01 -8.403810e-01 -1.475718e-01
    outer loop
      vertex   -8.869927e+01 5.484106e-02 -1.061012e+01
      vertex   -8.875000e+01 6.698730e-02 -1.050000e+01
      vertex   -8.879747e+01 1.187888e-01 -1.062724e+01
    endloop
  endfacet
  facet normal -6.059824e-01 -7.897316e-01 -9.544300e-02
    outer loop
      vertex   -8.879747e+01 1.187888e-01 -1.062724e+01
      vertex   -8.875000e+01 6.698730e-02 -1.050000e+01
      vertex   -8.885355e+01 1.464466e-01 -1.050000e+01
    endloop
  endfacet
  facet normal -6.984452e-01 -6.984452e-01 -1.560404e-01
    outer loop
      vertex   -8.879747e+01 1.187888e-01 -1.062724e+01
      vertex   -8.885355e+01 1.464466e-01 -1.050000e+01
      vertex   -8.888121e+01 2.025319e-01 -1.062724e+01
    endloop
  endfacet
  facet normal -7.897316e-01 -6.059824e-01 -9.544300e-02
    outer loop
      vertex   -8.888121e+01 2.025319e-01 -1.062724e+01
      vertex   -8.885355e+01 1.464466e-01 -1.050000e+01
      vertex   -8.893301e+01 2.500000e-01 -1.050000e+01
    endloop
  endfacet
  facet normal -8.403810e-01 -5.215192e-01 -1.475718e-01
    outer loop
      vertex   -8.888121e+01 2.025319e-01 -1.062724e+01
      vertex   -8.893301e+01 2.500000e-01 -1.050000e+01
      vertex   -8.894516e+01 3.007318e-01 -1.061012e+01
    endloop
  endfacet
  facet normal -9.213332e-01 -3.816287e-01 -7.419375e-02
    outer loop
      vertex   -8.894516e+01 3.007318e-01 -1.061012e+01
      vertex   -8.893301e+01 2.500000e-01 -1.050000e+01
      vertex   -8.898296e+01 3.705905e-01 -1.050000e+01
    endloop
  endfacet
  facet normal -9.407634e-01 -3.162140e-01 -1.223638e-01
    outer loop
      vertex   -8.894516e+01 3.007318e-01 -1.061012e+01
      vertex   -8.898296e+01 3.705905e-01 -1.050000e+01
      vertex   -8.898523e+01 4.071281e-01 -1.057696e+01
    endloop
  endfacet
  facet normal -9.167181e-01 -2.475550e-01 -3.135991e-01
    outer loop
      vertex   -8.894516e+01 3.007318e-01 -1.061012e+01
      vertex   -8.898523e+01 4.071281e-01 -1.057696e+01
      vertex   -8.895875e+01 4.577350e-01 -1.069432e+01
    endloop
  endfacet
  facet normal -8.076571e-01 -4.620595e-01 -3.663208e-01
    outer loop
      vertex   -8.888121e+01 2.025319e-01 -1.062724e+01
      vertex   -8.894516e+01 3.007318e-01 -1.061012e+01
      vertex   -8.891621e+01 3.447972e-01 -1.072952e+01
    endloop
  endfacet
  facet normal -9.167181e-01 -2.475550e-01 -3.135991e-01
    outer loop
      vertex   -8.891621e+01 3.447972e-01 -1.072952e+01
      vertex   -8.894516e+01 3.007318e-01 -1.061012e+01
      vertex   -8.895875e+01 4.577350e-01 -1.069432e+01
    endloop
  endfacet
  facet normal -8.076571e-01 -4.620595e-01 -3.663208e-01
    outer loop
      vertex   -8.888121e+01 2.025319e-01 -1.062724e+01
      vertex   -8.891621e+01 3.447972e-01 -1.072952e+01
      vertex   -8.884833e+01 2.405597e-01 -1.074770e+01
    endloop
  endfacet
  facet normal -4.317293e-01 -4.317293e-01 -7.919720e-01
    outer loop
      vertex   -8.870373e+01 2.082850e-01 -1.085128e+01
      vertex   -8.879172e+01 2.962678e-01 -1.085128e+01
      vertex   -8.871522e+01 3.658600e-01 -1.093091e+01
    endloop
  endfacet
  facet normal -4.317293e-01 -4.317293e-01 -7.919720e-01
    outer loop
      vertex   -8.870373e+01 2.082850e-01 -1.085128e+01
      vertex   -8.871522e+01 3.658600e-01 -1.093091e+01
      vertex   -8.863414e+01 2.847821e-01 -1.093091e+01
    endloop
  endfacet
  facet normal -2.729599e-01 -2.729599e-01 -9.224889e-01
    outer loop
      vertex   -8.863414e+01 2.847821e-01 -1.093091e+01
      vertex   -8.871522e+01 3.658600e-01 -1.093091e+01
      vertex   -8.862405e+01 4.445936e-01 -1.098119e+01
    endloop
  endfacet
  facet normal -6.528138e-01 -6.528138e-01 -3.842763e-01
    outer loop
      vertex   -8.879747e+01 1.187888e-01 -1.062724e+01
      vertex   -8.888121e+01 2.025319e-01 -1.062724e+01
      vertex   -8.884833e+01 2.405597e-01 -1.074770e+01
    endloop
  endfacet
  facet normal -6.528138e-01 -6.528138e-01 -3.842763e-01
    outer loop
      vertex   -8.879747e+01 1.187888e-01 -1.062724e+01
      vertex   -8.884833e+01 2.405597e-01 -1.074770e+01
      vertex   -8.875944e+01 1.516677e-01 -1.074770e+01
    endloop
  endfacet
  facet normal -2.448663e-01 -5.834139e-01 -7.743828e-01
    outer loop
      vertex   -8.860056e+01 1.410997e-01 -1.083328e+01
      vertex   -8.870373e+01 2.082850e-01 -1.085128e+01
      vertex   -8.863414e+01 2.847821e-01 -1.093091e+01
    endloop
  endfacet
  facet normal -2.448663e-01 -5.834139e-01 -7.743828e-01
    outer loop
      vertex   -8.853907e+01 2.228696e-01 -1.091433e+01
      vertex   -8.860056e+01 1.410997e-01 -1.083328e+01
      vertex   -8.863414e+01 2.847821e-01 -1.093091e+01
    endloop
  endfacet
  facet normal -4.620595e-01 -8.076571e-01 -3.663208e-01
    outer loop
      vertex   -8.869927e+01 5.484106e-02 -1.061012e+01
      vertex   -8.879747e+01 1.187888e-01 -1.062724e+01
      vertex   -8.875944e+01 1.516677e-01 -1.074770e+01
    endloop
  endfacet
  facet normal -4.620595e-01 -8.076571e-01 -3.663208e-01
    outer loop
      vertex   -8.869927e+01 5.484106e-02 -1.061012e+01
      vertex   -8.875944e+01 1.516677e-01 -1.074770e+01
      vertex   -8.865520e+01 8.378832e-02 -1.072952e+01
    endloop
  endfacet
  facet normal -2.475550e-01 -9.167181e-01 -3.135991e-01
    outer loop
      vertex   -8.859287e+01 1.476550e-02 -1.057696e+01
      vertex   -8.869927e+01 5.484106e-02 -1.061012e+01
      vertex   -8.865520e+01 8.378832e-02 -1.072952e+01
    endloop
  endfacet
  facet normal -2.475550e-01 -9.167181e-01 -3.135991e-01
    outer loop
      vertex   -8.854227e+01 4.124879e-02 -1.069432e+01
      vertex   -8.859287e+01 1.476550e-02 -1.057696e+01
      vertex   -8.865520e+01 8.378832e-02 -1.072952e+01
    endloop
  endfacet
  facet normal -1.294997e-15 -1.305262e-01 -9.914449e-01
    outer loop
      vertex   -4.150000e+01 3.705905e-01 -1.098296e+01
      vertex   -4.426471e+01 3.705905e-01 -1.098296e+01
      vertex   -4.150000e+01 5.000000e-01 -1.100000e+01
    endloop
  endfacet
  facet normal 7.565256e-18 -1.305262e-01 -9.914449e-01
    outer loop
      vertex   -4.150000e+01 5.000000e-01 -1.100000e+01
      vertex   -4.426471e+01 3.705905e-01 -1.098296e+01
      vertex   -4.702941e+01 3.705905e-01 -1.098296e+01
    endloop
  endfacet
  facet normal -2.970552e-19 -1.305262e-01 -9.914449e-01
    outer loop
      vertex   -4.150000e+01 5.000000e-01 -1.100000e+01
      vertex   -4.702941e+01 3.705905e-01 -1.098296e+01
      vertex   -4.979412e+01 3.705905e-01 -1.098296e+01
    endloop
  endfacet
  facet normal 0.000000e+00 -3.826834e-01 -9.238795e-01
    outer loop
      vertex   -4.979412e+01 3.705905e-01 -1.098296e+01
      vertex   -4.702941e+01 3.705905e-01 -1.098296e+01
      vertex   -4.979412e+01 2.500000e-01 -1.093301e+01
    endloop
  endfacet
  facet normal 3.059304e-19 -3.826834e-01 -9.238795e-01
    outer loop
      vertex   -4.979412e+01 3.705905e-01 -1.098296e+01
      vertex   -4.979412e+01 2.500000e-01 -1.093301e+01
      vertex   -5.255882e+01 2.500000e-01 -1.093301e+01
    endloop
  endfacet
  facet normal 0.000000e+00 -6.087614e-01 -7.933533e-01
    outer loop
      vertex   -5.255882e+01 2.500000e-01 -1.093301e+01
      vertex   -4.979412e+01 2.500000e-01 -1.093301e+01
      vertex   -5.255882e+01 1.464466e-01 -1.085355e+01
    endloop
  endfacet
  facet normal -1.458457e-18 -6.087614e-01 -7.933533e-01
    outer loop
      vertex   -5.255882e+01 2.500000e-01 -1.093301e+01
      vertex   -5.255882e+01 1.464466e-01 -1.085355e+01
      vertex   -5.532353e+01 1.464466e-01 -1.085355e+01
    endloop
  endfacet
  facet normal 0.000000e+00 -7.933533e-01 -6.087614e-01
    outer loop
      vertex   -5.532353e+01 1.464466e-01 -1.085355e+01
      vertex   -5.255882e+01 1.464466e-01 -1.085355e+01
      vertex   -5.532353e+01 6.698730e-02 -1.075000e+01
    endloop
  endfacet
  facet normal 1.753439e-17 -7.933533e-01 -6.087614e-01
    outer loop
      vertex   -5.532353e+01 1.464466e-01 -1.085355e+01
      vertex   -5.532353e+01 6.698730e-02 -1.075000e+01
      vertex   -5.808824e+01 6.698730e-02 -1.075000e+01
    endloop
  endfacet
  facet normal 2.318765e-17 -9.238795e-01 -3.826834e-01
    outer loop
      vertex   -5.808824e+01 6.698730e-02 -1.075000e+01
      vertex   -5.532353e+01 6.698730e-02 -1.075000e+01
      vertex   -5.808824e+01 1.703709e-02 -1.062941e+01
    endloop
  endfacet
  facet normal 3.602719e-19 -9.238795e-01 -3.826834e-01
    outer loop
      vertex   -5.808824e+01 6.698730e-02 -1.075000e+01
      vertex   -5.808824e+01 1.703709e-02 -1.062941e+01
      vertex   -6.085294e+01 1.703709e-02 -1.062941e+01
    endloop
  endfacet
  facet normal 0.000000e+00 -9.914449e-01 -1.305262e-01
    outer loop
      vertex   -6.085294e+01 1.703709e-02 -1.062941e+01
      vertex   -5.808824e+01 1.703709e-02 -1.062941e+01
      vertex   -4.150000e+01 0.000000e+00 -1.050000e+01
    endloop
  endfacet
  facet normal -0.000000e+00 -9.914449e-01 -1.305262e-01
    outer loop
      vertex   -6.085294e+01 1.703709e-02 -1.062941e+01
      vertex   -4.150000e+01 0.000000e+00 -1.050000e+01
      vertex   -6.361765e+01 1.703709e-02 -1.062941e+01
    endloop
  endfacet
  facet normal -3.892818e-21 -9.914449e-01 -1.305262e-01
    outer loop
      vertex   -6.361765e+01 1.703709e-02 -1.062941e+01
      vertex   -4.150000e+01 0.000000e+00 -1.050000e+01
      vertex   -8.850000e+01 0.000000e+00 -1.050000e+01
    endloop
  endfacet
  facet normal -0.000000e+00 -9.914449e-01 -1.305262e-01
    outer loop
      vertex   -6.361765e+01 1.703709e-02 -1.062941e+01
      vertex   -8.850000e+01 0.000000e+00 -1.050000e+01
      vertex   -6.638235e+01 1.703709e-02 -1.062941e+01
    endloop
  endfacet
  facet normal -0.000000e+00 -9.914449e-01 -1.305262e-01
    outer loop
      vertex   -6.638235e+01 1.703709e-02 -1.062941e+01
      vertex   -8.850000e+01 0.000000e+00 -1.050000e+01
      vertex   -6.914706e+01 1.703709e-02 -1.062941e+01
    endloop
  endfacet
  facet normal -0.000000e+00 -9.238795e-01 -3.826834e-01
    outer loop
      vertex   -6.638235e+01 1.703709e-02 -1.062941e+01
      vertex   -6.914706e+01 1.703709e-02 -1.062941e+01
      vertex   -6.638235e+01 6.698730e-02 -1.075000e+01
    endloop
  endfacet
  facet normal -0.000000e+00 -9.238795e-01 -3.826834e-01
    outer loop
      vertex   -6.638235e+01 6.698730e-02 -1.075000e+01
      vertex   -6.914706e+01 1.703709e-02 -1.062941e+01
      vertex   -6.914706e+01 6.698730e-02 -1.075000e+01
    endloop
  endfacet
  facet normal -0.000000e+00 -7.933533e-01 -6.087614e-01
    outer loop
      vertex   -6.638235e+01 6.698730e-02 -1.075000e+01
      vertex   -6.914706e+01 6.698730e-02 -1.075000e+01
      vertex   -6.638235e+01 1.464466e-01 -1.085355e+01
    endloop
  endfacet
  facet normal -0.000000e+00 -7.933533e-01 -6.087614e-01
    outer loop
      vertex   -6.638235e+01 1.464466e-01 -1.085355e+01
      vertex   -6.914706e+01 6.698730e-02 -1.075000e+01
      vertex   -6.914706e+01 1.464466e-01 -1.085355e+01
    endloop
  endfacet
  facet normal -0.000000e+00 -6.087614e-01 -7.933533e-01
    outer loop
      vertex   -6.638235e+01 1.464466e-01 -1.085355e+01
      vertex   -6.914706e+01 1.464466e-01 -1.085355e+01
      vertex   -6.638235e+01 2.500000e-01 -1.093301e+01
    endloop
  endfacet
  facet normal -0.000000e+00 -6.087614e-01 -7.933533e-01
    outer loop
      vertex   -6.638235e+01 2.500000e-01 -1.093301e+01
      vertex   -6.914706e+01 1.464466e-01 -1.085355e+01
      vertex   -6.914706e+01 2.500000e-01 -1.093301e+01
    endloop
  endfacet
  facet normal -0.000000e+00 -3.826834e-01 -9.238795e-01
    outer loop
      vertex   -6.638235e+01 2.500000e-01 -1.093301e+01
      vertex   -6.914706e+01 2.500000e-01 -1.093301e+01
      vertex   -6.638235e+01 3.705905e-01 -1.098296e+01
    endloop
  endfacet
  facet normal 7.683710e-18 -3.826834e-01 -9.238795e-01
    outer loop
      vertex   -6.638235e+01 3.705905e-01 -1.098296e+01
      vertex   -6.914706e+01 2.500000e-01 -1.093301e+01
      vertex   -6.914706e+01 3.705905e-01 -1.098296e+01
    endloop
  endfacet
  facet normal 2.620770e-18 -1.305262e-01 -9.914449e-01
    outer loop
      vertex   -6.638235e+01 3.705905e-01 -1.098296e+01
      vertex   -6.914706e+01 3.705905e-01 -1.098296e+01
      vertex   -8.850000e+01 5.000000e-01 -1.100000e+01
    endloop
  endfacet
  facet normal -1.813669e-19 -1.305262e-01 -9.914449e-01
    outer loop
      vertex   -8.850000e+01 5.000000e-01 -1.100000e+01
      vertex   -6.914706e+01 3.705905e-01 -1.098296e+01
      vertex   -7.191176e+01 3.705905e-01 -1.098296e+01
    endloop
  endfacet
  facet normal -1.813669e-19 -1.305262e-01 -9.914449e-01
    outer loop
      vertex   -8.850000e+01 5.000000e-01 -1.100000e+01
      vertex   -7.191176e+01 3.705905e-01 -1.098296e+01
      vertex   -7.467647e+01 3.705905e-01 -1.098296e+01
    endloop
  endfacet
  facet normal 0.000000e+00 -3.826834e-01 -9.238795e-01
    outer loop
      vertex   -7.467647e+01 3.705905e-01 -1.098296e+01
      vertex   -7.191176e+01 3.705905e-01 -1.098296e+01
      vertex   -7.467647e+01 2.500000e-01 -1.093301e+01
    endloop
  endfacet
  facet normal -4.539469e-18 -3.826834e-01 -9.238795e-01
    outer loop
      vertex   -7.467647e+01 3.705905e-01 -1.098296e+01
      vertex   -7.467647e+01 2.500000e-01 -1.093301e+01
      vertex   -7.744118e+01 2.500000e-01 -1.093301e+01
    endloop
  endfacet
  facet normal -6.111509e-18 -6.087614e-01 -7.933533e-01
    outer loop
      vertex   -7.744118e+01 2.500000e-01 -1.093301e+01
      vertex   -7.467647e+01 2.500000e-01 -1.093301e+01
      vertex   -7.744118e+01 1.464466e-01 -1.085355e+01
    endloop
  endfacet
  facet normal 1.150350e-18 -6.087614e-01 -7.933533e-01
    outer loop
      vertex   -7.744118e+01 2.500000e-01 -1.093301e+01
      vertex   -7.744118e+01 1.464466e-01 -1.085355e+01
      vertex   -8.020588e+01 1.464466e-01 -1.085355e+01
    endloop
  endfacet
  facet normal 0.000000e+00 -7.933533e-01 -6.087614e-01
    outer loop
      vertex   -8.020588e+01 1.464466e-01 -1.085355e+01
      vertex   -7.744118e+01 1.464466e-01 -1.085355e+01
      vertex   -8.020588e+01 6.698730e-02 -1.075000e+01
    endloop
  endfacet
  facet normal 2.074627e-17 -7.933533e-01 -6.087614e-01
    outer loop
      vertex   -8.020588e+01 1.464466e-01 -1.085355e+01
      vertex   -8.020588e+01 6.698730e-02 -1.075000e+01
      vertex   -8.297059e+01 6.698730e-02 -1.075000e+01
    endloop
  endfacet
  facet normal 2.318765e-17 -9.238795e-01 -3.826834e-01
    outer loop
      vertex   -8.297059e+01 6.698730e-02 -1.075000e+01
      vertex   -8.020588e+01 6.698730e-02 -1.075000e+01
      vertex   -8.297059e+01 1.703709e-02 -1.062941e+01
    endloop
  endfacet
  facet normal -5.145660e-20 -9.238795e-01 -3.826834e-01
    outer loop
      vertex   -8.297059e+01 6.698730e-02 -1.075000e+01
      vertex   -8.297059e+01 1.703709e-02 -1.062941e+01
      vertex   -8.573529e+01 1.703709e-02 -1.062941e+01
    endloop
  endfacet
  facet normal 0.000000e+00 -9.914449e-01 -1.305262e-01
    outer loop
      vertex   -8.573529e+01 1.703709e-02 -1.062941e+01
      vertex   -8.297059e+01 1.703709e-02 -1.062941e+01
      vertex   -8.850000e+01 0.000000e+00 -1.050000e+01
    endloop
  endfacet
  facet normal 2.488341e-17 -9.914449e-01 -1.305262e-01
    outer loop
      vertex   -8.573529e+01 1.703709e-02 -1.062941e+01
      vertex   -8.850000e+01 0.000000e+00 -1.050000e+01
      vertex   -8.850000e+01 1.703709e-02 -1.062941e+01
    endloop
  endfacet
  facet normal -1.248677e-15 -3.826834e-01 -9.238795e-01
    outer loop
      vertex   -4.426471e+01 3.705905e-01 -1.098296e+01
      vertex   -4.150000e+01 3.705905e-01 -1.098296e+01
      vertex   -4.426471e+01 2.500000e-01 -1.093301e+01
    endloop
  endfacet
  facet normal -7.683710e-18 -3.826834e-01 -9.238795e-01
    outer loop
      vertex   -4.426471e+01 2.500000e-01 -1.093301e+01
      vertex   -4.150000e+01 3.705905e-01 -1.098296e+01
      vertex   -4.150000e+01 2.500000e-01 -1.093301e+01
    endloop
  endfacet
  facet normal -1.222302e-17 -6.087614e-01 -7.933533e-01
    outer loop
      vertex   -4.426471e+01 2.500000e-01 -1.093301e+01
      vertex   -4.150000e+01 2.500000e-01 -1.093301e+01
      vertex   -4.426471e+01 1.464466e-01 -1.085355e+01
    endloop
  endfacet
  facet normal 3.055754e-17 -6.087614e-01 -7.933533e-01
    outer loop
      vertex   -4.426471e+01 1.464466e-01 -1.085355e+01
      vertex   -4.150000e+01 2.500000e-01 -1.093301e+01
      vertex   -4.150000e+01 1.464466e-01 -1.085355e+01
    endloop
  endfacet
  facet normal 3.982337e-17 -7.933533e-01 -6.087614e-01
    outer loop
      vertex   -4.426471e+01 1.464466e-01 -1.085355e+01
      vertex   -4.150000e+01 1.464466e-01 -1.085355e+01
      vertex   -4.426471e+01 6.698730e-02 -1.075000e+01
    endloop
  endfacet
  facet normal -2.389402e-16 -7.933533e-01 -6.087614e-01
    outer loop
      vertex   -4.426471e+01 6.698730e-02 -1.075000e+01
      vertex   -4.150000e+01 1.464466e-01 -1.085355e+01
      vertex   -4.150000e+01 6.698730e-02 -1.075000e+01
    endloop
  endfacet
  facet normal -2.782517e-16 -9.238795e-01 -3.826834e-01
    outer loop
      vertex   -4.426471e+01 6.698730e-02 -1.075000e+01
      vertex   -4.150000e+01 6.698730e-02 -1.075000e+01
      vertex   -4.426471e+01 1.703709e-02 -1.062941e+01
    endloop
  endfacet
  facet normal -1.391259e-16 -9.238795e-01 -3.826834e-01
    outer loop
      vertex   -4.426471e+01 1.703709e-02 -1.062941e+01
      vertex   -4.150000e+01 6.698730e-02 -1.075000e+01
      vertex   -4.150000e+01 1.703709e-02 -1.062941e+01
    endloop
  endfacet
  facet normal -1.493005e-16 -9.914449e-01 -1.305262e-01
    outer loop
      vertex   -4.426471e+01 1.703709e-02 -1.062941e+01
      vertex   -4.150000e+01 1.703709e-02 -1.062941e+01
      vertex   -4.150000e+01 0.000000e+00 -1.050000e+01
    endloop
  endfacet
  facet normal 2.318765e-17 -9.238795e-01 -3.826834e-01
    outer loop
      vertex   -8.573529e+01 1.703709e-02 -1.062941e+01
      vertex   -8.850000e+01 1.703709e-02 -1.062941e+01
      vertex   -8.573529e+01 6.698730e-02 -1.075000e+01
    endloop
  endfacet
  facet normal -6.956294e-17 -9.238795e-01 -3.826834e-01
    outer loop
      vertex   -8.573529e+01 6.698730e-02 -1.075000e+01
      vertex   -8.850000e+01 1.703709e-02 -1.062941e+01
      vertex   -8.850000e+01 6.698730e-02 -1.075000e+01
    endloop
  endfacet
  facet normal -5.973505e-17 -7.933533e-01 -6.087614e-01
    outer loop
      vertex   -8.573529e+01 6.698730e-02 -1.075000e+01
      vertex   -8.850000e+01 6.698730e-02 -1.075000e+01
      vertex   -8.573529e+01 1.464466e-01 -1.085355e+01
    endloop
  endfacet
  facet normal -7.964673e-17 -7.933533e-01 -6.087614e-01
    outer loop
      vertex   -8.573529e+01 1.464466e-01 -1.085355e+01
      vertex   -8.850000e+01 6.698730e-02 -1.075000e+01
      vertex   -8.850000e+01 1.464466e-01 -1.085355e+01
    endloop
  endfacet
  facet normal -6.111509e-17 -6.087614e-01 -7.933533e-01
    outer loop
      vertex   -8.573529e+01 1.464466e-01 -1.085355e+01
      vertex   -8.850000e+01 1.464466e-01 -1.085355e+01
      vertex   -8.573529e+01 2.500000e-01 -1.093301e+01
    endloop
  endfacet
  facet normal 1.222302e-17 -6.087614e-01 -7.933533e-01
    outer loop
      vertex   -8.573529e+01 2.500000e-01 -1.093301e+01
      vertex   -8.850000e+01 1.464466e-01 -1.085355e+01
      vertex   -8.850000e+01 2.500000e-01 -1.093301e+01
    endloop
  endfacet
  facet normal 7.683710e-18 -3.826834e-01 -9.238795e-01
    outer loop
      vertex   -8.573529e+01 2.500000e-01 -1.093301e+01
      vertex   -8.850000e+01 2.500000e-01 -1.093301e+01
      vertex   -8.573529e+01 3.705905e-01 -1.098296e+01
    endloop
  endfacet
  facet normal -1.536742e-17 -3.826834e-01 -9.238795e-01
    outer loop
      vertex   -8.573529e+01 3.705905e-01 -1.098296e+01
      vertex   -8.850000e+01 2.500000e-01 -1.093301e+01
      vertex   -8.850000e+01 3.705905e-01 -1.098296e+01
    endloop
  endfacet
  facet normal -5.241541e-18 -1.305262e-01 -9.914449e-01
    outer loop
      vertex   -8.573529e+01 3.705905e-01 -1.098296e+01
      vertex   -8.850000e+01 3.705905e-01 -1.098296e+01
      vertex   -8.850000e+01 5.000000e-01 -1.100000e+01
    endloop
  endfacet
  facet normal 0.000000e+00 -1.305262e-01 -9.914449e-01
    outer loop
      vertex   -8.850000e+01 5.000000e-01 -1.100000e+01
      vertex   -4.150000e+01 5.000000e-01 -1.100000e+01
      vertex   -6.638235e+01 3.705905e-01 -1.098296e+01
    endloop
  endfacet
  facet normal 0.000000e+00 -1.305262e-01 -9.914449e-01
    outer loop
      vertex   -6.638235e+01 3.705905e-01 -1.098296e+01
      vertex   -4.150000e+01 5.000000e-01 -1.100000e+01
      vertex   -6.361765e+01 3.705905e-01 -1.098296e+01
    endloop
  endfacet
  facet normal 0.000000e+00 -3.826834e-01 -9.238795e-01
    outer loop
      vertex   -6.638235e+01 3.705905e-01 -1.098296e+01
      vertex   -6.361765e+01 3.705905e-01 -1.098296e+01
      vertex   -6.638235e+01 2.500000e-01 -1.093301e+01
    endloop
  endfacet
  facet normal 0.000000e+00 -3.826834e-01 -9.238795e-01
    outer loop
      vertex   -6.638235e+01 2.500000e-01 -1.093301e+01
      vertex   -6.361765e+01 3.705905e-01 -1.098296e+01
      vertex   -6.361765e+01 2.500000e-01 -1.093301e+01
    endloop
  endfacet
  facet normal 0.000000e+00 -6.087614e-01 -7.933533e-01
    outer loop
      vertex   -6.638235e+01 2.500000e-01 -1.093301e+01
      vertex   -6.361765e+01 2.500000e-01 -1.093301e+01
      vertex   -6.638235e+01 1.464466e-01 -1.085355e+01
    endloop
  endfacet
  facet normal 0.000000e+00 -6.087614e-01 -7.933533e-01
    outer loop
      vertex   -6.638235e+01 1.464466e-01 -1.085355e+01
      vertex   -6.361765e+01 2.500000e-01 -1.093301e+01
      vertex   -6.361765e+01 1.464466e-01 -1.085355e+01
    endloop
  endfacet
  facet normal 0.000000e+00 -7.933533e-01 -6.087614e-01
    outer loop
      vertex   -6.638235e+01 1.464466e-01 -1.085355e+01
      vertex   -6.361765e+01 1.464466e-01 -1.085355e+01
      vertex   -6.638235e+01 6.698730e-02 -1.075000e+01
    endloop
  endfacet
  facet normal 1.991168e-17 -7.933533e-01 -6.087614e-01
    outer loop
      vertex   -6.638235e+01 6.698730e-02 -1.075000e+01
      vertex   -6.361765e+01 1.464466e-01 -1.085355e+01
      vertex   -6.361765e+01 6.698730e-02 -1.075000e+01
    endloop
  endfacet
  facet normal 2.318765e-17 -9.238795e-01 -3.826834e-01
    outer loop
      vertex   -6.638235e+01 6.698730e-02 -1.075000e+01
      vertex   -6.361765e+01 6.698730e-02 -1.075000e+01
      vertex   -6.638235e+01 1.703709e-02 -1.062941e+01
    endloop
  endfacet
  facet normal 0.000000e+00 -9.238795e-01 -3.826834e-01
    outer loop
      vertex   -6.638235e+01 1.703709e-02 -1.062941e+01
      vertex   -6.361765e+01 6.698730e-02 -1.075000e+01
      vertex   -6.361765e+01 1.703709e-02 -1.062941e+01
    endloop
  endfacet
  facet normal 2.305113e-17 -3.826834e-01 -9.238795e-01
    outer loop
      vertex   -4.702941e+01 3.705905e-01 -1.098296e+01
      vertex   -4.426471e+01 3.705905e-01 -1.098296e+01
      vertex   -4.702941e+01 2.500000e-01 -1.093301e+01
    endloop
  endfacet
  facet normal 0.000000e+00 -3.826834e-01 -9.238795e-01
    outer loop
      vertex   -4.702941e+01 2.500000e-01 -1.093301e+01
      vertex   -4.426471e+01 3.705905e-01 -1.098296e+01
      vertex   -4.426471e+01 2.500000e-01 -1.093301e+01
    endloop
  endfacet
  facet normal 0.000000e+00 -6.087614e-01 -7.933533e-01
    outer loop
      vertex   -4.702941e+01 2.500000e-01 -1.093301e+01
      vertex   -4.426471e+01 2.500000e-01 -1.093301e+01
      vertex   -4.702941e+01 1.464466e-01 -1.085355e+01
    endloop
  endfacet
  facet normal 0.000000e+00 -6.087614e-01 -7.933533e-01
    outer loop
      vertex   -4.702941e+01 1.464466e-01 -1.085355e+01
      vertex   -4.426471e+01 2.500000e-01 -1.093301e+01
      vertex   -4.426471e+01 1.464466e-01 -1.085355e+01
    endloop
  endfacet
  facet normal 0.000000e+00 -7.933533e-01 -6.087614e-01
    outer loop
      vertex   -4.702941e+01 1.464466e-01 -1.085355e+01
      vertex   -4.426471e+01 1.464466e-01 -1.085355e+01
      vertex   -4.702941e+01 6.698730e-02 -1.075000e+01
    endloop
  endfacet
  facet normal 0.000000e+00 -7.933533e-01 -6.087614e-01
    outer loop
      vertex   -4.702941e+01 6.698730e-02 -1.075000e+01
      vertex   -4.426471e+01 1.464466e-01 -1.085355e+01
      vertex   -4.426471e+01 6.698730e-02 -1.075000e+01
    endloop
  endfacet
  facet normal 0.000000e+00 -9.238795e-01 -3.826834e-01
    outer loop
      vertex   -4.702941e+01 6.698730e-02 -1.075000e+01
      vertex   -4.426471e+01 6.698730e-02 -1.075000e+01
      vertex   -4.702941e+01 1.703709e-02 -1.062941e+01
    endloop
  endfacet
  facet normal 0.000000e+00 -9.238795e-01 -3.826834e-01
    outer loop
      vertex   -4.702941e+01 1.703709e-02 -1.062941e+01
      vertex   -4.426471e+01 6.698730e-02 -1.075000e+01
      vertex   -4.426471e+01 1.703709e-02 -1.062941e+01
    endloop
  endfacet
  facet normal 0.000000e+00 -9.914449e-01 -1.305262e-01
    outer loop
      vertex   -4.702941e+01 1.703709e-02 -1.062941e+01
      vertex   -4.426471e+01 1.703709e-02 -1.062941e+01
      vertex   -4.150000e+01 0.000000e+00 -1.050000e+01
    endloop
  endfacet
  facet normal 2.620770e-18 -1.305262e-01 -9.914449e-01
    outer loop
      vertex   -4.979412e+01 3.705905e-01 -1.098296e+01
      vertex   -5.255882e+01 3.705905e-01 -1.098296e+01
      vertex   -4.150000e+01 5.000000e-01 -1.100000e+01
    endloop
  endfacet
  facet normal 5.494609e-18 -1.305262e-01 -9.914449e-01
    outer loop
      vertex   -4.150000e+01 5.000000e-01 -1.100000e+01
      vertex   -5.255882e+01 3.705905e-01 -1.098296e+01
      vertex   -5.532353e+01 3.705905e-01 -1.098296e+01
    endloop
  endfacet
  facet normal 2.530684e-19 -1.305262e-01 -9.914449e-01
    outer loop
      vertex   -4.150000e+01 5.000000e-01 -1.100000e+01
      vertex   -5.532353e+01 3.705905e-01 -1.098296e+01
      vertex   -5.808824e+01 3.705905e-01 -1.098296e+01
    endloop
  endfacet
  facet normal 0.000000e+00 -3.826834e-01 -9.238795e-01
    outer loop
      vertex   -5.808824e+01 3.705905e-01 -1.098296e+01
      vertex   -5.532353e+01 3.705905e-01 -1.098296e+01
      vertex   -5.808824e+01 2.500000e-01 -1.093301e+01
    endloop
  endfacet
  facet normal -6.784673e-19 -3.826834e-01 -9.238795e-01
    outer loop
      vertex   -5.808824e+01 3.705905e-01 -1.098296e+01
      vertex   -5.808824e+01 2.500000e-01 -1.093301e+01
      vertex   -6.085294e+01 2.500000e-01 -1.093301e+01
    endloop
  endfacet
  facet normal 0.000000e+00 -6.087614e-01 -7.933533e-01
    outer loop
      vertex   -6.085294e+01 2.500000e-01 -1.093301e+01
      vertex   -5.808824e+01 2.500000e-01 -1.093301e+01
      vertex   -6.085294e+01 1.464466e-01 -1.085355e+01
    endloop
  endfacet
  facet normal -2.068688e-17 -6.087614e-01 -7.933533e-01
    outer loop
      vertex   -6.085294e+01 2.500000e-01 -1.093301e+01
      vertex   -6.085294e+01 1.464466e-01 -1.085355e+01
      vertex   -6.361765e+01 1.464466e-01 -1.085355e+01
    endloop
  endfacet
  facet normal -2.389402e-17 -7.933533e-01 -6.087614e-01
    outer loop
      vertex   -6.361765e+01 1.464466e-01 -1.085355e+01
      vertex   -6.085294e+01 1.464466e-01 -1.085355e+01
      vertex   -6.361765e+01 6.698730e-02 -1.075000e+01
    endloop
  endfacet
  facet normal 7.683710e-18 -3.826834e-01 -9.238795e-01
    outer loop
      vertex   -4.979412e+01 3.705905e-01 -1.098296e+01
      vertex   -5.255882e+01 2.500000e-01 -1.093301e+01
      vertex   -5.255882e+01 3.705905e-01 -1.098296e+01
    endloop
  endfacet
  facet normal 7.789821e-19 -3.826834e-01 -9.238795e-01
    outer loop
      vertex   -5.255882e+01 3.705905e-01 -1.098296e+01
      vertex   -5.255882e+01 2.500000e-01 -1.093301e+01
      vertex   -5.532353e+01 2.500000e-01 -1.093301e+01
    endloop
  endfacet
  facet normal 1.536742e-17 -3.826834e-01 -9.238795e-01
    outer loop
      vertex   -5.255882e+01 3.705905e-01 -1.098296e+01
      vertex   -5.532353e+01 2.500000e-01 -1.093301e+01
      vertex   -5.532353e+01 3.705905e-01 -1.098296e+01
    endloop
  endfacet
  facet normal -6.784673e-19 -3.826834e-01 -9.238795e-01
    outer loop
      vertex   -5.532353e+01 3.705905e-01 -1.098296e+01
      vertex   -5.532353e+01 2.500000e-01 -1.093301e+01
      vertex   -5.808824e+01 2.500000e-01 -1.093301e+01
    endloop
  endfacet
  facet normal 2.620770e-18 -1.305262e-01 -9.914449e-01
    outer loop
      vertex   -6.361765e+01 3.705905e-01 -1.098296e+01
      vertex   -4.150000e+01 5.000000e-01 -1.100000e+01
      vertex   -6.085294e+01 3.705905e-01 -1.098296e+01
    endloop
  endfacet
  facet normal 0.000000e+00 -1.305262e-01 -9.914449e-01
    outer loop
      vertex   -6.085294e+01 3.705905e-01 -1.098296e+01
      vertex   -4.150000e+01 5.000000e-01 -1.100000e+01
      vertex   -5.808824e+01 3.705905e-01 -1.098296e+01
    endloop
  endfacet
  facet normal 0.000000e+00 -3.826834e-01 -9.238795e-01
    outer loop
      vertex   -6.085294e+01 3.705905e-01 -1.098296e+01
      vertex   -5.808824e+01 3.705905e-01 -1.098296e+01
      vertex   -6.085294e+01 2.500000e-01 -1.093301e+01
    endloop
  endfacet
  facet normal 7.005243e-18 -3.826834e-01 -9.238795e-01
    outer loop
      vertex   -6.361765e+01 2.500000e-01 -1.093301e+01
      vertex   -6.361765e+01 3.705905e-01 -1.098296e+01
      vertex   -6.085294e+01 3.705905e-01 -1.098296e+01
    endloop
  endfacet
  facet normal 0.000000e+00 -3.826834e-01 -9.238795e-01
    outer loop
      vertex   -6.361765e+01 2.500000e-01 -1.093301e+01
      vertex   -6.085294e+01 3.705905e-01 -1.098296e+01
      vertex   -6.085294e+01 2.500000e-01 -1.093301e+01
    endloop
  endfacet
  facet normal 0.000000e+00 -3.826834e-01 -9.238795e-01
    outer loop
      vertex   -7.191176e+01 3.705905e-01 -1.098296e+01
      vertex   -6.914706e+01 3.705905e-01 -1.098296e+01
      vertex   -7.191176e+01 2.500000e-01 -1.093301e+01
    endloop
  endfacet
  facet normal 0.000000e+00 -3.826834e-01 -9.238795e-01
    outer loop
      vertex   -7.191176e+01 2.500000e-01 -1.093301e+01
      vertex   -6.914706e+01 3.705905e-01 -1.098296e+01
      vertex   -6.914706e+01 2.500000e-01 -1.093301e+01
    endloop
  endfacet
  facet normal 0.000000e+00 -6.087614e-01 -7.933533e-01
    outer loop
      vertex   -7.191176e+01 2.500000e-01 -1.093301e+01
      vertex   -6.914706e+01 2.500000e-01 -1.093301e+01
      vertex   -7.191176e+01 1.464466e-01 -1.085355e+01
    endloop
  endfacet
  facet normal 0.000000e+00 -6.087614e-01 -7.933533e-01
    outer loop
      vertex   -7.191176e+01 1.464466e-01 -1.085355e+01
      vertex   -6.914706e+01 2.500000e-01 -1.093301e+01
      vertex   -6.914706e+01 1.464466e-01 -1.085355e+01
    endloop
  endfacet
  facet normal 0.000000e+00 -7.933533e-01 -6.087614e-01
    outer loop
      vertex   -7.191176e+01 1.464466e-01 -1.085355e+01
      vertex   -6.914706e+01 1.464466e-01 -1.085355e+01
      vertex   -7.191176e+01 6.698730e-02 -1.075000e+01
    endloop
  endfacet
  facet normal 1.991168e-17 -7.933533e-01 -6.087614e-01
    outer loop
      vertex   -7.191176e+01 6.698730e-02 -1.075000e+01
      vertex   -6.914706e+01 1.464466e-01 -1.085355e+01
      vertex   -6.914706e+01 6.698730e-02 -1.075000e+01
    endloop
  endfacet
  facet normal 2.318765e-17 -9.238795e-01 -3.826834e-01
    outer loop
      vertex   -7.191176e+01 6.698730e-02 -1.075000e+01
      vertex   -6.914706e+01 6.698730e-02 -1.075000e+01
      vertex   -7.191176e+01 1.703709e-02 -1.062941e+01
    endloop
  endfacet
  facet normal 0.000000e+00 -9.238795e-01 -3.826834e-01
    outer loop
      vertex   -7.191176e+01 1.703709e-02 -1.062941e+01
      vertex   -6.914706e+01 6.698730e-02 -1.075000e+01
      vertex   -6.914706e+01 1.703709e-02 -1.062941e+01
    endloop
  endfacet
  facet normal 0.000000e+00 -9.914449e-01 -1.305262e-01
    outer loop
      vertex   -7.191176e+01 1.703709e-02 -1.062941e+01
      vertex   -6.914706e+01 1.703709e-02 -1.062941e+01
      vertex   -8.850000e+01 0.000000e+00 -1.050000e+01
    endloop
  endfacet
  facet normal -0.000000e+00 -1.305262e-01 -9.914449e-01
    outer loop
      vertex   -7.467647e+01 3.705905e-01 -1.098296e+01
      vertex   -7.744118e+01 3.705905e-01 -1.098296e+01
      vertex   -8.850000e+01 5.000000e-01 -1.100000e+01
    endloop
  endfacet
  facet normal -1.813669e-19 -1.305262e-01 -9.914449e-01
    outer loop
      vertex   -8.850000e+01 5.000000e-01 -1.100000e+01
      vertex   -7.744118e+01 3.705905e-01 -1.098296e+01
      vertex   -8.020588e+01 3.705905e-01 -1.098296e+01
    endloop
  endfacet
  facet normal 5.827515e-18 -1.305262e-01 -9.914449e-01
    outer loop
      vertex   -8.850000e+01 5.000000e-01 -1.100000e+01
      vertex   -8.020588e+01 3.705905e-01 -1.098296e+01
      vertex   -8.297059e+01 3.705905e-01 -1.098296e+01
    endloop
  endfacet
  facet normal 1.536742e-17 -3.826834e-01 -9.238795e-01
    outer loop
      vertex   -8.297059e+01 3.705905e-01 -1.098296e+01
      vertex   -8.020588e+01 3.705905e-01 -1.098296e+01
      vertex   -8.297059e+01 2.500000e-01 -1.093301e+01
    endloop
  endfacet
  facet normal -7.927420e-18 -3.826834e-01 -9.238795e-01
    outer loop
      vertex   -8.297059e+01 3.705905e-01 -1.098296e+01
      vertex   -8.297059e+01 2.500000e-01 -1.093301e+01
      vertex   -8.573529e+01 2.500000e-01 -1.093301e+01
    endloop
  endfacet
  facet normal -1.222302e-17 -6.087614e-01 -7.933533e-01
    outer loop
      vertex   -8.573529e+01 2.500000e-01 -1.093301e+01
      vertex   -8.297059e+01 2.500000e-01 -1.093301e+01
      vertex   -8.573529e+01 1.464466e-01 -1.085355e+01
    endloop
  endfacet
  facet normal -0.000000e+00 -3.826834e-01 -9.238795e-01
    outer loop
      vertex   -7.467647e+01 3.705905e-01 -1.098296e+01
      vertex   -7.744118e+01 2.500000e-01 -1.093301e+01
      vertex   -7.744118e+01 3.705905e-01 -1.098296e+01
    endloop
  endfacet
  facet normal -6.976145e-19 -3.826834e-01 -9.238795e-01
    outer loop
      vertex   -7.744118e+01 3.705905e-01 -1.098296e+01
      vertex   -7.744118e+01 2.500000e-01 -1.093301e+01
      vertex   -8.020588e+01 2.500000e-01 -1.093301e+01
    endloop
  endfacet
  facet normal -0.000000e+00 -3.826834e-01 -9.238795e-01
    outer loop
      vertex   -7.744118e+01 3.705905e-01 -1.098296e+01
      vertex   -8.020588e+01 2.500000e-01 -1.093301e+01
      vertex   -8.020588e+01 3.705905e-01 -1.098296e+01
    endloop
  endfacet
  facet normal -3.101167e-18 -3.826834e-01 -9.238795e-01
    outer loop
      vertex   -8.020588e+01 3.705905e-01 -1.098296e+01
      vertex   -8.020588e+01 2.500000e-01 -1.093301e+01
      vertex   -8.297059e+01 2.500000e-01 -1.093301e+01
    endloop
  endfacet
  facet normal 0.000000e+00 -1.305262e-01 -9.914449e-01
    outer loop
      vertex   -8.573529e+01 3.705905e-01 -1.098296e+01
      vertex   -8.850000e+01 5.000000e-01 -1.100000e+01
      vertex   -8.297059e+01 3.705905e-01 -1.098296e+01
    endloop
  endfacet
  facet normal -2.437100e-19 -3.826834e-01 -9.238795e-01
    outer loop
      vertex   -8.573529e+01 2.500000e-01 -1.093301e+01
      vertex   -8.573529e+01 3.705905e-01 -1.098296e+01
      vertex   -8.297059e+01 3.705905e-01 -1.098296e+01
    endloop
  endfacet
  facet normal 3.059304e-19 -3.826834e-01 -9.238795e-01
    outer loop
      vertex   -4.702941e+01 3.705905e-01 -1.098296e+01
      vertex   -4.702941e+01 2.500000e-01 -1.093301e+01
      vertex   -4.979412e+01 2.500000e-01 -1.093301e+01
    endloop
  endfacet
  facet normal 0.000000e+00 -6.087614e-01 -7.933533e-01
    outer loop
      vertex   -4.979412e+01 2.500000e-01 -1.093301e+01
      vertex   -4.702941e+01 2.500000e-01 -1.093301e+01
      vertex   -4.979412e+01 1.464466e-01 -1.085355e+01
    endloop
  endfacet
  facet normal -1.458457e-18 -6.087614e-01 -7.933533e-01
    outer loop
      vertex   -4.979412e+01 2.500000e-01 -1.093301e+01
      vertex   -4.979412e+01 1.464466e-01 -1.085355e+01
      vertex   -5.255882e+01 1.464466e-01 -1.085355e+01
    endloop
  endfacet
  facet normal 0.000000e+00 -7.933533e-01 -6.087614e-01
    outer loop
      vertex   -5.255882e+01 1.464466e-01 -1.085355e+01
      vertex   -4.979412e+01 1.464466e-01 -1.085355e+01
      vertex   -5.255882e+01 6.698730e-02 -1.075000e+01
    endloop
  endfacet
  facet normal -1.694032e-18 -7.933533e-01 -6.087614e-01
    outer loop
      vertex   -5.255882e+01 1.464466e-01 -1.085355e+01
      vertex   -5.255882e+01 6.698730e-02 -1.075000e+01
      vertex   -5.532353e+01 6.698730e-02 -1.075000e+01
    endloop
  endfacet
  facet normal 0.000000e+00 -9.238795e-01 -3.826834e-01
    outer loop
      vertex   -5.532353e+01 6.698730e-02 -1.075000e+01
      vertex   -5.255882e+01 6.698730e-02 -1.075000e+01
      vertex   -5.532353e+01 1.703709e-02 -1.062941e+01
    endloop
  endfacet
  facet normal -1.195399e-18 -9.238795e-01 -3.826834e-01
    outer loop
      vertex   -5.532353e+01 6.698730e-02 -1.075000e+01
      vertex   -5.532353e+01 1.703709e-02 -1.062941e+01
      vertex   -5.808824e+01 1.703709e-02 -1.062941e+01
    endloop
  endfacet
  facet normal 0.000000e+00 -9.914449e-01 -1.305262e-01
    outer loop
      vertex   -5.808824e+01 1.703709e-02 -1.062941e+01
      vertex   -5.532353e+01 1.703709e-02 -1.062941e+01
      vertex   -4.150000e+01 0.000000e+00 -1.050000e+01
    endloop
  endfacet
  facet normal 0.000000e+00 -6.087614e-01 -7.933533e-01
    outer loop
      vertex   -4.979412e+01 1.464466e-01 -1.085355e+01
      vertex   -4.702941e+01 2.500000e-01 -1.093301e+01
      vertex   -4.702941e+01 1.464466e-01 -1.085355e+01
    endloop
  endfacet
  facet normal -0.000000e+00 -6.087614e-01 -7.933533e-01
    outer loop
      vertex   -5.255882e+01 2.500000e-01 -1.093301e+01
      vertex   -5.532353e+01 1.464466e-01 -1.085355e+01
      vertex   -5.532353e+01 2.500000e-01 -1.093301e+01
    endloop
  endfacet
  facet normal -1.458457e-18 -6.087614e-01 -7.933533e-01
    outer loop
      vertex   -5.532353e+01 2.500000e-01 -1.093301e+01
      vertex   -5.532353e+01 1.464466e-01 -1.085355e+01
      vertex   -5.808824e+01 1.464466e-01 -1.085355e+01
    endloop
  endfacet
  facet normal -0.000000e+00 -6.087614e-01 -7.933533e-01
    outer loop
      vertex   -5.532353e+01 2.500000e-01 -1.093301e+01
      vertex   -5.808824e+01 1.464466e-01 -1.085355e+01
      vertex   -5.808824e+01 2.500000e-01 -1.093301e+01
    endloop
  endfacet
  facet normal -1.458457e-18 -6.087614e-01 -7.933533e-01
    outer loop
      vertex   -5.808824e+01 2.500000e-01 -1.093301e+01
      vertex   -5.808824e+01 1.464466e-01 -1.085355e+01
      vertex   -6.085294e+01 1.464466e-01 -1.085355e+01
    endloop
  endfacet
  facet normal -2.352353e-18 -6.087614e-01 -7.933533e-01
    outer loop
      vertex   -6.361765e+01 1.464466e-01 -1.085355e+01
      vertex   -6.361765e+01 2.500000e-01 -1.093301e+01
      vertex   -6.085294e+01 2.500000e-01 -1.093301e+01
    endloop
  endfacet
  facet normal 2.676361e-19 -3.826834e-01 -9.238795e-01
    outer loop
      vertex   -7.191176e+01 3.705905e-01 -1.098296e+01
      vertex   -7.191176e+01 2.500000e-01 -1.093301e+01
      vertex   -7.467647e+01 2.500000e-01 -1.093301e+01
    endloop
  endfacet
  facet normal 0.000000e+00 -6.087614e-01 -7.933533e-01
    outer loop
      vertex   -7.467647e+01 2.500000e-01 -1.093301e+01
      vertex   -7.191176e+01 2.500000e-01 -1.093301e+01
      vertex   -7.467647e+01 1.464466e-01 -1.085355e+01
    endloop
  endfacet
  facet normal -2.352353e-18 -6.087614e-01 -7.933533e-01
    outer loop
      vertex   -7.467647e+01 2.500000e-01 -1.093301e+01
      vertex   -7.467647e+01 1.464466e-01 -1.085355e+01
      vertex   -7.744118e+01 1.464466e-01 -1.085355e+01
    endloop
  endfacet
  facet normal 0.000000e+00 -7.933533e-01 -6.087614e-01
    outer loop
      vertex   -7.744118e+01 1.464466e-01 -1.085355e+01
      vertex   -7.467647e+01 1.464466e-01 -1.085355e+01
      vertex   -7.744118e+01 6.698730e-02 -1.075000e+01
    endloop
  endfacet
  facet normal 2.142953e-17 -7.933533e-01 -6.087614e-01
    outer loop
      vertex   -7.744118e+01 1.464466e-01 -1.085355e+01
      vertex   -7.744118e+01 6.698730e-02 -1.075000e+01
      vertex   -8.020588e+01 6.698730e-02 -1.075000e+01
    endloop
  endfacet
  facet normal 2.318765e-17 -9.238795e-01 -3.826834e-01
    outer loop
      vertex   -8.020588e+01 6.698730e-02 -1.075000e+01
      vertex   -7.744118e+01 6.698730e-02 -1.075000e+01
      vertex   -8.020588e+01 1.703709e-02 -1.062941e+01
    endloop
  endfacet
  facet normal 7.964250e-19 -9.238795e-01 -3.826834e-01
    outer loop
      vertex   -8.020588e+01 6.698730e-02 -1.075000e+01
      vertex   -8.020588e+01 1.703709e-02 -1.062941e+01
      vertex   -8.297059e+01 1.703709e-02 -1.062941e+01
    endloop
  endfacet
  facet normal 0.000000e+00 -9.914449e-01 -1.305262e-01
    outer loop
      vertex   -8.297059e+01 1.703709e-02 -1.062941e+01
      vertex   -8.020588e+01 1.703709e-02 -1.062941e+01
      vertex   -8.850000e+01 0.000000e+00 -1.050000e+01
    endloop
  endfacet
  facet normal 0.000000e+00 -6.087614e-01 -7.933533e-01
    outer loop
      vertex   -7.467647e+01 1.464466e-01 -1.085355e+01
      vertex   -7.191176e+01 2.500000e-01 -1.093301e+01
      vertex   -7.191176e+01 1.464466e-01 -1.085355e+01
    endloop
  endfacet
  facet normal -0.000000e+00 -6.087614e-01 -7.933533e-01
    outer loop
      vertex   -7.744118e+01 2.500000e-01 -1.093301e+01
      vertex   -8.020588e+01 1.464466e-01 -1.085355e+01
      vertex   -8.020588e+01 2.500000e-01 -1.093301e+01
    endloop
  endfacet
  facet normal 1.150350e-18 -6.087614e-01 -7.933533e-01
    outer loop
      vertex   -8.020588e+01 2.500000e-01 -1.093301e+01
      vertex   -8.020588e+01 1.464466e-01 -1.085355e+01
      vertex   -8.297059e+01 1.464466e-01 -1.085355e+01
    endloop
  endfacet
  facet normal -6.111509e-18 -6.087614e-01 -7.933533e-01
    outer loop
      vertex   -8.020588e+01 2.500000e-01 -1.093301e+01
      vertex   -8.297059e+01 1.464466e-01 -1.085355e+01
      vertex   -8.297059e+01 2.500000e-01 -1.093301e+01
    endloop
  endfacet
  facet normal -1.540535e-19 -6.087614e-01 -7.933533e-01
    outer loop
      vertex   -8.297059e+01 2.500000e-01 -1.093301e+01
      vertex   -8.297059e+01 1.464466e-01 -1.085355e+01
      vertex   -8.573529e+01 1.464466e-01 -1.085355e+01
    endloop
  endfacet
  facet normal 0.000000e+00 -7.933533e-01 -6.087614e-01
    outer loop
      vertex   -4.979412e+01 1.464466e-01 -1.085355e+01
      vertex   -4.702941e+01 1.464466e-01 -1.085355e+01
      vertex   -4.979412e+01 6.698730e-02 -1.075000e+01
    endloop
  endfacet
  facet normal 1.991168e-17 -7.933533e-01 -6.087614e-01
    outer loop
      vertex   -4.979412e+01 6.698730e-02 -1.075000e+01
      vertex   -4.702941e+01 1.464466e-01 -1.085355e+01
      vertex   -4.702941e+01 6.698730e-02 -1.075000e+01
    endloop
  endfacet
  facet normal 2.318765e-17 -9.238795e-01 -3.826834e-01
    outer loop
      vertex   -4.979412e+01 6.698730e-02 -1.075000e+01
      vertex   -4.702941e+01 6.698730e-02 -1.075000e+01
      vertex   -4.979412e+01 1.703709e-02 -1.062941e+01
    endloop
  endfacet
  facet normal 0.000000e+00 -9.238795e-01 -3.826834e-01
    outer loop
      vertex   -4.979412e+01 1.703709e-02 -1.062941e+01
      vertex   -4.702941e+01 6.698730e-02 -1.075000e+01
      vertex   -4.702941e+01 1.703709e-02 -1.062941e+01
    endloop
  endfacet
  facet normal 0.000000e+00 -9.914449e-01 -1.305262e-01
    outer loop
      vertex   -4.979412e+01 1.703709e-02 -1.062941e+01
      vertex   -4.702941e+01 1.703709e-02 -1.062941e+01
      vertex   -4.150000e+01 0.000000e+00 -1.050000e+01
    endloop
  endfacet
  facet normal -0.000000e+00 -7.933533e-01 -6.087614e-01
    outer loop
      vertex   -5.532353e+01 1.464466e-01 -1.085355e+01
      vertex   -5.808824e+01 6.698730e-02 -1.075000e+01
      vertex   -5.808824e+01 1.464466e-01 -1.085355e+01
    endloop
  endfacet
  facet normal -3.694783e-16 -7.933533e-01 -6.087614e-01
    outer loop
      vertex   -5.808824e+01 1.464466e-01 -1.085355e+01
      vertex   -5.808824e+01 6.698730e-02 -1.075000e+01
      vertex   -6.085294e+01 6.698730e-02 -1.075000e+01
    endloop
  endfacet
  facet normal -0.000000e+00 -7.933533e-01 -6.087614e-01
    outer loop
      vertex   -5.808824e+01 1.464466e-01 -1.085355e+01
      vertex   -6.085294e+01 6.698730e-02 -1.075000e+01
      vertex   -6.085294e+01 1.464466e-01 -1.085355e+01
    endloop
  endfacet
  facet normal 1.921396e-17 -7.933533e-01 -6.087614e-01
    outer loop
      vertex   -6.085294e+01 1.464466e-01 -1.085355e+01
      vertex   -6.085294e+01 6.698730e-02 -1.075000e+01
      vertex   -6.361765e+01 6.698730e-02 -1.075000e+01
    endloop
  endfacet
  facet normal 0.000000e+00 -7.933533e-01 -6.087614e-01
    outer loop
      vertex   -7.467647e+01 1.464466e-01 -1.085355e+01
      vertex   -7.191176e+01 1.464466e-01 -1.085355e+01
      vertex   -7.467647e+01 6.698730e-02 -1.075000e+01
    endloop
  endfacet
  facet normal 0.000000e+00 -7.933533e-01 -6.087614e-01
    outer loop
      vertex   -7.467647e+01 6.698730e-02 -1.075000e+01
      vertex   -7.191176e+01 1.464466e-01 -1.085355e+01
      vertex   -7.191176e+01 6.698730e-02 -1.075000e+01
    endloop
  endfacet
  facet normal 0.000000e+00 -9.238795e-01 -3.826834e-01
    outer loop
      vertex   -7.467647e+01 6.698730e-02 -1.075000e+01
      vertex   -7.191176e+01 6.698730e-02 -1.075000e+01
      vertex   -7.467647e+01 1.703709e-02 -1.062941e+01
    endloop
  endfacet
  facet normal 0.000000e+00 -9.238795e-01 -3.826834e-01
    outer loop
      vertex   -7.467647e+01 1.703709e-02 -1.062941e+01
      vertex   -7.191176e+01 6.698730e-02 -1.075000e+01
      vertex   -7.191176e+01 1.703709e-02 -1.062941e+01
    endloop
  endfacet
  facet normal 0.000000e+00 -9.914449e-01 -1.305262e-01
    outer loop
      vertex   -7.467647e+01 1.703709e-02 -1.062941e+01
      vertex   -7.191176e+01 1.703709e-02 -1.062941e+01
      vertex   -8.850000e+01 0.000000e+00 -1.050000e+01
    endloop
  endfacet
  facet normal 8.345893e-19 -7.933533e-01 -6.087614e-01
    outer loop
      vertex   -8.573529e+01 6.698730e-02 -1.075000e+01
      vertex   -8.573529e+01 1.464466e-01 -1.085355e+01
      vertex   -8.297059e+01 1.464466e-01 -1.085355e+01
    endloop
  endfacet
  facet normal 0.000000e+00 -7.933533e-01 -6.087614e-01
    outer loop
      vertex   -8.573529e+01 6.698730e-02 -1.075000e+01
      vertex   -8.297059e+01 1.464466e-01 -1.085355e+01
      vertex   -8.297059e+01 6.698730e-02 -1.075000e+01
    endloop
  endfacet
  facet normal 8.345893e-19 -7.933533e-01 -6.087614e-01
    outer loop
      vertex   -8.297059e+01 6.698730e-02 -1.075000e+01
      vertex   -8.297059e+01 1.464466e-01 -1.085355e+01
      vertex   -8.020588e+01 1.464466e-01 -1.085355e+01
    endloop
  endfacet
  facet normal 3.812933e-17 -7.933533e-01 -6.087614e-01
    outer loop
      vertex   -4.979412e+01 1.464466e-01 -1.085355e+01
      vertex   -4.979412e+01 6.698730e-02 -1.075000e+01
      vertex   -5.255882e+01 6.698730e-02 -1.075000e+01
    endloop
  endfacet
  facet normal 4.637529e-17 -9.238795e-01 -3.826834e-01
    outer loop
      vertex   -5.255882e+01 6.698730e-02 -1.075000e+01
      vertex   -4.979412e+01 6.698730e-02 -1.075000e+01
      vertex   -5.255882e+01 1.703709e-02 -1.062941e+01
    endloop
  endfacet
  facet normal -1.195399e-18 -9.238795e-01 -3.826834e-01
    outer loop
      vertex   -5.255882e+01 6.698730e-02 -1.075000e+01
      vertex   -5.255882e+01 1.703709e-02 -1.062941e+01
      vertex   -5.532353e+01 1.703709e-02 -1.062941e+01
    endloop
  endfacet
  facet normal 0.000000e+00 -9.914449e-01 -1.305262e-01
    outer loop
      vertex   -5.532353e+01 1.703709e-02 -1.062941e+01
      vertex   -5.255882e+01 1.703709e-02 -1.062941e+01
      vertex   -4.150000e+01 0.000000e+00 -1.050000e+01
    endloop
  endfacet
  facet normal 0.000000e+00 -9.238795e-01 -3.826834e-01
    outer loop
      vertex   -5.255882e+01 1.703709e-02 -1.062941e+01
      vertex   -4.979412e+01 6.698730e-02 -1.075000e+01
      vertex   -4.979412e+01 1.703709e-02 -1.062941e+01
    endloop
  endfacet
  facet normal 2.341637e-17 -9.238795e-01 -3.826834e-01
    outer loop
      vertex   -6.361765e+01 1.703709e-02 -1.062941e+01
      vertex   -6.361765e+01 6.698730e-02 -1.075000e+01
      vertex   -6.085294e+01 6.698730e-02 -1.075000e+01
    endloop
  endfacet
  facet normal 0.000000e+00 -9.238795e-01 -3.826834e-01
    outer loop
      vertex   -6.361765e+01 1.703709e-02 -1.062941e+01
      vertex   -6.085294e+01 6.698730e-02 -1.075000e+01
      vertex   -6.085294e+01 1.703709e-02 -1.062941e+01
    endloop
  endfacet
  facet normal -2.216145e-16 -9.238795e-01 -3.826834e-01
    outer loop
      vertex   -6.085294e+01 1.703709e-02 -1.062941e+01
      vertex   -6.085294e+01 6.698730e-02 -1.075000e+01
      vertex   -5.808824e+01 6.698730e-02 -1.075000e+01
    endloop
  endfacet
  facet normal 2.211279e-17 -7.933533e-01 -6.087614e-01
    outer loop
      vertex   -7.467647e+01 1.464466e-01 -1.085355e+01
      vertex   -7.467647e+01 6.698730e-02 -1.075000e+01
      vertex   -7.744118e+01 6.698730e-02 -1.075000e+01
    endloop
  endfacet
  facet normal 2.318765e-17 -9.238795e-01 -3.826834e-01
    outer loop
      vertex   -7.744118e+01 6.698730e-02 -1.075000e+01
      vertex   -7.467647e+01 6.698730e-02 -1.075000e+01
      vertex   -7.744118e+01 1.703709e-02 -1.062941e+01
    endloop
  endfacet
  facet normal -7.592461e-19 -9.238795e-01 -3.826834e-01
    outer loop
      vertex   -7.744118e+01 6.698730e-02 -1.075000e+01
      vertex   -7.744118e+01 1.703709e-02 -1.062941e+01
      vertex   -8.020588e+01 1.703709e-02 -1.062941e+01
    endloop
  endfacet
  facet normal 0.000000e+00 -9.914449e-01 -1.305262e-01
    outer loop
      vertex   -8.020588e+01 1.703709e-02 -1.062941e+01
      vertex   -7.744118e+01 1.703709e-02 -1.062941e+01
      vertex   -8.850000e+01 0.000000e+00 -1.050000e+01
    endloop
  endfacet
  facet normal 0.000000e+00 -9.238795e-01 -3.826834e-01
    outer loop
      vertex   -7.744118e+01 1.703709e-02 -1.062941e+01
      vertex   -7.467647e+01 6.698730e-02 -1.075000e+01
      vertex   -7.467647e+01 1.703709e-02 -1.062941e+01
    endloop
  endfacet
  facet normal -5.145660e-20 -9.238795e-01 -3.826834e-01
    outer loop
      vertex   -8.573529e+01 1.703709e-02 -1.062941e+01
      vertex   -8.573529e+01 6.698730e-02 -1.075000e+01
      vertex   -8.297059e+01 6.698730e-02 -1.075000e+01
    endloop
  endfacet
  facet normal -6.617791e-20 -9.914449e-01 -1.305262e-01
    outer loop
      vertex   -4.150000e+01 0.000000e+00 -1.050000e+01
      vertex   -5.255882e+01 1.703709e-02 -1.062941e+01
      vertex   -4.979412e+01 1.703709e-02 -1.062941e+01
    endloop
  endfacet
  facet normal -6.617791e-20 -9.914449e-01 -1.305262e-01
    outer loop
      vertex   -8.850000e+01 0.000000e+00 -1.050000e+01
      vertex   -7.744118e+01 1.703709e-02 -1.062941e+01
      vertex   -7.467647e+01 1.703709e-02 -1.062941e+01
    endloop
  endfacet
  facet normal -9.987955e-01 -4.906767e-02 -0.000000e+00
    outer loop
      vertex   -8.900000e+01 5.000000e-01 1.100000e+01
      vertex   -8.900000e+01 5.000000e-01 -1.050000e+01
      vertex   -8.899759e+01 4.509914e-01 1.099759e+01
    endloop
  endfacet
  facet normal -9.888007e-01 -1.492416e-01 -2.294882e-04
    outer loop
      vertex   -8.899759e+01 4.509914e-01 1.099759e+01
      vertex   -8.900000e+01 5.000000e-01 -1.050000e+01
      vertex   -8.898296e+01 3.705905e-01 2.500000e-01
    endloop
  endfacet
  facet normal -9.838460e-01 -1.790169e-01 3.393432e-19
    outer loop
      vertex   -8.899759e+01 4.509914e-01 1.099759e+01
      vertex   -8.898296e+01 3.705905e-01 2.500000e-01
      vertex   -8.898296e+01 3.705905e-01 2.937500e+00
    endloop
  endfacet
  facet normal -9.238795e-01 -3.826834e-01 -0.000000e+00
    outer loop
      vertex   -8.898296e+01 3.705905e-01 2.937500e+00
      vertex   -8.898296e+01 3.705905e-01 2.500000e-01
      vertex   -8.893301e+01 2.500000e-01 2.937500e+00
    endloop
  endfacet
  facet normal -9.238795e-01 -3.826834e-01 5.919845e-17
    outer loop
      vertex   -8.898296e+01 3.705905e-01 2.937500e+00
      vertex   -8.893301e+01 2.500000e-01 2.937500e+00
      vertex   -8.893301e+01 2.500000e-01 5.625000e+00
    endloop
  endfacet
  facet normal -7.933533e-01 -6.087614e-01 9.430618e-17
    outer loop
      vertex   -8.893301e+01 2.500000e-01 5.625000e+00
      vertex   -8.893301e+01 2.500000e-01 2.937500e+00
      vertex   -8.885355e+01 1.464466e-01 5.625000e+00
    endloop
  endfacet
  facet normal -7.933533e-01 -6.087614e-01 8.394807e-17
    outer loop
      vertex   -8.893301e+01 2.500000e-01 5.625000e+00
      vertex   -8.885355e+01 1.464466e-01 5.625000e+00
      vertex   -8.885355e+01 1.464466e-01 8.312500e+00
    endloop
  endfacet
  facet normal -6.087614e-01 -7.933533e-01 1.065152e-16
    outer loop
      vertex   -8.885355e+01 1.464466e-01 8.312500e+00
      vertex   -8.885355e+01 1.464466e-01 5.625000e+00
      vertex   -8.875000e+01 6.698730e-02 8.312500e+00
    endloop
  endfacet
  facet normal -6.087609e-01 -7.933527e-01 -1.300875e-03
    outer loop
      vertex   -8.885355e+01 1.464466e-01 8.312500e+00
      vertex   -8.875000e+01 6.698730e-02 8.312500e+00
      vertex   -8.877779e+01 8.426519e-02 1.077779e+01
    endloop
  endfacet
  facet normal -4.707133e-01 -8.822858e-01 8.782830e-04
    outer loop
      vertex   -8.877779e+01 8.426519e-02 1.077779e+01
      vertex   -8.875000e+01 6.698730e-02 8.312500e+00
      vertex   -8.869134e+01 3.806023e-02 1.069134e+01
    endloop
  endfacet
  facet normal -3.826828e-01 -9.238780e-01 -1.798170e-03
    outer loop
      vertex   -8.869134e+01 3.806023e-02 1.069134e+01
      vertex   -8.875000e+01 6.698730e-02 8.312500e+00
      vertex   -8.862941e+01 1.703709e-02 8.312500e+00
    endloop
  endfacet
  facet normal -2.894384e-01 -9.571962e-01 9.238611e-04
    outer loop
      vertex   -8.869134e+01 3.806023e-02 1.069134e+01
      vertex   -8.862941e+01 1.703709e-02 8.312500e+00
      vertex   -8.859755e+01 9.607360e-03 1.059755e+01
    endloop
  endfacet
  facet normal -9.984204e-02 -9.950016e-01 -1.842934e-03
    outer loop
      vertex   -8.859755e+01 9.607360e-03 1.059755e+01
      vertex   -8.862941e+01 1.703709e-02 8.312500e+00
      vertex   -8.850000e+01 0.000000e+00 1.050000e+01
    endloop
  endfacet
  facet normal -1.305262e-01 -9.914449e-01 -5.140614e-17
    outer loop
      vertex   -8.850000e+01 0.000000e+00 1.050000e+01
      vertex   -8.862941e+01 1.703709e-02 8.312500e+00
      vertex   -8.862941e+01 1.703709e-02 5.625000e+00
    endloop
  endfacet
  facet normal -1.305262e-01 -9.914449e-01 -5.067801e-17
    outer loop
      vertex   -8.850000e+01 0.000000e+00 1.050000e+01
      vertex   -8.862941e+01 1.703709e-02 5.625000e+00
      vertex   -8.862941e+01 1.703709e-02 2.937500e+00
    endloop
  endfacet
  facet normal -3.826834e-01 -9.238795e-01 -4.770755e-17
    outer loop
      vertex   -8.862941e+01 1.703709e-02 2.937500e+00
      vertex   -8.862941e+01 1.703709e-02 5.625000e+00
      vertex   -8.875000e+01 6.698730e-02 2.937500e+00
    endloop
  endfacet
  facet normal -3.826834e-01 -9.238795e-01 1.514807e-19
    outer loop
      vertex   -8.862941e+01 1.703709e-02 2.937500e+00
      vertex   -8.875000e+01 6.698730e-02 2.937500e+00
      vertex   -8.875000e+01 6.698730e-02 2.500000e-01
    endloop
  endfacet
  facet normal -6.087614e-01 -7.933533e-01 0.000000e+00
    outer loop
      vertex   -8.875000e+01 6.698730e-02 2.500000e-01
      vertex   -8.875000e+01 6.698730e-02 2.937500e+00
      vertex   -8.885355e+01 1.464466e-01 2.500000e-01
    endloop
  endfacet
  facet normal -6.087614e-01 -7.933533e-01 8.304641e-17
    outer loop
      vertex   -8.875000e+01 6.698730e-02 2.500000e-01
      vertex   -8.885355e+01 1.464466e-01 2.500000e-01
      vertex   -8.885355e+01 1.464466e-01 -2.437500e+00
    endloop
  endfacet
  facet normal -7.933533e-01 -6.087614e-01 6.287079e-17
    outer loop
      vertex   -8.885355e+01 1.464466e-01 -2.437500e+00
      vertex   -8.885355e+01 1.464466e-01 2.500000e-01
      vertex   -8.893301e+01 2.500000e-01 -2.437500e+00
    endloop
  endfacet
  facet normal -7.933533e-01 -6.087614e-01 9.326622e-17
    outer loop
      vertex   -8.885355e+01 1.464466e-01 -2.437500e+00
      vertex   -8.893301e+01 2.500000e-01 -2.437500e+00
      vertex   -8.893301e+01 2.500000e-01 -5.125000e+00
    endloop
  endfacet
  facet normal -9.238795e-01 -3.826834e-01 5.928334e-17
    outer loop
      vertex   -8.893301e+01 2.500000e-01 -5.125000e+00
      vertex   -8.893301e+01 2.500000e-01 -2.437500e+00
      vertex   -8.898296e+01 3.705905e-01 -5.125000e+00
    endloop
  endfacet
  facet normal -9.238795e-01 -3.826834e-01 -8.809023e-19
    outer loop
      vertex   -8.893301e+01 2.500000e-01 -5.125000e+00
      vertex   -8.898296e+01 3.705905e-01 -5.125000e+00
      vertex   -8.898296e+01 3.705905e-01 -7.812500e+00
    endloop
  endfacet
  facet normal -9.914449e-01 -1.305262e-01 0.000000e+00
    outer loop
      vertex   -8.898296e+01 3.705905e-01 -7.812500e+00
      vertex   -8.898296e+01 3.705905e-01 -5.125000e+00
      vertex   -8.900000e+01 5.000000e-01 -1.050000e+01
    endloop
  endfacet
  facet normal -9.914449e-01 -1.305262e-01 8.088178e-17
    outer loop
      vertex   -8.898296e+01 3.705905e-01 -7.812500e+00
      vertex   -8.900000e+01 5.000000e-01 -1.050000e+01
      vertex   -8.898296e+01 3.705905e-01 -1.050000e+01
    endloop
  endfacet
  facet normal -9.238795e-01 -3.826834e-01 2.371334e-16
    outer loop
      vertex   -8.898296e+01 3.705905e-01 -7.812500e+00
      vertex   -8.898296e+01 3.705905e-01 -1.050000e+01
      vertex   -8.893301e+01 2.500000e-01 -7.812500e+00
    endloop
  endfacet
  facet normal -9.238795e-01 -3.826834e-01 5.533112e-17
    outer loop
      vertex   -8.893301e+01 2.500000e-01 -7.812500e+00
      vertex   -8.898296e+01 3.705905e-01 -1.050000e+01
      vertex   -8.893301e+01 2.500000e-01 -1.050000e+01
    endloop
  endfacet
  facet normal -7.933533e-01 -6.087614e-01 8.801910e-17
    outer loop
      vertex   -8.893301e+01 2.500000e-01 -7.812500e+00
      vertex   -8.893301e+01 2.500000e-01 -1.050000e+01
      vertex   -8.885355e+01 1.464466e-01 -7.812500e+00
    endloop
  endfacet
  facet normal -7.933533e-01 -6.087614e-01 5.658371e-16
    outer loop
      vertex   -8.885355e+01 1.464466e-01 -7.812500e+00
      vertex   -8.893301e+01 2.500000e-01 -1.050000e+01
      vertex   -8.885355e+01 1.464466e-01 -1.050000e+01
    endloop
  endfacet
  facet normal -6.087614e-01 -7.933533e-01 7.374132e-16
    outer loop
      vertex   -8.885355e+01 1.464466e-01 -7.812500e+00
      vertex   -8.885355e+01 1.464466e-01 -1.050000e+01
      vertex   -8.875000e+01 6.698730e-02 -7.812500e+00
    endloop
  endfacet
  facet normal -6.087614e-01 -7.933533e-01 1.802566e-15
    outer loop
      vertex   -8.875000e+01 6.698730e-02 -7.812500e+00
      vertex   -8.885355e+01 1.464466e-01 -1.050000e+01
      vertex   -8.875000e+01 6.698730e-02 -1.050000e+01
    endloop
  endfacet
  facet normal -3.826834e-01 -9.238795e-01 2.099132e-15
    outer loop
      vertex   -8.875000e+01 6.698730e-02 -7.812500e+00
      vertex   -8.875000e+01 6.698730e-02 -1.050000e+01
      vertex   -8.862941e+01 1.703709e-02 -7.812500e+00
    endloop
  endfacet
  facet normal -3.826834e-01 -9.238795e-01 2.719330e-15
    outer loop
      vertex   -8.862941e+01 1.703709e-02 -7.812500e+00
      vertex   -8.875000e+01 6.698730e-02 -1.050000e+01
      vertex   -8.862941e+01 1.703709e-02 -1.050000e+01
    endloop
  endfacet
  facet normal -1.305262e-01 -9.914449e-01 2.918201e-15
    outer loop
      vertex   -8.862941e+01 1.703709e-02 -7.812500e+00
      vertex   -8.862941e+01 1.703709e-02 -1.050000e+01
      vertex   -8.850000e+01 0.000000e+00 -1.050000e+01
    endloop
  endfacet
  facet normal -1.305262e-01 -9.914449e-01 -0.000000e+00
    outer loop
      vertex   -8.850000e+01 0.000000e+00 1.050000e+01
      vertex   -8.862941e+01 1.703709e-02 2.500000e-01
      vertex   -8.850000e+01 0.000000e+00 -1.050000e+01
    endloop
  endfacet
  facet normal -1.305262e-01 -9.914449e-01 -5.169437e-17
    outer loop
      vertex   -8.850000e+01 0.000000e+00 -1.050000e+01
      vertex   -8.862941e+01 1.703709e-02 2.500000e-01
      vertex   -8.862941e+01 1.703709e-02 -2.437500e+00
    endloop
  endfacet
  facet normal -1.305262e-01 -9.914449e-01 -7.656450e-17
    outer loop
      vertex   -8.850000e+01 0.000000e+00 -1.050000e+01
      vertex   -8.862941e+01 1.703709e-02 -2.437500e+00
      vertex   -8.862941e+01 1.703709e-02 -5.125000e+00
    endloop
  endfacet
  facet normal -3.826834e-01 -9.238795e-01 -7.156133e-17
    outer loop
      vertex   -8.862941e+01 1.703709e-02 -5.125000e+00
      vertex   -8.862941e+01 1.703709e-02 -2.437500e+00
      vertex   -8.875000e+01 6.698730e-02 -5.125000e+00
    endloop
  endfacet
  facet normal -3.826834e-01 -9.238795e-01 -1.008992e-18
    outer loop
      vertex   -8.862941e+01 1.703709e-02 -5.125000e+00
      vertex   -8.875000e+01 6.698730e-02 -5.125000e+00
      vertex   -8.875000e+01 6.698730e-02 -7.812500e+00
    endloop
  endfacet
  facet normal -6.087614e-01 -7.933533e-01 0.000000e+00
    outer loop
      vertex   -8.875000e+01 6.698730e-02 -7.812500e+00
      vertex   -8.875000e+01 6.698730e-02 -5.125000e+00
      vertex   -8.885355e+01 1.464466e-01 -7.812500e+00
    endloop
  endfacet
  facet normal -6.343933e-01 -7.730105e-01 2.033759e-16
    outer loop
      vertex   -8.877779e+01 8.426519e-02 1.077779e+01
      vertex   -8.885355e+01 1.464466e-01 1.085355e+01
      vertex   -8.885355e+01 1.464466e-01 8.312500e+00
    endloop
  endfacet
  facet normal -7.730105e-01 -6.343933e-01 1.663054e-16
    outer loop
      vertex   -8.885355e+01 1.464466e-01 8.312500e+00
      vertex   -8.885355e+01 1.464466e-01 1.085355e+01
      vertex   -8.891573e+01 2.222149e-01 1.091573e+01
    endloop
  endfacet
  facet normal -7.933527e-01 -6.087610e-01 -1.231940e-03
    outer loop
      vertex   -8.885355e+01 1.464466e-01 8.312500e+00
      vertex   -8.891573e+01 2.222149e-01 1.091573e+01
      vertex   -8.893301e+01 2.500000e-01 8.312500e+00
    endloop
  endfacet
  facet normal -8.817393e-01 -4.717363e-01 8.171957e-04
    outer loop
      vertex   -8.893301e+01 2.500000e-01 8.312500e+00
      vertex   -8.891573e+01 2.222149e-01 1.091573e+01
      vertex   -8.896194e+01 3.086583e-01 1.096194e+01
    endloop
  endfacet
  facet normal -9.238783e-01 -3.826829e-01 -1.614516e-03
    outer loop
      vertex   -8.893301e+01 2.500000e-01 8.312500e+00
      vertex   -8.896194e+01 3.086583e-01 1.096194e+01
      vertex   -8.898296e+01 3.705905e-01 8.312500e+00
    endloop
  endfacet
  facet normal -9.568724e-01 -2.905073e-01 8.019478e-04
    outer loop
      vertex   -8.898296e+01 3.705905e-01 8.312500e+00
      vertex   -8.896194e+01 3.086583e-01 1.096194e+01
      vertex   -8.899039e+01 4.024548e-01 1.099039e+01
    endloop
  endfacet
  facet normal -9.891975e-01 -1.465852e-01 -1.000273e-03
    outer loop
      vertex   -8.898296e+01 3.705905e-01 8.312500e+00
      vertex   -8.899039e+01 4.024548e-01 1.099039e+01
      vertex   -8.899759e+01 4.509914e-01 1.099759e+01
    endloop
  endfacet
  facet normal -9.238795e-01 -3.826834e-01 5.928334e-17
    outer loop
      vertex   -8.893301e+01 2.500000e-01 -5.125000e+00
      vertex   -8.898296e+01 3.705905e-01 -7.812500e+00
      vertex   -8.893301e+01 2.500000e-01 -7.812500e+00
    endloop
  endfacet
  facet normal -9.914449e-01 -1.305262e-01 -0.000000e+00
    outer loop
      vertex   -8.898296e+01 3.705905e-01 2.500000e-01
      vertex   -8.900000e+01 5.000000e-01 -1.050000e+01
      vertex   -8.898296e+01 3.705905e-01 -2.437500e+00
    endloop
  endfacet
  facet normal -9.914449e-01 -1.305262e-01 -0.000000e+00
    outer loop
      vertex   -8.898296e+01 3.705905e-01 -2.437500e+00
      vertex   -8.900000e+01 5.000000e-01 -1.050000e+01
      vertex   -8.898296e+01 3.705905e-01 -5.125000e+00
    endloop
  endfacet
  facet normal -9.238795e-01 -3.826834e-01 -0.000000e+00
    outer loop
      vertex   -8.898296e+01 3.705905e-01 -2.437500e+00
      vertex   -8.898296e+01 3.705905e-01 -5.125000e+00
      vertex   -8.893301e+01 2.500000e-01 -2.437500e+00
    endloop
  endfacet
  facet normal -9.238795e-01 -3.826834e-01 -0.000000e+00
    outer loop
      vertex   -8.898296e+01 3.705905e-01 2.500000e-01
      vertex   -8.898296e+01 3.705905e-01 -2.437500e+00
      vertex   -8.893301e+01 2.500000e-01 2.500000e-01
    endloop
  endfacet
  facet normal -9.238795e-01 -3.826834e-01 7.114001e-17
    outer loop
      vertex   -8.893301e+01 2.500000e-01 2.500000e-01
      vertex   -8.898296e+01 3.705905e-01 -2.437500e+00
      vertex   -8.893301e+01 2.500000e-01 -2.437500e+00
    endloop
  endfacet
  facet normal -7.933533e-01 -6.087614e-01 1.131674e-16
    outer loop
      vertex   -8.893301e+01 2.500000e-01 2.500000e-01
      vertex   -8.893301e+01 2.500000e-01 -2.437500e+00
      vertex   -8.885355e+01 1.464466e-01 2.500000e-01
    endloop
  endfacet
  facet normal -9.838460e-01 -1.790169e-01 -0.000000e+00
    outer loop
      vertex   -8.898296e+01 3.705905e-01 8.312500e+00
      vertex   -8.899759e+01 4.509914e-01 1.099759e+01
      vertex   -8.898296e+01 3.705905e-01 5.625000e+00
    endloop
  endfacet
  facet normal -9.838460e-01 -1.790169e-01 -0.000000e+00
    outer loop
      vertex   -8.898296e+01 3.705905e-01 5.625000e+00
      vertex   -8.899759e+01 4.509914e-01 1.099759e+01
      vertex   -8.898296e+01 3.705905e-01 2.937500e+00
    endloop
  endfacet
  facet normal -9.238795e-01 -3.826834e-01 -0.000000e+00
    outer loop
      vertex   -8.898296e+01 3.705905e-01 5.625000e+00
      vertex   -8.898296e+01 3.705905e-01 2.937500e+00
      vertex   -8.893301e+01 2.500000e-01 5.625000e+00
    endloop
  endfacet
  facet normal -9.238795e-01 -3.826834e-01 2.835633e-19
    outer loop
      vertex   -8.893301e+01 2.500000e-01 8.312500e+00
      vertex   -8.898296e+01 3.705905e-01 8.312500e+00
      vertex   -8.898296e+01 3.705905e-01 5.625000e+00
    endloop
  endfacet
  facet normal -9.238795e-01 -3.826834e-01 6.718779e-17
    outer loop
      vertex   -8.893301e+01 2.500000e-01 8.312500e+00
      vertex   -8.898296e+01 3.705905e-01 5.625000e+00
      vertex   -8.893301e+01 2.500000e-01 5.625000e+00
    endloop
  endfacet
  facet normal -7.933533e-01 -6.087614e-01 9.430618e-17
    outer loop
      vertex   -8.893301e+01 2.500000e-01 -5.125000e+00
      vertex   -8.893301e+01 2.500000e-01 -7.812500e+00
      vertex   -8.885355e+01 1.464466e-01 -5.125000e+00
    endloop
  endfacet
  facet normal -7.933533e-01 -6.087614e-01 6.287079e-17
    outer loop
      vertex   -8.885355e+01 1.464466e-01 -5.125000e+00
      vertex   -8.893301e+01 2.500000e-01 -7.812500e+00
      vertex   -8.885355e+01 1.464466e-01 -7.812500e+00
    endloop
  endfacet
  facet normal -6.087614e-01 -7.933533e-01 8.193480e-17
    outer loop
      vertex   -8.885355e+01 1.464466e-01 -5.125000e+00
      vertex   -8.885355e+01 1.464466e-01 -7.812500e+00
      vertex   -8.875000e+01 6.698730e-02 -5.125000e+00
    endloop
  endfacet
  facet normal -9.238795e-01 -3.826834e-01 6.420274e-17
    outer loop
      vertex   -8.898296e+01 3.705905e-01 2.500000e-01
      vertex   -8.893301e+01 2.500000e-01 2.500000e-01
      vertex   -8.893301e+01 2.500000e-01 2.937500e+00
    endloop
  endfacet
  facet normal -7.933533e-01 -6.087614e-01 1.005933e-16
    outer loop
      vertex   -8.893301e+01 2.500000e-01 2.937500e+00
      vertex   -8.893301e+01 2.500000e-01 2.500000e-01
      vertex   -8.885355e+01 1.464466e-01 2.937500e+00
    endloop
  endfacet
  facet normal -7.933533e-01 -6.087614e-01 6.190581e-17
    outer loop
      vertex   -8.893301e+01 2.500000e-01 2.937500e+00
      vertex   -8.885355e+01 1.464466e-01 2.937500e+00
      vertex   -8.885355e+01 1.464466e-01 5.625000e+00
    endloop
  endfacet
  facet normal -6.087614e-01 -7.933533e-01 8.193480e-17
    outer loop
      vertex   -8.885355e+01 1.464466e-01 5.625000e+00
      vertex   -8.885355e+01 1.464466e-01 2.937500e+00
      vertex   -8.875000e+01 6.698730e-02 5.625000e+00
    endloop
  endfacet
  facet normal -6.087614e-01 -7.933533e-01 5.792636e-19
    outer loop
      vertex   -8.885355e+01 1.464466e-01 5.625000e+00
      vertex   -8.875000e+01 6.698730e-02 5.625000e+00
      vertex   -8.875000e+01 6.698730e-02 8.312500e+00
    endloop
  endfacet
  facet normal -3.826834e-01 -9.238795e-01 -0.000000e+00
    outer loop
      vertex   -8.875000e+01 6.698730e-02 8.312500e+00
      vertex   -8.875000e+01 6.698730e-02 5.625000e+00
      vertex   -8.862941e+01 1.703709e-02 8.312500e+00
    endloop
  endfacet
  facet normal -7.933533e-01 -6.087614e-01 8.173202e-17
    outer loop
      vertex   -8.885355e+01 1.464466e-01 2.937500e+00
      vertex   -8.893301e+01 2.500000e-01 2.500000e-01
      vertex   -8.885355e+01 1.464466e-01 2.500000e-01
    endloop
  endfacet
  facet normal -7.933533e-01 -6.087614e-01 1.086741e-16
    outer loop
      vertex   -8.885355e+01 1.464466e-01 8.312500e+00
      vertex   -8.893301e+01 2.500000e-01 8.312500e+00
      vertex   -8.893301e+01 2.500000e-01 5.625000e+00
    endloop
  endfacet
  facet normal -7.933533e-01 -6.087614e-01 7.348541e-17
    outer loop
      vertex   -8.893301e+01 2.500000e-01 -5.125000e+00
      vertex   -8.885355e+01 1.464466e-01 -5.125000e+00
      vertex   -8.885355e+01 1.464466e-01 -2.437500e+00
    endloop
  endfacet
  facet normal -6.087614e-01 -7.933533e-01 9.832177e-17
    outer loop
      vertex   -8.885355e+01 1.464466e-01 -2.437500e+00
      vertex   -8.885355e+01 1.464466e-01 -5.125000e+00
      vertex   -8.875000e+01 6.698730e-02 -2.437500e+00
    endloop
  endfacet
  facet normal -6.087614e-01 -7.933533e-01 -1.022041e-18
    outer loop
      vertex   -8.885355e+01 1.464466e-01 -2.437500e+00
      vertex   -8.875000e+01 6.698730e-02 -2.437500e+00
      vertex   -8.875000e+01 6.698730e-02 2.500000e-01
    endloop
  endfacet
  facet normal -3.826834e-01 -9.238795e-01 -0.000000e+00
    outer loop
      vertex   -8.875000e+01 6.698730e-02 2.500000e-01
      vertex   -8.875000e+01 6.698730e-02 -2.437500e+00
      vertex   -8.862941e+01 1.703709e-02 2.500000e-01
    endloop
  endfacet
  facet normal -3.826834e-01 -9.238795e-01 -4.682795e-17
    outer loop
      vertex   -8.875000e+01 6.698730e-02 2.500000e-01
      vertex   -8.862941e+01 1.703709e-02 2.500000e-01
      vertex   -8.862941e+01 1.703709e-02 2.937500e+00
    endloop
  endfacet
  facet normal -1.305262e-01 -9.914449e-01 -5.119651e-17
    outer loop
      vertex   -8.862941e+01 1.703709e-02 2.937500e+00
      vertex   -8.862941e+01 1.703709e-02 2.500000e-01
      vertex   -8.850000e+01 0.000000e+00 1.050000e+01
    endloop
  endfacet
  facet normal -6.087614e-01 -7.933533e-01 -0.000000e+00
    outer loop
      vertex   -8.875000e+01 6.698730e-02 -2.437500e+00
      vertex   -8.885355e+01 1.464466e-01 -5.125000e+00
      vertex   -8.875000e+01 6.698730e-02 -5.125000e+00
    endloop
  endfacet
  facet normal -6.087614e-01 -7.933533e-01 -0.000000e+00
    outer loop
      vertex   -8.875000e+01 6.698730e-02 5.625000e+00
      vertex   -8.885355e+01 1.464466e-01 2.937500e+00
      vertex   -8.875000e+01 6.698730e-02 2.937500e+00
    endloop
  endfacet
  facet normal -6.087614e-01 -7.933533e-01 1.049609e-16
    outer loop
      vertex   -8.875000e+01 6.698730e-02 2.937500e+00
      vertex   -8.885355e+01 1.464466e-01 2.937500e+00
      vertex   -8.885355e+01 1.464466e-01 2.500000e-01
    endloop
  endfacet
  facet normal -3.826834e-01 -9.238795e-01 -4.770755e-17
    outer loop
      vertex   -8.862941e+01 1.703709e-02 -5.125000e+00
      vertex   -8.875000e+01 6.698730e-02 -7.812500e+00
      vertex   -8.862941e+01 1.703709e-02 -7.812500e+00
    endloop
  endfacet
  facet normal -3.826834e-01 -9.238795e-01 -4.770755e-17
    outer loop
      vertex   -8.862941e+01 1.703709e-02 2.500000e-01
      vertex   -8.875000e+01 6.698730e-02 -2.437500e+00
      vertex   -8.862941e+01 1.703709e-02 -2.437500e+00
    endloop
  endfacet
  facet normal -3.826834e-01 -9.238795e-01 -8.648752e-19
    outer loop
      vertex   -8.862941e+01 1.703709e-02 -2.437500e+00
      vertex   -8.875000e+01 6.698730e-02 -2.437500e+00
      vertex   -8.875000e+01 6.698730e-02 -5.125000e+00
    endloop
  endfacet
  facet normal -3.826834e-01 -9.238795e-01 -4.770755e-17
    outer loop
      vertex   -8.862941e+01 1.703709e-02 8.312500e+00
      vertex   -8.875000e+01 6.698730e-02 5.625000e+00
      vertex   -8.862941e+01 1.703709e-02 5.625000e+00
    endloop
  endfacet
  facet normal -3.826834e-01 -9.238795e-01 -5.766420e-19
    outer loop
      vertex   -8.862941e+01 1.703709e-02 5.625000e+00
      vertex   -8.875000e+01 6.698730e-02 5.625000e+00
      vertex   -8.875000e+01 6.698730e-02 2.937500e+00
    endloop
  endfacet
  facet normal -1.305262e-01 -9.914449e-01 -5.111036e-17
    outer loop
      vertex   -8.850000e+01 0.000000e+00 -1.050000e+01
      vertex   -8.862941e+01 1.703709e-02 -5.125000e+00
      vertex   -8.862941e+01 1.703709e-02 -7.812500e+00
    endloop
  endfacet
  facet normal -9.914449e-01 0.000000e+00 -1.305262e-01
    outer loop
      vertex   -8.900000e+01 5.000000e-01 -1.050000e+01
      vertex   -8.900000e+01 1.000000e+00 -1.050000e+01
      vertex   -8.898296e+01 5.000000e-01 -1.062941e+01
    endloop
  endfacet
  facet normal -9.914449e-01 2.817856e-14 -1.305262e-01
    outer loop
      vertex   -8.898296e+01 5.000000e-01 -1.062941e+01
      vertex   -8.900000e+01 1.000000e+00 -1.050000e+01
      vertex   -8.898296e+01 1.000000e+00 -1.062941e+01
    endloop
  endfacet
  facet normal -9.238795e-01 2.625824e-14 -3.826834e-01
    outer loop
      vertex   -8.898296e+01 5.000000e-01 -1.062941e+01
      vertex   -8.898296e+01 1.000000e+00 -1.062941e+01
      vertex   -8.893301e+01 5.000000e-01 -1.075000e+01
    endloop
  endfacet
  facet normal -9.238795e-01 -1.359565e-15 -3.826834e-01
    outer loop
      vertex   -8.893301e+01 5.000000e-01 -1.075000e+01
      vertex   -8.898296e+01 1.000000e+00 -1.062941e+01
      vertex   -8.893301e+01 1.000000e+00 -1.075000e+01
    endloop
  endfacet
  facet normal -7.933533e-01 -2.162755e-15 -6.087614e-01
    outer loop
      vertex   -8.893301e+01 5.000000e-01 -1.075000e+01
      vertex   -8.893301e+01 1.000000e+00 -1.075000e+01
      vertex   -8.885355e+01 5.000000e-01 -1.085355e+01
    endloop
  endfacet
  facet normal -7.933533e-01 0.000000e+00 -6.087614e-01
    outer loop
      vertex   -8.885355e+01 5.000000e-01 -1.085355e+01
      vertex   -8.893301e+01 1.000000e+00 -1.075000e+01
      vertex   -8.885355e+01 1.000000e+00 -1.085355e+01
    endloop
  endfacet
  facet normal -6.087614e-01 0.000000e+00 -7.933533e-01
    outer loop
      vertex   -8.885355e+01 5.000000e-01 -1.085355e+01
      vertex   -8.885355e+01 1.000000e+00 -1.085355e+01
      vertex   -8.875000e+01 5.000000e-01 -1.093301e+01
    endloop
  endfacet
  facet normal -6.087614e-01 -2.818557e-15 -7.933533e-01
    outer loop
      vertex   -8.875000e+01 5.000000e-01 -1.093301e+01
      vertex   -8.885355e+01 1.000000e+00 -1.085355e+01
      vertex   -8.875000e+01 1.000000e+00 -1.093301e+01
    endloop
  endfacet
  facet normal -3.826834e-01 -3.282279e-15 -9.238795e-01
    outer loop
      vertex   -8.875000e+01 5.000000e-01 -1.093301e+01
      vertex   -8.875000e+01 1.000000e+00 -1.093301e+01
      vertex   -8.862941e+01 5.000000e-01 -1.098296e+01
    endloop
  endfacet
  facet normal -3.826834e-01 2.175303e-14 -9.238795e-01
    outer loop
      vertex   -8.862941e+01 5.000000e-01 -1.098296e+01
      vertex   -8.875000e+01 1.000000e+00 -1.093301e+01
      vertex   -8.862941e+01 1.000000e+00 -1.098296e+01
    endloop
  endfacet
  facet normal -1.305262e-01 7.419555e-15 -9.914449e-01
    outer loop
      vertex   -8.862941e+01 5.000000e-01 -1.098296e+01
      vertex   -8.862941e+01 1.000000e+00 -1.098296e+01
      vertex   -8.850000e+01 5.000000e-01 -1.100000e+01
    endloop
  endfacet
  facet normal -1.305262e-01 0.000000e+00 -9.914449e-01
    outer loop
      vertex   -8.850000e+01 5.000000e-01 -1.100000e+01
      vertex   -8.862941e+01 1.000000e+00 -1.098296e+01
      vertex   -8.850000e+01 1.000000e+00 -1.100000e+01
    endloop
  endfacet
  facet normal 1.305262e-01 0.000000e+00 -9.914449e-01
    outer loop
      vertex   -4.150000e+01 5.000000e-01 -1.100000e+01
      vertex   -4.150000e+01 1.000000e+00 -1.100000e+01
      vertex   -4.137059e+01 5.000000e-01 -1.098296e+01
    endloop
  endfacet
  facet normal 1.305262e-01 1.408928e-14 -9.914449e-01
    outer loop
      vertex   -4.137059e+01 5.000000e-01 -1.098296e+01
      vertex   -4.150000e+01 1.000000e+00 -1.100000e+01
      vertex   -4.137059e+01 1.000000e+00 -1.098296e+01
    endloop
  endfacet
  facet normal 3.826834e-01 1.312912e-14 -9.238795e-01
    outer loop
      vertex   -4.137059e+01 5.000000e-01 -1.098296e+01
      vertex   -4.137059e+01 1.000000e+00 -1.098296e+01
      vertex   -4.125000e+01 5.000000e-01 -1.093301e+01
    endloop
  endfacet
  facet normal 3.826834e-01 1.528510e-14 -9.238795e-01
    outer loop
      vertex   -4.125000e+01 5.000000e-01 -1.093301e+01
      vertex   -4.137059e+01 1.000000e+00 -1.098296e+01
      vertex   -4.125000e+01 1.000000e+00 -1.093301e+01
    endloop
  endfacet
  facet normal 6.087614e-01 1.710669e-14 -7.933533e-01
    outer loop
      vertex   -4.125000e+01 5.000000e-01 -1.093301e+01
      vertex   -4.125000e+01 1.000000e+00 -1.093301e+01
      vertex   -4.114645e+01 5.000000e-01 -1.085355e+01
    endloop
  endfacet
  facet normal 6.087614e-01 1.710669e-14 -7.933533e-01
    outer loop
      vertex   -4.114645e+01 5.000000e-01 -1.085355e+01
      vertex   -4.125000e+01 1.000000e+00 -1.093301e+01
      vertex   -4.114645e+01 1.000000e+00 -1.085355e+01
    endloop
  endfacet
  facet normal 7.933533e-01 1.776249e-14 -6.087614e-01
    outer loop
      vertex   -4.114645e+01 5.000000e-01 -1.085355e+01
      vertex   -4.114645e+01 1.000000e+00 -1.085355e+01
      vertex   -4.106699e+01 5.000000e-01 -1.075000e+01
    endloop
  endfacet
  facet normal 7.933533e-01 2.687397e-14 -6.087614e-01
    outer loop
      vertex   -4.106699e+01 5.000000e-01 -1.075000e+01
      vertex   -4.114645e+01 1.000000e+00 -1.085355e+01
      vertex   -4.106699e+01 1.000000e+00 -1.075000e+01
    endloop
  endfacet
  facet normal 9.238795e-01 2.897736e-14 -3.826834e-01
    outer loop
      vertex   -4.106699e+01 5.000000e-01 -1.075000e+01
      vertex   -4.106699e+01 1.000000e+00 -1.075000e+01
      vertex   -4.101704e+01 5.000000e-01 -1.062941e+01
    endloop
  endfacet
  facet normal 9.238795e-01 1.359565e-15 -3.826834e-01
    outer loop
      vertex   -4.101704e+01 5.000000e-01 -1.062941e+01
      vertex   -4.106699e+01 1.000000e+00 -1.075000e+01
      vertex   -4.101704e+01 1.000000e+00 -1.062941e+01
    endloop
  endfacet
  facet normal 9.914449e-01 4.637222e-16 -1.305262e-01
    outer loop
      vertex   -4.101704e+01 5.000000e-01 -1.062941e+01
      vertex   -4.101704e+01 1.000000e+00 -1.062941e+01
      vertex   -4.100000e+01 5.000000e-01 -1.050000e+01
    endloop
  endfacet
  facet normal 9.914449e-01 0.000000e+00 -1.305262e-01
    outer loop
      vertex   -4.100000e+01 5.000000e-01 -1.050000e+01
      vertex   -4.101704e+01 1.000000e+00 -1.062941e+01
      vertex   -4.100000e+01 1.000000e+00 -1.050000e+01
    endloop
  endfacet
  facet normal 9.801714e-02 -9.951847e-01 0.000000e+00
    outer loop
      vertex   -4.150000e+01 0.000000e+00 1.050000e+01
      vertex   -4.150000e+01 0.000000e+00 -1.050000e+01
      vertex   -4.140245e+01 9.607360e-03 1.059755e+01
    endloop
  endfacet
  facet normal 1.601789e-01 -9.870880e-01 -2.910941e-04
    outer loop
      vertex   -4.140245e+01 9.607360e-03 1.059755e+01
      vertex   -4.150000e+01 0.000000e+00 -1.050000e+01
      vertex   -4.137059e+01 1.703709e-02 2.937500e+00
    endloop
  endfacet
  facet normal 2.270763e-01 -9.738770e-01 2.513781e-17
    outer loop
      vertex   -4.140245e+01 9.607360e-03 1.059755e+01
      vertex   -4.137059e+01 1.703709e-02 2.937500e+00
      vertex   -4.137059e+01 1.703709e-02 5.625000e+00
    endloop
  endfacet
  facet normal 3.826834e-01 -9.238795e-01 2.385378e-17
    outer loop
      vertex   -4.137059e+01 1.703709e-02 5.625000e+00
      vertex   -4.137059e+01 1.703709e-02 2.937500e+00
      vertex   -4.125000e+01 6.698730e-02 5.625000e+00
    endloop
  endfacet
  facet normal 3.826834e-01 -9.238795e-01 -7.061102e-17
    outer loop
      vertex   -4.137059e+01 1.703709e-02 5.625000e+00
      vertex   -4.125000e+01 6.698730e-02 5.625000e+00
      vertex   -4.125000e+01 6.698730e-02 8.312500e+00
    endloop
  endfacet
  facet normal 6.087614e-01 -7.933533e-01 -6.145110e-17
    outer loop
      vertex   -4.125000e+01 6.698730e-02 8.312500e+00
      vertex   -4.125000e+01 6.698730e-02 5.625000e+00
      vertex   -4.114645e+01 1.464466e-01 8.312500e+00
    endloop
  endfacet
  facet normal 6.087609e-01 -7.933527e-01 -1.300875e-03
    outer loop
      vertex   -4.125000e+01 6.698730e-02 8.312500e+00
      vertex   -4.114645e+01 1.464466e-01 8.312500e+00
      vertex   -4.122221e+01 8.426519e-02 1.077779e+01
    endloop
  endfacet
  facet normal 6.343933e-01 -7.730105e-01 8.432507e-17
    outer loop
      vertex   -4.122221e+01 8.426519e-02 1.077779e+01
      vertex   -4.114645e+01 1.464466e-01 8.312500e+00
      vertex   -4.114645e+01 1.464466e-01 1.085355e+01
    endloop
  endfacet
  facet normal 7.730105e-01 -6.343933e-01 6.929390e-17
    outer loop
      vertex   -4.114645e+01 1.464466e-01 1.085355e+01
      vertex   -4.114645e+01 1.464466e-01 8.312500e+00
      vertex   -4.108427e+01 2.222149e-01 1.091573e+01
    endloop
  endfacet
  facet normal 7.933527e-01 -6.087610e-01 -1.231940e-03
    outer loop
      vertex   -4.108427e+01 2.222149e-01 1.091573e+01
      vertex   -4.114645e+01 1.464466e-01 8.312500e+00
      vertex   -4.106699e+01 2.500000e-01 8.312500e+00
    endloop
  endfacet
  facet normal 8.817393e-01 -4.717363e-01 8.171957e-04
    outer loop
      vertex   -4.108427e+01 2.222149e-01 1.091573e+01
      vertex   -4.106699e+01 2.500000e-01 8.312500e+00
      vertex   -4.103806e+01 3.086583e-01 1.096194e+01
    endloop
  endfacet
  facet normal 9.238783e-01 -3.826829e-01 -1.614516e-03
    outer loop
      vertex   -4.103806e+01 3.086583e-01 1.096194e+01
      vertex   -4.106699e+01 2.500000e-01 8.312500e+00
      vertex   -4.101704e+01 3.705905e-01 8.312500e+00
    endloop
  endfacet
  facet normal 9.568724e-01 -2.905073e-01 8.019478e-04
    outer loop
      vertex   -4.103806e+01 3.086583e-01 1.096194e+01
      vertex   -4.101704e+01 3.705905e-01 8.312500e+00
      vertex   -4.100961e+01 4.024548e-01 1.099039e+01
    endloop
  endfacet
  facet normal 9.891975e-01 -1.465852e-01 -1.000273e-03
    outer loop
      vertex   -4.100961e+01 4.024548e-01 1.099039e+01
      vertex   -4.101704e+01 3.705905e-01 8.312500e+00
      vertex   -4.100241e+01 4.509914e-01 1.099759e+01
    endloop
  endfacet
  facet normal 9.987971e-01 -4.887231e-02 -3.978438e-03
    outer loop
      vertex   -4.100241e+01 4.509914e-01 1.099759e+01
      vertex   -4.101704e+01 3.705905e-01 8.312500e+00
      vertex   -4.100000e+01 5.000000e-01 1.100000e+01
    endloop
  endfacet
  facet normal 9.914449e-01 -1.305262e-01 5.578696e-18
    outer loop
      vertex   -4.100000e+01 5.000000e-01 1.100000e+01
      vertex   -4.101704e+01 3.705905e-01 8.312500e+00
      vertex   -4.101704e+01 3.705905e-01 5.625000e+00
    endloop
  endfacet
  facet normal 9.914449e-01 -1.305262e-01 7.485370e-18
    outer loop
      vertex   -4.100000e+01 5.000000e-01 1.100000e+01
      vertex   -4.101704e+01 3.705905e-01 5.625000e+00
      vertex   -4.101704e+01 3.705905e-01 2.937500e+00
    endloop
  endfacet
  facet normal 9.238795e-01 -3.826834e-01 2.371334e-17
    outer loop
      vertex   -4.101704e+01 3.705905e-01 2.937500e+00
      vertex   -4.101704e+01 3.705905e-01 5.625000e+00
      vertex   -4.106699e+01 2.500000e-01 2.937500e+00
    endloop
  endfacet
  facet normal 9.238795e-01 -3.826834e-01 1.667838e-17
    outer loop
      vertex   -4.101704e+01 3.705905e-01 2.937500e+00
      vertex   -4.106699e+01 2.500000e-01 2.937500e+00
      vertex   -4.106699e+01 2.500000e-01 2.500000e-01
    endloop
  endfacet
  facet normal 7.933533e-01 -6.087614e-01 2.514831e-17
    outer loop
      vertex   -4.106699e+01 2.500000e-01 2.500000e-01
      vertex   -4.106699e+01 2.500000e-01 2.937500e+00
      vertex   -4.114645e+01 1.464466e-01 2.500000e-01
    endloop
  endfacet
  facet normal 7.933533e-01 -6.087614e-01 -1.888458e-19
    outer loop
      vertex   -4.106699e+01 2.500000e-01 2.500000e-01
      vertex   -4.114645e+01 1.464466e-01 2.500000e-01
      vertex   -4.114645e+01 1.464466e-01 -2.437500e+00
    endloop
  endfacet
  facet normal 6.087614e-01 -7.933533e-01 0.000000e+00
    outer loop
      vertex   -4.114645e+01 1.464466e-01 -2.437500e+00
      vertex   -4.114645e+01 1.464466e-01 2.500000e-01
      vertex   -4.125000e+01 6.698730e-02 -2.437500e+00
    endloop
  endfacet
  facet normal 6.087614e-01 -7.933533e-01 -8.423297e-17
    outer loop
      vertex   -4.114645e+01 1.464466e-01 -2.437500e+00
      vertex   -4.125000e+01 6.698730e-02 -2.437500e+00
      vertex   -4.125000e+01 6.698730e-02 -5.125000e+00
    endloop
  endfacet
  facet normal 3.826834e-01 -9.238795e-01 -9.541510e-17
    outer loop
      vertex   -4.125000e+01 6.698730e-02 -5.125000e+00
      vertex   -4.125000e+01 6.698730e-02 -2.437500e+00
      vertex   -4.137059e+01 1.703709e-02 -5.125000e+00
    endloop
  endfacet
  facet normal 3.826834e-01 -9.238795e-01 -6.425220e-19
    outer loop
      vertex   -4.125000e+01 6.698730e-02 -5.125000e+00
      vertex   -4.137059e+01 1.703709e-02 -5.125000e+00
      vertex   -4.137059e+01 1.703709e-02 -7.812500e+00
    endloop
  endfacet
  facet normal 1.305262e-01 -9.914449e-01 0.000000e+00
    outer loop
      vertex   -4.137059e+01 1.703709e-02 -7.812500e+00
      vertex   -4.137059e+01 1.703709e-02 -5.125000e+00
      vertex   -4.150000e+01 0.000000e+00 -1.050000e+01
    endloop
  endfacet
  facet normal 1.305262e-01 -9.914449e-01 -1.279913e-16
    outer loop
      vertex   -4.137059e+01 1.703709e-02 -7.812500e+00
      vertex   -4.150000e+01 0.000000e+00 -1.050000e+01
      vertex   -4.137059e+01 1.703709e-02 -1.050000e+01
    endloop
  endfacet
  facet normal 3.826834e-01 -9.238795e-01 -1.192689e-16
    outer loop
      vertex   -4.137059e+01 1.703709e-02 -7.812500e+00
      vertex   -4.137059e+01 1.703709e-02 -1.050000e+01
      vertex   -4.125000e+01 6.698730e-02 -7.812500e+00
    endloop
  endfacet
  facet normal 3.826834e-01 -9.238795e-01 5.009293e-16
    outer loop
      vertex   -4.125000e+01 6.698730e-02 -7.812500e+00
      vertex   -4.137059e+01 1.703709e-02 -1.050000e+01
      vertex   -4.125000e+01 6.698730e-02 -1.050000e+01
    endloop
  endfacet
  facet normal 6.087614e-01 -7.933533e-01 4.301577e-16
    outer loop
      vertex   -4.125000e+01 6.698730e-02 -7.812500e+00
      vertex   -4.125000e+01 6.698730e-02 -1.050000e+01
      vertex   -4.114645e+01 1.464466e-01 -7.812500e+00
    endloop
  endfacet
  facet normal 6.087614e-01 -7.933533e-01 -8.193480e-17
    outer loop
      vertex   -4.114645e+01 1.464466e-01 -7.812500e+00
      vertex   -4.125000e+01 6.698730e-02 -1.050000e+01
      vertex   -4.114645e+01 1.464466e-01 -1.050000e+01
    endloop
  endfacet
  facet normal 7.933533e-01 -6.087614e-01 -6.287079e-17
    outer loop
      vertex   -4.114645e+01 1.464466e-01 -7.812500e+00
      vertex   -4.114645e+01 1.464466e-01 -1.050000e+01
      vertex   -4.106699e+01 2.500000e-01 -7.812500e+00
    endloop
  endfacet
  facet normal 7.933533e-01 -6.087614e-01 -1.760382e-16
    outer loop
      vertex   -4.106699e+01 2.500000e-01 -7.812500e+00
      vertex   -4.114645e+01 1.464466e-01 -1.050000e+01
      vertex   -4.106699e+01 2.500000e-01 -1.050000e+01
    endloop
  endfacet
  facet normal 9.238795e-01 -3.826834e-01 -1.106622e-16
    outer loop
      vertex   -4.106699e+01 2.500000e-01 -7.812500e+00
      vertex   -4.106699e+01 2.500000e-01 -1.050000e+01
      vertex   -4.101704e+01 3.705905e-01 -7.812500e+00
    endloop
  endfacet
  facet normal 9.238795e-01 -3.826834e-01 -9.485335e-17
    outer loop
      vertex   -4.101704e+01 3.705905e-01 -7.812500e+00
      vertex   -4.106699e+01 2.500000e-01 -1.050000e+01
      vertex   -4.101704e+01 3.705905e-01 -1.050000e+01
    endloop
  endfacet
  facet normal 9.914449e-01 -1.305262e-01 -3.235271e-17
    outer loop
      vertex   -4.101704e+01 3.705905e-01 -7.812500e+00
      vertex   -4.101704e+01 3.705905e-01 -1.050000e+01
      vertex   -4.100000e+01 5.000000e-01 -1.050000e+01
    endloop
  endfacet
  facet normal 9.914449e-01 -1.305262e-01 0.000000e+00
    outer loop
      vertex   -4.100000e+01 5.000000e-01 1.100000e+01
      vertex   -4.101704e+01 3.705905e-01 2.500000e-01
      vertex   -4.100000e+01 5.000000e-01 -1.050000e+01
    endloop
  endfacet
  facet normal 9.914449e-01 -1.305262e-01 5.683142e-18
    outer loop
      vertex   -4.100000e+01 5.000000e-01 -1.050000e+01
      vertex   -4.101704e+01 3.705905e-01 2.500000e-01
      vertex   -4.101704e+01 3.705905e-01 -2.437500e+00
    endloop
  endfacet
  facet normal 9.914449e-01 -1.305262e-01 4.893756e-18
    outer loop
      vertex   -4.100000e+01 5.000000e-01 -1.050000e+01
      vertex   -4.101704e+01 3.705905e-01 -2.437500e+00
      vertex   -4.101704e+01 3.705905e-01 -5.125000e+00
    endloop
  endfacet
  facet normal 9.238795e-01 -3.826834e-01 1.580889e-17
    outer loop
      vertex   -4.101704e+01 3.705905e-01 -5.125000e+00
      vertex   -4.101704e+01 3.705905e-01 -2.437500e+00
      vertex   -4.106699e+01 2.500000e-01 -5.125000e+00
    endloop
  endfacet
  facet normal 9.238795e-01 -3.826834e-01 1.122683e-17
    outer loop
      vertex   -4.101704e+01 3.705905e-01 -5.125000e+00
      vertex   -4.106699e+01 2.500000e-01 -5.125000e+00
      vertex   -4.106699e+01 2.500000e-01 -7.812500e+00
    endloop
  endfacet
  facet normal 7.933533e-01 -6.087614e-01 1.886124e-17
    outer loop
      vertex   -4.106699e+01 2.500000e-01 -7.812500e+00
      vertex   -4.106699e+01 2.500000e-01 -5.125000e+00
      vertex   -4.114645e+01 1.464466e-01 -7.812500e+00
    endloop
  endfacet
  facet normal 4.707133e-01 -8.822858e-01 8.782830e-04
    outer loop
      vertex   -4.122221e+01 8.426519e-02 1.077779e+01
      vertex   -4.130866e+01 3.806023e-02 1.069134e+01
      vertex   -4.125000e+01 6.698730e-02 8.312500e+00
    endloop
  endfacet
  facet normal 3.826828e-01 -9.238780e-01 -1.798170e-03
    outer loop
      vertex   -4.125000e+01 6.698730e-02 8.312500e+00
      vertex   -4.130866e+01 3.806023e-02 1.069134e+01
      vertex   -4.137059e+01 1.703709e-02 8.312500e+00
    endloop
  endfacet
  facet normal 3.826834e-01 -9.238795e-01 2.334783e-17
    outer loop
      vertex   -4.125000e+01 6.698730e-02 8.312500e+00
      vertex   -4.137059e+01 1.703709e-02 8.312500e+00
      vertex   -4.137059e+01 1.703709e-02 5.625000e+00
    endloop
  endfacet
  facet normal 2.270763e-01 -9.738770e-01 2.514467e-17
    outer loop
      vertex   -4.137059e+01 1.703709e-02 5.625000e+00
      vertex   -4.137059e+01 1.703709e-02 8.312500e+00
      vertex   -4.140245e+01 9.607360e-03 1.059755e+01
    endloop
  endfacet
  facet normal 2.894384e-01 -9.571962e-01 9.238611e-04
    outer loop
      vertex   -4.130866e+01 3.806023e-02 1.069134e+01
      vertex   -4.140245e+01 9.607360e-03 1.059755e+01
      vertex   -4.137059e+01 1.703709e-02 8.312500e+00
    endloop
  endfacet
  facet normal 3.826834e-01 -9.238795e-01 -4.770755e-17
    outer loop
      vertex   -4.125000e+01 6.698730e-02 -5.125000e+00
      vertex   -4.137059e+01 1.703709e-02 -7.812500e+00
      vertex   -4.125000e+01 6.698730e-02 -7.812500e+00
    endloop
  endfacet
  facet normal 1.305262e-01 -9.914449e-01 5.119651e-17
    outer loop
      vertex   -4.137059e+01 1.703709e-02 -5.125000e+00
      vertex   -4.137059e+01 1.703709e-02 -2.437500e+00
      vertex   -4.150000e+01 0.000000e+00 -1.050000e+01
    endloop
  endfacet
  facet normal 1.305262e-01 -9.914449e-01 -4.139669e-19
    outer loop
      vertex   -4.150000e+01 0.000000e+00 -1.050000e+01
      vertex   -4.137059e+01 1.703709e-02 -2.437500e+00
      vertex   -4.137059e+01 1.703709e-02 2.500000e-01
    endloop
  endfacet
  facet normal 1.305262e-01 -9.914449e-01 5.078254e-17
    outer loop
      vertex   -4.150000e+01 0.000000e+00 -1.050000e+01
      vertex   -4.137059e+01 1.703709e-02 2.500000e-01
      vertex   -4.137059e+01 1.703709e-02 2.937500e+00
    endloop
  endfacet
  facet normal 3.826834e-01 -9.238795e-01 4.770755e-17
    outer loop
      vertex   -4.137059e+01 1.703709e-02 2.937500e+00
      vertex   -4.137059e+01 1.703709e-02 2.500000e-01
      vertex   -4.125000e+01 6.698730e-02 2.937500e+00
    endloop
  endfacet
  facet normal 3.826834e-01 -9.238795e-01 -2.464795e-17
    outer loop
      vertex   -4.137059e+01 1.703709e-02 2.937500e+00
      vertex   -4.125000e+01 6.698730e-02 2.937500e+00
      vertex   -4.125000e+01 6.698730e-02 5.625000e+00
    endloop
  endfacet
  facet normal 6.087614e-01 -7.933533e-01 -2.048370e-17
    outer loop
      vertex   -4.125000e+01 6.698730e-02 5.625000e+00
      vertex   -4.125000e+01 6.698730e-02 2.937500e+00
      vertex   -4.114645e+01 1.464466e-01 5.625000e+00
    endloop
  endfacet
  facet normal 6.087614e-01 -7.933533e-01 -2.323143e-18
    outer loop
      vertex   -4.125000e+01 6.698730e-02 5.625000e+00
      vertex   -4.114645e+01 1.464466e-01 5.625000e+00
      vertex   -4.114645e+01 1.464466e-01 8.312500e+00
    endloop
  endfacet
  facet normal 7.933533e-01 -6.087614e-01 0.000000e+00
    outer loop
      vertex   -4.114645e+01 1.464466e-01 8.312500e+00
      vertex   -4.114645e+01 1.464466e-01 5.625000e+00
      vertex   -4.106699e+01 2.500000e-01 8.312500e+00
    endloop
  endfacet
  facet normal 3.826834e-01 -9.238795e-01 4.770755e-17
    outer loop
      vertex   -4.137059e+01 1.703709e-02 -5.125000e+00
      vertex   -4.125000e+01 6.698730e-02 -2.437500e+00
      vertex   -4.137059e+01 1.703709e-02 -2.437500e+00
    endloop
  endfacet
  facet normal 3.826834e-01 -9.238795e-01 -4.806184e-17
    outer loop
      vertex   -4.137059e+01 1.703709e-02 -2.437500e+00
      vertex   -4.125000e+01 6.698730e-02 -2.437500e+00
      vertex   -4.125000e+01 6.698730e-02 2.500000e-01
    endloop
  endfacet
  facet normal 3.826834e-01 -9.238795e-01 0.000000e+00
    outer loop
      vertex   -4.137059e+01 1.703709e-02 -2.437500e+00
      vertex   -4.125000e+01 6.698730e-02 2.500000e-01
      vertex   -4.137059e+01 1.703709e-02 2.500000e-01
    endloop
  endfacet
  facet normal 3.826834e-01 -9.238795e-01 -9.649751e-17
    outer loop
      vertex   -4.137059e+01 1.703709e-02 2.500000e-01
      vertex   -4.125000e+01 6.698730e-02 2.500000e-01
      vertex   -4.125000e+01 6.698730e-02 2.937500e+00
    endloop
  endfacet
  facet normal 6.087614e-01 -7.933533e-01 -4.096740e-17
    outer loop
      vertex   -4.125000e+01 6.698730e-02 -5.125000e+00
      vertex   -4.125000e+01 6.698730e-02 -7.812500e+00
      vertex   -4.114645e+01 1.464466e-01 -5.125000e+00
    endloop
  endfacet
  facet normal 6.087614e-01 -7.933533e-01 0.000000e+00
    outer loop
      vertex   -4.114645e+01 1.464466e-01 -5.125000e+00
      vertex   -4.125000e+01 6.698730e-02 -7.812500e+00
      vertex   -4.114645e+01 1.464466e-01 -7.812500e+00
    endloop
  endfacet
  facet normal 7.933533e-01 -6.087614e-01 0.000000e+00
    outer loop
      vertex   -4.114645e+01 1.464466e-01 -5.125000e+00
      vertex   -4.114645e+01 1.464466e-01 -7.812500e+00
      vertex   -4.106699e+01 2.500000e-01 -5.125000e+00
    endloop
  endfacet
  facet normal 6.087614e-01 -7.933533e-01 -4.096740e-17
    outer loop
      vertex   -4.125000e+01 6.698730e-02 -2.437500e+00
      vertex   -4.114645e+01 1.464466e-01 2.500000e-01
      vertex   -4.125000e+01 6.698730e-02 2.500000e-01
    endloop
  endfacet
  facet normal 6.087614e-01 -7.933533e-01 -8.923880e-19
    outer loop
      vertex   -4.125000e+01 6.698730e-02 2.500000e-01
      vertex   -4.114645e+01 1.464466e-01 2.500000e-01
      vertex   -4.114645e+01 1.464466e-01 2.937500e+00
    endloop
  endfacet
  facet normal 6.087614e-01 -7.933533e-01 -8.193480e-17
    outer loop
      vertex   -4.125000e+01 6.698730e-02 2.500000e-01
      vertex   -4.114645e+01 1.464466e-01 2.937500e+00
      vertex   -4.125000e+01 6.698730e-02 2.937500e+00
    endloop
  endfacet
  facet normal 6.087614e-01 -7.933533e-01 1.919170e-18
    outer loop
      vertex   -4.125000e+01 6.698730e-02 2.937500e+00
      vertex   -4.114645e+01 1.464466e-01 2.937500e+00
      vertex   -4.114645e+01 1.464466e-01 5.625000e+00
    endloop
  endfacet
  facet normal 6.087614e-01 -7.933533e-01 -1.645221e-19
    outer loop
      vertex   -4.125000e+01 6.698730e-02 -5.125000e+00
      vertex   -4.114645e+01 1.464466e-01 -5.125000e+00
      vertex   -4.114645e+01 1.464466e-01 -2.437500e+00
    endloop
  endfacet
  facet normal 7.933533e-01 -6.087614e-01 0.000000e+00
    outer loop
      vertex   -4.114645e+01 1.464466e-01 -2.437500e+00
      vertex   -4.114645e+01 1.464466e-01 -5.125000e+00
      vertex   -4.106699e+01 2.500000e-01 -2.437500e+00
    endloop
  endfacet
  facet normal 7.933533e-01 -6.087614e-01 2.453717e-17
    outer loop
      vertex   -4.114645e+01 1.464466e-01 -2.437500e+00
      vertex   -4.106699e+01 2.500000e-01 -2.437500e+00
      vertex   -4.106699e+01 2.500000e-01 2.500000e-01
    endloop
  endfacet
  facet normal 9.238795e-01 -3.826834e-01 1.580889e-17
    outer loop
      vertex   -4.106699e+01 2.500000e-01 2.500000e-01
      vertex   -4.106699e+01 2.500000e-01 -2.437500e+00
      vertex   -4.101704e+01 3.705905e-01 2.500000e-01
    endloop
  endfacet
  facet normal 9.238795e-01 -3.826834e-01 6.787970e-18
    outer loop
      vertex   -4.106699e+01 2.500000e-01 2.500000e-01
      vertex   -4.101704e+01 3.705905e-01 2.500000e-01
      vertex   -4.101704e+01 3.705905e-01 2.937500e+00
    endloop
  endfacet
  facet normal 9.914449e-01 -1.305262e-01 2.696059e-18
    outer loop
      vertex   -4.101704e+01 3.705905e-01 2.937500e+00
      vertex   -4.101704e+01 3.705905e-01 2.500000e-01
      vertex   -4.100000e+01 5.000000e-01 1.100000e+01
    endloop
  endfacet
  facet normal 7.933533e-01 -6.087614e-01 3.772247e-17
    outer loop
      vertex   -4.106699e+01 2.500000e-01 -2.437500e+00
      vertex   -4.114645e+01 1.464466e-01 -5.125000e+00
      vertex   -4.106699e+01 2.500000e-01 -5.125000e+00
    endloop
  endfacet
  facet normal 7.933533e-01 -6.087614e-01 0.000000e+00
    outer loop
      vertex   -4.114645e+01 1.464466e-01 2.500000e-01
      vertex   -4.106699e+01 2.500000e-01 2.937500e+00
      vertex   -4.114645e+01 1.464466e-01 2.937500e+00
    endloop
  endfacet
  facet normal 7.933533e-01 -6.087614e-01 3.795593e-17
    outer loop
      vertex   -4.114645e+01 1.464466e-01 2.937500e+00
      vertex   -4.106699e+01 2.500000e-01 2.937500e+00
      vertex   -4.106699e+01 2.500000e-01 5.625000e+00
    endloop
  endfacet
  facet normal 7.933533e-01 -6.087614e-01 0.000000e+00
    outer loop
      vertex   -4.114645e+01 1.464466e-01 2.937500e+00
      vertex   -4.106699e+01 2.500000e-01 5.625000e+00
      vertex   -4.114645e+01 1.464466e-01 5.625000e+00
    endloop
  endfacet
  facet normal 7.933533e-01 -6.087614e-01 4.240385e-17
    outer loop
      vertex   -4.114645e+01 1.464466e-01 5.625000e+00
      vertex   -4.106699e+01 2.500000e-01 5.625000e+00
      vertex   -4.106699e+01 2.500000e-01 8.312500e+00
    endloop
  endfacet
  facet normal 9.238795e-01 -3.826834e-01 1.580889e-17
    outer loop
      vertex   -4.101704e+01 3.705905e-01 -5.125000e+00
      vertex   -4.106699e+01 2.500000e-01 -7.812500e+00
      vertex   -4.101704e+01 3.705905e-01 -7.812500e+00
    endloop
  endfacet
  facet normal 9.238795e-01 -3.826834e-01 1.580889e-17
    outer loop
      vertex   -4.101704e+01 3.705905e-01 2.500000e-01
      vertex   -4.106699e+01 2.500000e-01 -2.437500e+00
      vertex   -4.101704e+01 3.705905e-01 -2.437500e+00
    endloop
  endfacet
  facet normal 9.238795e-01 -3.826834e-01 2.259686e-17
    outer loop
      vertex   -4.101704e+01 3.705905e-01 -2.437500e+00
      vertex   -4.106699e+01 2.500000e-01 -2.437500e+00
      vertex   -4.106699e+01 2.500000e-01 -5.125000e+00
    endloop
  endfacet
  facet normal 9.238795e-01 -3.826834e-01 2.656878e-17
    outer loop
      vertex   -4.101704e+01 3.705905e-01 8.312500e+00
      vertex   -4.106699e+01 2.500000e-01 8.312500e+00
      vertex   -4.106699e+01 2.500000e-01 5.625000e+00
    endloop
  endfacet
  facet normal 9.238795e-01 -3.826834e-01 1.580889e-17
    outer loop
      vertex   -4.101704e+01 3.705905e-01 8.312500e+00
      vertex   -4.106699e+01 2.500000e-01 5.625000e+00
      vertex   -4.101704e+01 3.705905e-01 5.625000e+00
    endloop
  endfacet
  facet normal 9.238795e-01 -3.826834e-01 2.458282e-17
    outer loop
      vertex   -4.101704e+01 3.705905e-01 5.625000e+00
      vertex   -4.106699e+01 2.500000e-01 5.625000e+00
      vertex   -4.106699e+01 2.500000e-01 2.937500e+00
    endloop
  endfacet
  facet normal 9.914449e-01 -1.305262e-01 5.340672e-18
    outer loop
      vertex   -4.100000e+01 5.000000e-01 -1.050000e+01
      vertex   -4.101704e+01 3.705905e-01 -5.125000e+00
      vertex   -4.101704e+01 3.705905e-01 -7.812500e+00
    endloop
  endfacet
  facet normal -1.000000e+00 0.000000e+00 0.000000e+00
    outer loop
      vertex   -8.900000e+01 5.000000e-01 -1.050000e+01
      vertex   -8.900000e+01 5.000000e-01 1.100000e+01
      vertex   -8.900000e+01 1.000000e+00 -1.050000e+01
    endloop
  endfacet
  facet normal -1.000000e+00 0.000000e+00 0.000000e+00
    outer loop
      vertex   -8.900000e+01 1.000000e+00 -1.050000e+01
      vertex   -8.900000e+01 5.000000e-01 1.100000e+01
      vertex   -8.900000e+01 1.000000e+00 1.100000e+01
    endloop
  endfacet
  facet normal 0.000000e+00 0.000000e+00 1.000000e+00
    outer loop
      vertex   -8.900000e+01 5.000000e-01 1.100000e+01
      vertex   -4.100000e+01 5.000000e-01 1.100000e+01
      vertex   -8.900000e+01 1.000000e+00 1.100000e+01
    endloop
  endfacet
  facet normal -0.000000e+00 0.000000e+00 1.000000e+00
    outer loop
      vertex   -8.900000e+01 1.000000e+00 1.100000e+01
      vertex   -4.100000e+01 5.000000e-01 1.100000e+01
      vertex   -4.100000e+01 1.000000e+00 1.100000e+01
    endloop
  endfacet
  facet normal 1.000000e+00 -0.000000e+00 0.000000e+00
    outer loop
      vertex   -4.100000e+01 5.000000e-01 1.100000e+01
      vertex   -4.100000e+01 5.000000e-01 -1.050000e+01
      vertex   -4.100000e+01 1.000000e+00 1.100000e+01
    endloop
  endfacet
  facet normal 1.000000e+00 0.000000e+00 0.000000e+00
    outer loop
      vertex   -4.100000e+01 1.000000e+00 1.100000e+01
      vertex   -4.100000e+01 5.000000e-01 -1.050000e+01
      vertex   -4.100000e+01 1.000000e+00 -1.050000e+01
    endloop
  endfacet
  facet normal 0.000000e+00 -1.000000e+00 0.000000e+00
    outer loop
      vertex   -8.850000e+01 0.000000e+00 -1.050000e+01
      vertex   -4.150000e+01 0.000000e+00 -1.050000e+01
      vertex   -8.850000e+01 0.000000e+00 1.050000e+01
    endloop
  endfacet
  facet normal 0.000000e+00 -1.000000e+00 0.000000e+00
    outer loop
      vertex   -8.850000e+01 0.000000e+00 1.050000e+01
      vertex   -4.150000e+01 0.000000e+00 -1.050000e+01
      vertex   -4.150000e+01 0.000000e+00 1.050000e+01
    endloop
  endfacet
  facet normal -9.914449e-01 0.000000e+00 -1.305262e-01
    outer loop
      vertex   -8.850000e+01 1.000000e+00 -1.000000e+01
      vertex   -8.850000e+01 3.000000e+00 -1.000000e+01
      vertex   -8.848296e+01 1.000000e+00 -1.012941e+01
    endloop
  endfacet
  facet normal -9.914449e-01 0.000000e+00 -1.305262e-01
    outer loop
      vertex   -8.848296e+01 1.000000e+00 -1.012941e+01
      vertex   -8.850000e+01 3.000000e+00 -1.000000e+01
      vertex   -8.848296e+01 3.000000e+00 -1.012941e+01
    endloop
  endfacet
  facet normal -9.238795e-01 0.000000e+00 -3.826834e-01
    outer loop
      vertex   -8.848296e+01 1.000000e+00 -1.012941e+01
      vertex   -8.848296e+01 3.000000e+00 -1.012941e+01
      vertex   -8.843301e+01 1.000000e+00 -1.025000e+01
    endloop
  endfacet
  facet normal -9.238795e-01 0.000000e+00 -3.826834e-01
    outer loop
      vertex   -8.843301e+01 1.000000e+00 -1.025000e+01
      vertex   -8.848296e+01 3.000000e+00 -1.012941e+01
      vertex   -8.843301e+01 3.000000e+00 -1.025000e+01
    endloop
  endfacet
  facet normal -7.933533e-01 0.000000e+00 -6.087614e-01
    outer loop
      vertex   -8.843301e+01 1.000000e+00 -1.025000e+01
      vertex   -8.843301e+01 3.000000e+00 -1.025000e+01
      vertex   -8.835355e+01 1.000000e+00 -1.035355e+01
    endloop
  endfacet
  facet normal -7.933533e-01 0.000000e+00 -6.087614e-01
    outer loop
      vertex   -8.835355e+01 1.000000e+00 -1.035355e+01
      vertex   -8.843301e+01 3.000000e+00 -1.025000e+01
      vertex   -8.835355e+01 3.000000e+00 -1.035355e+01
    endloop
  endfacet
  facet normal -6.087614e-01 0.000000e+00 -7.933533e-01
    outer loop
      vertex   -8.835355e+01 1.000000e+00 -1.035355e+01
      vertex   -8.835355e+01 3.000000e+00 -1.035355e+01
      vertex   -8.825000e+01 1.000000e+00 -1.043301e+01
    endloop
  endfacet
  facet normal -6.087614e-01 0.000000e+00 -7.933533e-01
    outer loop
      vertex   -8.825000e+01 1.000000e+00 -1.043301e+01
      vertex   -8.835355e+01 3.000000e+00 -1.035355e+01
      vertex   -8.825000e+01 3.000000e+00 -1.043301e+01
    endloop
  endfacet
  facet normal -3.826834e-01 0.000000e+00 -9.238795e-01
    outer loop
      vertex   -8.825000e+01 1.000000e+00 -1.043301e+01
      vertex   -8.825000e+01 3.000000e+00 -1.043301e+01
      vertex   -8.812941e+01 1.000000e+00 -1.048296e+01
    endloop
  endfacet
  facet normal -3.826834e-01 0.000000e+00 -9.238795e-01
    outer loop
      vertex   -8.812941e+01 1.000000e+00 -1.048296e+01
      vertex   -8.825000e+01 3.000000e+00 -1.043301e+01
      vertex   -8.812941e+01 3.000000e+00 -1.048296e+01
    endloop
  endfacet
  facet normal -1.305262e-01 0.000000e+00 -9.914449e-01
    outer loop
      vertex   -8.812941e+01 1.000000e+00 -1.048296e+01
      vertex   -8.812941e+01 3.000000e+00 -1.048296e+01
      vertex   -8.800000e+01 1.000000e+00 -1.050000e+01
    endloop
  endfacet
  facet normal -1.305262e-01 0.000000e+00 -9.914449e-01
    outer loop
      vertex   -8.800000e+01 1.000000e+00 -1.050000e+01
      vertex   -8.812941e+01 3.000000e+00 -1.048296e+01
      vertex   -8.800000e+01 3.000000e+00 -1.050000e+01
    endloop
  endfacet
  facet normal -0.000000e+00 0.000000e+00 1.000000e+00
    outer loop
      vertex   -4.200000e+01 3.000000e+00 -4.600000e+00
      vertex   -4.200000e+01 1.000000e+00 -4.600000e+00
      vertex   -4.150000e+01 3.000000e+00 -4.600000e+00
    endloop
  endfacet
  facet normal 0.000000e+00 0.000000e+00 1.000000e+00
    outer loop
      vertex   -4.150000e+01 3.000000e+00 -4.600000e+00
      vertex   -4.200000e+01 1.000000e+00 -4.600000e+00
      vertex   -4.150000e+01 1.000000e+00 -4.600000e+00
    endloop
  endfacet
  facet normal 0.000000e+00 -4.440892e-16 -1.000000e+00
    outer loop
      vertex   -4.200000e+01 1.000000e+00 4.600000e+00
      vertex   -4.200000e+01 3.000000e+00 4.600000e+00
      vertex   -4.150000e+01 1.000000e+00 4.600000e+00
    endloop
  endfacet
  facet normal 0.000000e+00 -4.440892e-16 -1.000000e+00
    outer loop
      vertex   -4.150000e+01 1.000000e+00 4.600000e+00
      vertex   -4.200000e+01 3.000000e+00 4.600000e+00
      vertex   -4.150000e+01 3.000000e+00 4.600000e+00
    endloop
  endfacet
  facet normal 1.000000e+00 0.000000e+00 -0.000000e+00
    outer loop
      vertex   -4.150000e+01 3.000000e+00 -1.000000e+01
      vertex   -4.150000e+01 3.000000e+00 -4.600000e+00
      vertex   -4.150000e+01 1.000000e+00 -1.000000e+01
    endloop
  endfacet
  facet normal 1.000000e+00 0.000000e+00 0.000000e+00
    outer loop
      vertex   -4.150000e+01 1.000000e+00 -1.000000e+01
      vertex   -4.150000e+01 3.000000e+00 -4.600000e+00
      vertex   -4.150000e+01 1.000000e+00 -4.600000e+00
    endloop
  endfacet
  facet normal 1.000000e+00 -0.000000e+00 0.000000e+00
    outer loop
      vertex   -4.150000e+01 1.000000e+00 1.000000e+01
      vertex   -4.150000e+01 1.000000e+00 4.600000e+00
      vertex   -4.150000e+01 3.000000e+00 1.000000e+01
    endloop
  endfacet
  facet normal 1.000000e+00 0.000000e+00 0.000000e+00
    outer loop
      vertex   -4.150000e+01 3.000000e+00 1.000000e+01
      vertex   -4.150000e+01 1.000000e+00 4.600000e+00
      vertex   -4.150000e+01 3.000000e+00 4.600000e+00
    endloop
  endfacet
  facet normal 1.000000e+00 0.000000e+00 -0.000000e+00
    outer loop
      vertex   -8.800000e+01 3.000000e+00 -9.500000e+00
      vertex   -8.800000e+01 3.000000e+00 9.500000e+00
      vertex   -8.800000e+01 5.000000e-01 -9.500000e+00
    endloop
  endfacet
  facet normal 1.000000e+00 0.000000e+00 0.000000e+00
    outer loop
      vertex   -8.800000e+01 5.000000e-01 -9.500000e+00
      vertex   -8.800000e+01 3.000000e+00 9.500000e+00
      vertex   -8.800000e+01 5.000000e-01 9.500000e+00
    endloop
  endfacet
  facet normal -1.000000e+00 -0.000000e+00 -0.000000e+00
    outer loop
      vertex   -8.850000e+01 3.000000e+00 1.000000e+01
      vertex   -8.850000e+01 3.000000e+00 -1.000000e+01
      vertex   -8.850000e+01 1.000000e+00 1.000000e+01
    endloop
  endfacet
  facet normal -1.000000e+00 0.000000e+00 0.000000e+00
    outer loop
      vertex   -8.850000e+01 1.000000e+00 1.000000e+01
      vertex   -8.850000e+01 3.000000e+00 -1.000000e+01
      vertex   -8.850000e+01 1.000000e+00 -1.000000e+01
    endloop
  endfacet
  facet normal 0.000000e+00 0.000000e+00 -1.000000e+00
    outer loop
      vertex   -8.850000e+01 1.000000e+00 -1.100000e+01
      vertex   -4.150000e+01 1.000000e+00 -1.100000e+01
      vertex   -8.850000e+01 5.000000e-01 -1.100000e+01
    endloop
  endfacet
  facet normal 0.000000e+00 0.000000e+00 -1.000000e+00
    outer loop
      vertex   -8.850000e+01 5.000000e-01 -1.100000e+01
      vertex   -4.150000e+01 1.000000e+00 -1.100000e+01
      vertex   -4.150000e+01 5.000000e-01 -1.100000e+01
    endloop
  endfacet
  facet normal -0.000000e+00 1.000000e+00 -0.000000e+00
    outer loop
      vertex   -8.862941e+01 1.000000e+00 -1.098296e+01
      vertex   -8.875000e+01 1.000000e+00 -1.093301e+01
      vertex   -8.850000e+01 1.000000e+00 -1.100000e+01
    endloop
  endfacet
  facet normal 0.000000e+00 1.000000e+00 -0.000000e+00
    outer loop
      vertex   -8.850000e+01 1.000000e+00 -1.100000e+01
      vertex   -8.875000e+01 1.000000e+00 -1.093301e+01
      vertex   -8.812941e+01 1.000000e+00 -1.048296e+01
    endloop
  endfacet
  facet normal 0.000000e+00 1.000000e+00 0.000000e+00
    outer loop
      vertex   -8.850000e+01 1.000000e+00 -1.100000e+01
      vertex   -8.812941e+01 1.000000e+00 -1.048296e+01
      vertex   -8.800000e+01 1.000000e+00 -1.050000e+01
    endloop
  endfacet
  facet normal 0.000000e+00 1.000000e+00 -0.000000e+00
    outer loop
      vertex   -8.875000e+01 1.000000e+00 -1.093301e+01
      vertex   -8.885355e+01 1.000000e+00 -1.085355e+01
      vertex   -8.812941e+01 1.000000e+00 -1.048296e+01
    endloop
  endfacet
  facet normal 0.000000e+00 1.000000e+00 0.000000e+00
    outer loop
      vertex   -8.812941e+01 1.000000e+00 -1.048296e+01
      vertex   -8.885355e+01 1.000000e+00 -1.085355e+01
      vertex   -8.893301e+01 1.000000e+00 -1.075000e+01
    endloop
  endfacet
  facet normal 0.000000e+00 1.000000e+00 0.000000e+00
    outer loop
      vertex   -8.812941e+01 1.000000e+00 -1.048296e+01
      vertex   -8.893301e+01 1.000000e+00 -1.075000e+01
      vertex   -8.898296e+01 1.000000e+00 -1.062941e+01
    endloop
  endfacet
  facet normal 0.000000e+00 1.000000e+00 0.000000e+00
    outer loop
      vertex   -8.812941e+01 1.000000e+00 -1.048296e+01
      vertex   -8.898296e+01 1.000000e+00 -1.062941e+01
      vertex   -8.825000e+01 1.000000e+00 -1.043301e+01
    endloop
  endfacet
  facet normal 0.000000e+00 1.000000e+00 0.000000e+00
    outer loop
      vertex   -8.825000e+01 1.000000e+00 -1.043301e+01
      vertex   -8.898296e+01 1.000000e+00 -1.062941e+01
      vertex   -8.900000e+01 1.000000e+00 -1.050000e+01
    endloop
  endfacet
  facet normal 0.000000e+00 1.000000e+00 0.000000e+00
    outer loop
      vertex   -8.825000e+01 1.000000e+00 -1.043301e+01
      vertex   -8.900000e+01 1.000000e+00 -1.050000e+01
      vertex   -8.835355e+01 1.000000e+00 -1.035355e+01
    endloop
  endfacet
  facet normal 0.000000e+00 1.000000e+00 0.000000e+00
    outer loop
      vertex   -8.835355e+01 1.000000e+00 -1.035355e+01
      vertex   -8.900000e+01 1.000000e+00 -1.050000e+01
      vertex   -8.843301e+01 1.000000e+00 -1.025000e+01
    endloop
  endfacet
  facet normal 0.000000e+00 1.000000e+00 0.000000e+00
    outer loop
      vertex   -8.843301e+01 1.000000e+00 -1.025000e+01
      vertex   -8.900000e+01 1.000000e+00 -1.050000e+01
      vertex   -8.848296e+01 1.000000e+00 -1.012941e+01
    endloop
  endfacet
  facet normal 0.000000e+00 1.000000e+00 0.000000e+00
    outer loop
      vertex   -8.848296e+01 1.000000e+00 -1.012941e+01
      vertex   -8.900000e+01 1.000000e+00 -1.050000e+01
      vertex   -8.850000e+01 1.000000e+00 -1.000000e+01
    endloop
  endfacet
  facet normal 0.000000e+00 1.000000e+00 -0.000000e+00
    outer loop
      vertex   -8.850000e+01 1.000000e+00 -1.000000e+01
      vertex   -8.900000e+01 1.000000e+00 -1.050000e+01
      vertex   -8.850000e+01 1.000000e+00 1.000000e+01
    endloop
  endfacet
  facet normal 0.000000e+00 1.000000e+00 0.000000e+00
    outer loop
      vertex   -8.850000e+01 1.000000e+00 1.000000e+01
      vertex   -8.900000e+01 1.000000e+00 -1.050000e+01
      vertex   -8.900000e+01 1.000000e+00 1.100000e+01
    endloop
  endfacet
  facet normal 0.000000e+00 1.000000e+00 -0.000000e+00
    outer loop
      vertex   -8.850000e+01 1.000000e+00 1.000000e+01
      vertex   -8.900000e+01 1.000000e+00 1.100000e+01
      vertex   -8.848296e+01 1.000000e+00 1.012941e+01
    endloop
  endfacet
  facet normal 0.000000e+00 1.000000e+00 -0.000000e+00
    outer loop
      vertex   -8.848296e+01 1.000000e+00 1.012941e+01
      vertex   -8.900000e+01 1.000000e+00 1.100000e+01
      vertex   -8.843301e+01 1.000000e+00 1.025000e+01
    endloop
  endfacet
  facet normal 0.000000e+00 1.000000e+00 -0.000000e+00
    outer loop
      vertex   -8.843301e+01 1.000000e+00 1.025000e+01
      vertex   -8.900000e+01 1.000000e+00 1.100000e+01
      vertex   -8.835355e+01 1.000000e+00 1.035355e+01
    endloop
  endfacet
  facet normal 0.000000e+00 1.000000e+00 -0.000000e+00
    outer loop
      vertex   -8.835355e+01 1.000000e+00 1.035355e+01
      vertex   -8.900000e+01 1.000000e+00 1.100000e+01
      vertex   -8.825000e+01 1.000000e+00 1.043301e+01
    endloop
  endfacet
  facet normal 0.000000e+00 1.000000e+00 -0.000000e+00
    outer loop
      vertex   -8.825000e+01 1.000000e+00 1.043301e+01
      vertex   -8.900000e+01 1.000000e+00 1.100000e+01
      vertex   -8.812941e+01 1.000000e+00 1.048296e+01
    endloop
  endfacet
  facet normal 0.000000e+00 1.000000e+00 -0.000000e+00
    outer loop
      vertex   -8.812941e+01 1.000000e+00 1.048296e+01
      vertex   -8.900000e+01 1.000000e+00 1.100000e+01
      vertex   -8.800000e+01 1.000000e+00 1.050000e+01
    endloop
  endfacet
  facet normal 0.000000e+00 1.000000e+00 -0.000000e+00
    outer loop
      vertex   -8.800000e+01 1.000000e+00 1.050000e+01
      vertex   -8.900000e+01 1.000000e+00 1.100000e+01
      vertex   -4.200000e+01 1.000000e+00 1.050000e+01
    endloop
  endfacet
  facet normal 0.000000e+00 1.000000e+00 -0.000000e+00
    outer loop
      vertex   -4.200000e+01 1.000000e+00 1.050000e+01
      vertex   -8.900000e+01 1.000000e+00 1.100000e+01
      vertex   -4.100000e+01 1.000000e+00 1.100000e+01
    endloop
  endfacet
  facet normal -0.000000e+00 1.000000e+00 0.000000e+00
    outer loop
      vertex   -4.200000e+01 1.000000e+00 1.050000e+01
      vertex   -4.100000e+01 1.000000e+00 1.100000e+01
      vertex   -4.187059e+01 1.000000e+00 1.048296e+01
    endloop
  endfacet
  facet normal -0.000000e+00 1.000000e+00 0.000000e+00
    outer loop
      vertex   -4.187059e+01 1.000000e+00 1.048296e+01
      vertex   -4.100000e+01 1.000000e+00 1.100000e+01
      vertex   -4.175000e+01 1.000000e+00 1.043301e+01
    endloop
  endfacet
  facet normal -0.000000e+00 1.000000e+00 0.000000e+00
    outer loop
      vertex   -4.175000e+01 1.000000e+00 1.043301e+01
      vertex   -4.100000e+01 1.000000e+00 1.100000e+01
      vertex   -4.164645e+01 1.000000e+00 1.035355e+01
    endloop
  endfacet
  facet normal -0.000000e+00 1.000000e+00 0.000000e+00
    outer loop
      vertex   -4.164645e+01 1.000000e+00 1.035355e+01
      vertex   -4.100000e+01 1.000000e+00 1.100000e+01
      vertex   -4.156699e+01 1.000000e+00 1.025000e+01
    endloop
  endfacet
  facet normal -0.000000e+00 1.000000e+00 0.000000e+00
    outer loop
      vertex   -4.156699e+01 1.000000e+00 1.025000e+01
      vertex   -4.100000e+01 1.000000e+00 1.100000e+01
      vertex   -4.151704e+01 1.000000e+00 1.012941e+01
    endloop
  endfacet
  facet normal -0.000000e+00 1.000000e+00 0.000000e+00
    outer loop
      vertex   -4.151704e+01 1.000000e+00 1.012941e+01
      vertex   -4.100000e+01 1.000000e+00 1.100000e+01
      vertex   -4.150000e+01 1.000000e+00 1.000000e+01
    endloop
  endfacet
  facet normal -0.000000e+00 1.000000e+00 0.000000e+00
    outer loop
      vertex   -4.150000e+01 1.000000e+00 1.000000e+01
      vertex   -4.100000e+01 1.000000e+00 1.100000e+01
      vertex   -4.150000e+01 1.000000e+00 4.600000e+00
    endloop
  endfacet
  facet normal -0.000000e+00 1.000000e+00 0.000000e+00
    outer loop
      vertex   -4.150000e+01 1.000000e+00 4.600000e+00
      vertex   -4.100000e+01 1.000000e+00 1.100000e+01
      vertex   -4.100000e+01 1.000000e+00 -1.050000e+01
    endloop
  endfacet
  facet normal 0.000000e+00 1.000000e+00 0.000000e+00
    outer loop
      vertex   -4.150000e+01 1.000000e+00 4.600000e+00
      vertex   -4.100000e+01 1.000000e+00 -1.050000e+01
      vertex   -4.150000e+01 1.000000e+00 -4.600000e+00
    endloop
  endfacet
  facet normal 0.000000e+00 1.000000e+00 0.000000e+00
    outer loop
      vertex   -4.150000e+01 1.000000e+00 -4.600000e+00
      vertex   -4.100000e+01 1.000000e+00 -1.050000e+01
      vertex   -4.150000e+01 1.000000e+00 -1.000000e+01
    endloop
  endfacet
  facet normal 0.000000e+00 1.000000e+00 0.000000e+00
    outer loop
      vertex   -4.150000e+01 1.000000e+00 -1.000000e+01
      vertex   -4.100000e+01 1.000000e+00 -1.050000e+01
      vertex   -4.151704e+01 1.000000e+00 -1.012941e+01
    endloop
  endfacet
  facet normal 0.000000e+00 1.000000e+00 0.000000e+00
    outer loop
      vertex   -4.151704e+01 1.000000e+00 -1.012941e+01
      vertex   -4.100000e+01 1.000000e+00 -1.050000e+01
      vertex   -4.156699e+01 1.000000e+00 -1.025000e+01
    endloop
  endfacet
  facet normal 0.000000e+00 1.000000e+00 0.000000e+00
    outer loop
      vertex   -4.156699e+01 1.000000e+00 -1.025000e+01
      vertex   -4.100000e+01 1.000000e+00 -1.050000e+01
      vertex   -4.164645e+01 1.000000e+00 -1.035355e+01
    endloop
  endfacet
  facet normal 0.000000e+00 1.000000e+00 0.000000e+00
    outer loop
      vertex   -4.164645e+01 1.000000e+00 -1.035355e+01
      vertex   -4.100000e+01 1.000000e+00 -1.050000e+01
      vertex   -4.175000e+01 1.000000e+00 -1.043301e+01
    endloop
  endfacet
  facet normal 0.000000e+00 1.000000e+00 0.000000e+00
    outer loop
      vertex   -4.175000e+01 1.000000e+00 -1.043301e+01
      vertex   -4.100000e+01 1.000000e+00 -1.050000e+01
      vertex   -4.101704e+01 1.000000e+00 -1.062941e+01
    endloop
  endfacet
  facet normal 0.000000e+00 1.000000e+00 0.000000e+00
    outer loop
      vertex   -4.175000e+01 1.000000e+00 -1.043301e+01
      vertex   -4.101704e+01 1.000000e+00 -1.062941e+01
      vertex   -4.187059e+01 1.000000e+00 -1.048296e+01
    endloop
  endfacet
  facet normal 0.000000e+00 1.000000e+00 0.000000e+00
    outer loop
      vertex   -4.187059e+01 1.000000e+00 -1.048296e+01
      vertex   -4.101704e+01 1.000000e+00 -1.062941e+01
      vertex   -4.106699e+01 1.000000e+00 -1.075000e+01
    endloop
  endfacet
  facet normal 0.000000e+00 1.000000e+00 0.000000e+00
    outer loop
      vertex   -4.187059e+01 1.000000e+00 -1.048296e+01
      vertex   -4.106699e+01 1.000000e+00 -1.075000e+01
      vertex   -4.114645e+01 1.000000e+00 -1.085355e+01
    endloop
  endfacet
  facet normal 0.000000e+00 1.000000e+00 0.000000e+00
    outer loop
      vertex   -4.114645e+01 1.000000e+00 -1.085355e+01
      vertex   -4.125000e+01 1.000000e+00 -1.093301e+01
      vertex   -4.187059e+01 1.000000e+00 -1.048296e+01
    endloop
  endfacet
  facet normal 0.000000e+00 1.000000e+00 0.000000e+00
    outer loop
      vertex   -4.187059e+01 1.000000e+00 -1.048296e+01
      vertex   -4.125000e+01 1.000000e+00 -1.093301e+01
      vertex   -4.150000e+01 1.000000e+00 -1.100000e+01
    endloop
  endfacet
  facet normal 0.000000e+00 1.000000e+00 0.000000e+00
    outer loop
      vertex   -4.187059e+01 1.000000e+00 -1.048296e+01
      vertex   -4.150000e+01 1.000000e+00 -1.100000e+01
      vertex   -4.200000e+01 1.000000e+00 -1.050000e+01
    endloop
  endfacet
  facet normal 0.000000e+00 1.000000e+00 0.000000e+00
    outer loop
      vertex   -4.200000e+01 1.000000e+00 -1.050000e+01
      vertex   -4.150000e+01 1.000000e+00 -1.100000e+01
      vertex   -8.850000e+01 1.000000e+00 -1.100000e+01
    endloop
  endfacet
  facet normal 0.000000e+00 1.000000e+00 0.000000e+00
    outer loop
      vertex   -4.200000e+01 1.000000e+00 -1.050000e+01
      vertex   -8.850000e+01 1.000000e+00 -1.100000e+01
      vertex   -8.800000e+01 1.000000e+00 -1.050000e+01
    endloop
  endfacet
  facet normal 0.000000e+00 1.000000e+00 0.000000e+00
    outer loop
      vertex   -4.125000e+01 1.000000e+00 -1.093301e+01
      vertex   -4.137059e+01 1.000000e+00 -1.098296e+01
      vertex   -4.150000e+01 1.000000e+00 -1.100000e+01
    endloop
  endfacet
  facet normal 0.000000e+00 1.000000e+00 0.000000e+00
    outer loop
      vertex   -4.200000e+01 1.000000e+00 -4.600000e+00
      vertex   -4.200000e+01 1.000000e+00 4.600000e+00
      vertex   -4.150000e+01 1.000000e+00 -4.600000e+00
    endloop
  endfacet
  facet normal 0.000000e+00 1.000000e+00 -0.000000e+00
    outer loop
      vertex   -4.150000e+01 1.000000e+00 -4.600000e+00
      vertex   -4.200000e+01 1.000000e+00 4.600000e+00
      vertex   -4.150000e+01 1.000000e+00 4.600000e+00
    endloop
  endfacet
endsolid
